  0
SECTION
  2
HEADER
  9
$ACADVER
  1
AC1021
  9
$ACADMAINTVER
  70
50
  9
$DWGCODEPAGE
  3
ANSI_936
  9
$LASTSAVEDBY
  1
win10
  9
$INSBASE
  10
0
  20
0
  30
0
  9
$EXTMIN
  10
100000000000000000000
  20
100000000000000000000
  30
100000000000000000000
  9
$EXTMAX
  10
-100000000000000000000
  20
-100000000000000000000
  30
-100000000000000000000
  9
$LIMMIN
  10
0
  20
0
  9
$LIMMAX
  10
12
  20
9
  9
$ORTHOMODE
  70
0
  9
$REGENMODE
  70
1
  9
$FILLMODE
  70
1
  9
$QTEXTMODE
  70
0
  9
$MIRRTEXT
  70
0
  9
$LTSCALE
  40
1
  9
$ATTMODE
  70
1
  9
$TEXTSIZE
  40
0.2
  9
$TRACEWID
  40
0.05
  9
$TEXTSTYLE
  7
Standard
  9
$CLAYER
  8
0
  9
$CELTYPE
  6
ByLayer
  9
$CECOLOR
  62
256
  9
$CELTSCALE
  40
1
  9
$DISPSILH
  70
0
  9
$DIMSCALE
  40
1
  9
$DIMASZ
  40
0.18
  9
$DIMEXO
  40
0.0625
  9
$DIMDLI
  40
0.38
  9
$DIMRND
  40
0
  9
$DIMDLE
  40
0
  9
$DIMEXE
  40
0.18
  9
$DIMTP
  40
0
  9
$DIMTM
  40
0
  9
$DIMTXT
  40
0.18
  9
$DIMCEN
  40
0.09
  9
$DIMTSZ
  40
0
  9
$DIMTOL
  70
0
  9
$DIMLIM
  70
0
  9
$DIMTIH
  70
1
  9
$DIMTOH
  70
1
  9
$DIMSE1
  70
0
  9
$DIMSE2
  70
0
  9
$DIMTAD
  70
0
  9
$DIMZIN
  70
0
  9
$DIMBLK
  1

  9
$DIMASO
  70
1
  9
$DIMSHO
  70
1
  9
$DIMPOST
  1

  9
$DIMAPOST
  1

  9
$DIMALT
  70
0
  9
$DIMALTD
  70
2
  9
$DIMALTF
  40
25.4
  9
$DIMLFAC
  40
1
  9
$DIMTOFL
  70
0
  9
$DIMTVP
  40
0
  9
$DIMTIX
  70
0
  9
$DIMSOXD
  70
0
  9
$DIMSAH
  70
0
  9
$DIMBLK1
  1

  9
$DIMBLK2
  1

  9
$DIMSTYLE
  2
Standard
  9
$DIMCLRD
  70
0
  9
$DIMCLRE
  70
0
  9
$DIMCLRT
  70
0
  9
$DIMTFAC
  40
1
  9
$DIMGAP
  40
0.09
  9
$DIMJUST
  70
0
  9
$DIMSD1
  70
0
  9
$DIMSD2
  70
0
  9
$DIMTOLJ
  70
1
  9
$DIMTZIN
  70
0
  9
$DIMALTZ
  70
0
  9
$DIMALTTZ
  70
0
  9
$DIMUPT
  70
0
  9
$DIMDEC
  70
4
  9
$DIMTDEC
  70
4
  9
$DIMALTU
  70
2
  9
$DIMALTTD
  70
2
  9
$DIMTXSTY
  7
Standard
  9
$DIMAUNIT
  70
0
  9
$DIMADEC
  70
0
  9
$DIMALTRND
  40
0
  9
$DIMAZIN
  70
0
  9
$DIMDSEP
  70
46
  9
$DIMATFIT
  70
3
  9
$DIMFRAC
  70
0
  9
$DIMLDRBLK
  1

  9
$DIMLUNIT
  70
2
  9
$DIMLWD
  70
-2
  9
$DIMLWE
  70
-2
  9
$DIMTMOVE
  70
0
  9
$DIMFXL
  40
1
  9
$DIMFXLON
  70
0
  9
$DIMJOGANG
  40
0.7853981633974483
  9
$DIMTFILL
  70
0
  9
$DIMTFILLCLR
  70
0
  9
$DIMARCSYM
  70
0
  9
$DIMLTYPE
  6

  9
$DIMLTEX1
  6

  9
$DIMLTEX2
  6

  9
$LUNITS
  70
2
  9
$LUPREC
  70
4
  9
$SKETCHINC
  40
0.1
  9
$FILLETRAD
  40
0
  9
$AUNITS
  70
0
  9
$AUPREC
  70
0
  9
$MENU
  1
.
  9
$ELEVATION
  40
0
  9
$PELEVATION
  40
0
  9
$THICKNESS
  40
0
  9
$LIMCHECK
  70
0
  9
$CHAMFERA
  40
0
  9
$CHAMFERB
  40
0
  9
$CHAMFERC
  40
0
  9
$CHAMFERD
  40
0
  9
$SKPOLY
  70
0
  9
$TDCREATE
  40
2460560.605914352
  9
$TDUCREATE
  40
2460560.272581019
  9
$TDUPDATE
  40
2460560.629363426
  9
$TDUUPDATE
  40
2460560.296030092
  9
$TDINDWG
  40
0.0234490741
  9
$TDUSRTIMER
  40
0.0234490741
  9
$USRTIMER
  70
1
  9
$ANGBASE
  50
0
  9
$ANGDIR
  70
0
  9
$PDMODE
  70
0
  9
$PDSIZE
  40
0
  9
$PLINEWID
  40
0
  9
$SPLFRAME
  70
0
  9
$SPLINETYPE
  70
6
  9
$SPLINESEGS
  70
8
  9
$HANDSEED
  5
33E
  9
$SURFTAB1
  70
6
  9
$SURFTAB2
  70
6
  9
$SURFTYPE
  70
6
  9
$SURFU
  70
6
  9
$SURFV
  70
6
  9
$UCSBASE
  2

  9
$UCSNAME
  2

  9
$UCSORG
  10
0
  20
0
  30
0
  9
$UCSXDIR
  10
1
  20
0
  30
0
  9
$UCSYDIR
  10
0
  20
1
  30
0
  9
$UCSORTHOREF
  2

  9
$UCSORTHOVIEW
  70
0
  9
$UCSORGTOP
  10
0
  20
0
  30
0
  9
$UCSORGBOTTOM
  10
0
  20
0
  30
0
  9
$UCSORGLEFT
  10
0
  20
0
  30
0
  9
$UCSORGRIGHT
  10
0
  20
0
  30
0
  9
$UCSORGFRONT
  10
0
  20
0
  30
0
  9
$UCSORGBACK
  10
0
  20
0
  30
0
  9
$PUCSBASE
  2

  9
$PUCSNAME
  2

  9
$PUCSORG
  10
0
  20
0
  30
0
  9
$PUCSXDIR
  10
1
  20
0
  30
0
  9
$PUCSYDIR
  10
0
  20
1
  30
0
  9
$PUCSORTHOREF
  2

  9
$PUCSORTHOVIEW
  70
0
  9
$PUCSORGTOP
  10
0
  20
0
  30
0
  9
$PUCSORGBOTTOM
  10
0
  20
0
  30
0
  9
$PUCSORGLEFT
  10
0
  20
0
  30
0
  9
$PUCSORGRIGHT
  10
0
  20
0
  30
0
  9
$PUCSORGFRONT
  10
0
  20
0
  30
0
  9
$PUCSORGBACK
  10
0
  20
0
  30
0
  9
$USERI1
  70
0
  9
$USERI2
  70
0
  9
$USERI3
  70
0
  9
$USERI4
  70
0
  9
$USERI5
  70
0
  9
$USERR1
  40
0
  9
$USERR2
  40
0
  9
$USERR3
  40
0
  9
$USERR4
  40
0
  9
$USERR5
  40
0
  9
$WORLDVIEW
  70
1
  9
$SHADEDGE
  70
3
  9
$SHADEDIF
  70
70
  9
$TILEMODE
  70
1
  9
$MAXACTVP
  70
64
  9
$PINSBASE
  10
0
  20
0
  30
0
  9
$PLIMCHECK
  70
0
  9
$PEXTMIN
  10
0
  20
0
  30
0
  9
$PEXTMAX
  10
0
  20
0
  30
0
  9
$PLIMMIN
  10
0
  20
0
  9
$PLIMMAX
  10
12
  20
9
  9
$UNITMODE
  70
0
  9
$VISRETAIN
  70
1
  9
$PLINEGEN
  70
0
  9
$PSLTSCALE
  70
1
  9
$TREEDEPTH
  70
3020
  9
$CMLSTYLE
  2
Standard
  9
$CMLJUST
  70
0
  9
$CMLSCALE
  40
1
  9
$PROXYGRAPHICS
  70
1
  9
$MEASUREMENT
  70
0
  9
$CELWEIGHT
  370
-1
  9
$ENDCAPS
  280
0
  9
$JOINSTYLE
  280
0
  9
$LWDISPLAY
  290
0
  9
$INSUNITS
  70
4
  9
$HYPERLINKBASE
  1

  9
$STYLESHEET
  1

  9
$XEDIT
  290
0
  9
$CEPSNTYPE
  380
0
  9
$PSTYLEMODE
  290
0
  9
$FINGERPRINTGUID
  2
{FA9A02B2-7E04-C34E-BD13-02980AC2B394}
  9
$VERSIONGUID
  2
{964EB223-33A2-D549-8684-CDE005EE773C}
  9
$EXTNAMES
  290
0
  9
$PSVPSCALE
  40
0
  9
$OLESTARTUP
  290
0
  9
$SORTENTS
  280
127
  9
$INDEXCTL
  280
0
  9
$HIDETEXT
  280
1
  9
$XCLIPFRAME
  290
0
  9
$HALOGAP
  280
0
  9
$OBSCOLOR
  70
257
  9
$OBSLTYPE
  280
0
  9
$INTERSECTIONDISPLAY
  280
0
  9
$INTERSECTIONCOLOR
  70
257
  9
$DIMASSOC
  280
2
  9
$PROJECTNAME
  1

  9
$CAMERADISPLAY
  290
0
  9
$LENSLENGTH
  40
50
  9
$CAMERAHEIGHT
  40
60
  9
$STEPSPERSEC
  40
2
  9
$STEPSIZE
  40
6
  9
$3DDWFPREC
  40
2
  9
$PSOLWIDTH
  40
0.25
  9
$PSOLHEIGHT
  40
4
  9
$LOFTANG1
  40
1.570796326794896
  9
$LOFTANG2
  40
1.570796326794896
  9
$LOFTMAG1
  40
0
  9
$LOFTMAG2
  40
0
  9
$LOFTPARAM
  70
7
  9
$LOFTNORMALS
  280
1
  9
$LATITUDE
  40
37.795
  9
$LONGITUDE
  40
-122.394
  9
$NORTHDIRECTION
  40
0
  9
$TIMEZONE
  70
-8000
  9
$LIGHTGLYPHDISPLAY
  280
1
  9
$TILEMODELIGHTSYNCH
  280
1
  9
$CMATERIAL
  347
92
  9
$SOLIDHIST
  280
0
  9
$SHOWHIST
  280
1
  9
$DWFFRAME
  280
2
  9
$DGNFRAME
  280
0
  9
$REALWORLDSCALE
  290
0
  9
$INTERFERECOLOR
  62
1
  9
$INTERFEREOBJVS
  345
9F
  9
$INTERFEREVPVS
  346
9C
  9
$CSHADOW
  280
0
  9
$SHADOWPLANELOCATION
  40
0
  0
ENDSEC
  0
SECTION
  2
CLASSES
  0
CLASS
  1
ACDBDICTIONARYWDFLT
  2
AcDbDictionaryWithDefault
  3
ObjectDBX Classes
  90
0
  91
1
  280
0
  281
0
  0
CLASS
  1
DICTIONARYVAR
  2
AcDbDictionaryVar
  3
ObjectDBX Classes
  90
0
  91
15
  280
0
  281
0
  0
CLASS
  1
MATERIAL
  2
AcDbMaterial
  3
ObjectDBX Classes
  90
1153
  91
3
  280
0
  281
0
  0
CLASS
  1
VISUALSTYLE
  2
AcDbVisualStyle
  3
ObjectDBX Classes
  90
4095
  91
24
  280
0
  281
0
  0
CLASS
  1
TABLESTYLE
  2
AcDbTableStyle
  3
ObjectDBX Classes
  90
4095
  91
1
  280
0
  281
0
  0
CLASS
  1
SCALE
  2
AcDbScale
  3
ObjectDBX Classes
  90
1153
  91
33
  280
0
  281
0
  0
CLASS
  1
MLEADERSTYLE
  2
AcDbMLeaderStyle
  3
ACDB_MLEADERSTYLE_CLASS
  90
4095
  91
2
  280
0
  281
0
  0
CLASS
  1
CELLSTYLEMAP
  2
AcDbCellStyleMap
  3
ObjectDBX Classes
  90
1152
  91
4
  280
0
  281
0
  0
CLASS
  1
EXACXREFPANELOBJECT
  2
ExAcXREFPanelObject
  3
EXAC_ESW
  90
1025
  91
0
  280
0
  281
0
  0
CLASS
  1
NPOCOLLECTION
  2
AcDbImpNonPersistentObjectsCollection
  3
ObjectDBX Classes
  90
1153
  91
0
  280
0
  281
0
  0
CLASS
  1
LAYER_INDEX
  2
AcDbLayerIndex
  3
ObjectDBX Classes
  90
0
  91
0
  280
0
  281
0
  0
CLASS
  1
SPATIAL_INDEX
  2
AcDbSpatialIndex
  3
ObjectDBX Classes
  90
0
  91
0
  280
0
  281
0
  0
CLASS
  1
IDBUFFER
  2
AcDbIdBuffer
  3
ObjectDBX Classes
  90
0
  91
0
  280
0
  281
0
  0
CLASS
  1
ACDBSECTIONVIEWSTYLE
  2
AcDbSectionViewStyle
  3
ObjectDBX Classes
  90
1025
  91
1
  280
0
  281
0
  0
CLASS
  1
ACDBDETAILVIEWSTYLE
  2
AcDbDetailViewStyle
  3
ObjectDBX Classes
  90
1025
  91
1
  280
0
  281
0
  0
ENDSEC
  0
SECTION
  2
TABLES
  0
TABLE
  2
VPORT
  5
8
  330
0
  100
AcDbSymbolTable
  70
1
  0
VPORT
  5
90
  330
8
  100
AcDbSymbolTableRecord
  100
AcDbViewportTableRecord
  2
*Active
  70
0
  10
0
  20
0
  11
1
  21
1
  12
97.5486911906951
  22
42.51345460271504
  13
0
  23
0
  14
0.5
  24
0.5
  15
0.5
  25
0.5
  16
0
  26
0
  36
1
  17
0
  27
0
  37
0
  40
78.45799938217576
  41
1.945409429280396
  42
50
  43
0
  44
0
  50
0
  51
0
  71
0
  72
1000
  73
1
  74
3
  75
0
  76
1
  77
0
  78
0
  281
0
  65
1
  110
0
  120
0
  130
0
  111
1
  121
0
  131
0
  112
0
  122
1
  132
0
  79
0
  146
0
  348
9B
  60
3
  61
5
  292
0
  282
1
  141
0
  142
0
  63
250
  421
3355443
  1001
ACAD_NAV_VCDISPLAY
  1070
3
  0
ENDTAB
  0
TABLE
  2
LTYPE
  5
5
  330
0
  100
AcDbSymbolTable
  70
1
  0
LTYPE
  5
14
  330
5
  100
AcDbSymbolTableRecord
  100
AcDbLinetypeTableRecord
  2
ByBlock
  70
0
  3

  72
65
  73
0
  40
0
  0
LTYPE
  5
15
  330
5
  100
AcDbSymbolTableRecord
  100
AcDbLinetypeTableRecord
  2
ByLayer
  70
0
  3

  72
65
  73
0
  40
0
  0
LTYPE
  5
16
  330
5
  100
AcDbSymbolTableRecord
  100
AcDbLinetypeTableRecord
  2
Continuous
  70
0
  3
Solid line
  72
65
  73
0
  40
0
  0
ENDTAB
  0
TABLE
  2
LAYER
  5
2
  102
{ACAD_XDICTIONARY
  360
18B
  102
}
  330
0
  100
AcDbSymbolTable
  70
1
  0
LAYER
  5
1024
  100
AcDbSymbolTableRecord
  100
AcDbLayerTableRecord
  2
Top-Paste-Mask-Layer
  70
0
  420
8421504
  6
Continuous
  370
-3
  390
F
  347
21
  0
LAYER
  5
1025
  100
AcDbSymbolTableRecord
  100
AcDbLayerTableRecord
  2
Board-Outline-Layer
  70
0
  420
16711935
  6
Continuous
  370
-3
  390
F
  347
21
  0
LAYER
  5
10
  102
{ACAD_XDICTIONARY
  360
E1
  102
}
  330
2
  100
AcDbSymbolTableRecord
  100
AcDbLayerTableRecord
  2
0
  70
0
  62
7
  6
Continuous
  370
-3
  390
F
  347
94
  0
ENDTAB
  0
TABLE
  2
STYLE
  5
3
  330
0
  100
AcDbSymbolTable
  70
2
  0
STYLE
  5
11
  330
3
  100
AcDbSymbolTableRecord
  100
AcDbTextStyleTableRecord
  2
Standard
  70
0
  40
0
  41
1
  50
0
  71
0
  42
0.2
  3
arial.ttf
  4

  1001
ACAD
  1000
Arial
  1071
34
  0
STYLE
  5
D7
  330
3
  100
AcDbSymbolTableRecord
  100
AcDbTextStyleTableRecord
  2
Annotative
  70
0
  40
0
  41
1
  50
0
  71
0
  42
0.2
  3
arial.ttf
  4

  1001
AcadAnnotative
  1000
AnnotativeData
  1002
{
  1070
1
  1070
1
  1002
}
  1001
ACAD
  1000
Arial
  1071
34
  0
ENDTAB
  0
TABLE
  2
VIEW
  5
6
  330
0
  100
AcDbSymbolTable
  70
0
  0
ENDTAB
  0
TABLE
  2
UCS
  5
7
  330
0
  100
AcDbSymbolTable
  70
0
  0
ENDTAB
  0
TABLE
  2
APPID
  5
9
  330
0
  100
AcDbSymbolTable
  70
7
  0
APPID
  5
12
  330
9
  100
AcDbSymbolTableRecord
  100
AcDbRegAppTableRecord
  2
ACAD
  70
0
  0
APPID
  5
D8
  330
9
  100
AcDbSymbolTableRecord
  100
AcDbRegAppTableRecord
  2
AcadAnnoPO
  70
0
  0
APPID
  5
D9
  330
9
  100
AcDbSymbolTableRecord
  100
AcDbRegAppTableRecord
  2
AcadAnnotative
  70
0
  0
APPID
  5
DA
  330
9
  100
AcDbSymbolTableRecord
  100
AcDbRegAppTableRecord
  2
ACAD_DSTYLE_DIMJAG
  70
0
  0
APPID
  5
DB
  330
9
  100
AcDbSymbolTableRecord
  100
AcDbRegAppTableRecord
  2
ACAD_DSTYLE_DIMTALN
  70
0
  0
APPID
  5
102
  330
9
  100
AcDbSymbolTableRecord
  100
AcDbRegAppTableRecord
  2
ACAD_MLEADERVER
  70
0
  0
APPID
  5
1A3
  330
9
  100
AcDbSymbolTableRecord
  100
AcDbRegAppTableRecord
  2
ACAD_NAV_VCDISPLAY
  70
0
  0
ENDTAB
  0
TABLE
  2
DIMSTYLE
  5
A
  330
0
  100
AcDbSymbolTable
  70
2
  100
AcDbDimStyleTable
  71
2
  340
DC
  340
27
  0
DIMSTYLE
  105
27
  330
A
  100
AcDbSymbolTableRecord
  100
AcDbDimStyleTableRecord
  2
Standard
  70
0
  340
11
  0
DIMSTYLE
  105
DC
  330
A
  100
AcDbSymbolTableRecord
  100
AcDbDimStyleTableRecord
  2
Annotative
  70
0
  40
0
  340
11
  1001
AcadAnnotative
  1000
AnnotativeData
  1002
{
  1070
1
  1070
1
  1002
}
  1001
ACAD_DSTYLE_DIMJAG
  1070
388
  1040
1.5
  1001
ACAD_DSTYLE_DIMTALN
  1070
392
  1070
0
  0
ENDTAB
  0
TABLE
  2
BLOCK_RECORD
  5
1
  330
0
  100
AcDbSymbolTable
  70
1
  0
BLOCK_RECORD
  5
1F
  102
{ACAD_XDICTIONARY
  360
15A
  102
}
  330
1
  100
AcDbSymbolTableRecord
  100
AcDbBlockTableRecord
  2
*Model_Space
  340
22
  70
0
  280
1
  281
0
  0
BLOCK_RECORD
  5
73
  330
1
  100
AcDbSymbolTableRecord
  100
AcDbBlockTableRecord
  2
*Paper_Space
  340
74
  70
0
  280
1
  281
0
  0
BLOCK_RECORD
  5
78
  330
1
  100
AcDbSymbolTableRecord
  100
AcDbBlockTableRecord
  2
*Paper_Space0
  340
79
  70
0
  280
1
  281
0
  0
ENDTAB
  0
ENDSEC
  0
SECTION
  2
BLOCKS
  0
BLOCK
  5
20
  330
1F
  100
AcDbEntity
  8
0
  100
AcDbBlockBegin
  2
*Model_Space
  70
0
  10
0
  20
0
  3
*Model_Space
  1

  0
ENDBLK
  5
21
  330
1F
  100
AcDbEntity
  8
0
  100
AcDbBlockEnd
  0
BLOCK
  5
75
  330
73
  100
AcDbEntity
  67
1
  8
0
  100
AcDbBlockBegin
  2
*Paper_Space
  70
0
  10
0
  20
0
  3
*Paper_Space
  1

  0
ENDBLK
  5
76
  330
73
  100
AcDbEntity
  67
1
  8
0
  100
AcDbBlockEnd
  0
BLOCK
  5
7A
  330
78
  100
AcDbEntity
  67
1
  8
0
  100
AcDbBlockBegin
  2
*Paper_Space0
  70
0
  10
0
  20
0
  3
*Paper_Space0
  1

  0
ENDBLK
  5
7B
  330
78
  100
AcDbEntity
  67
1
  8
0
  100
AcDbBlockEnd
  0
ENDSEC
  0
SECTION
  2
ENTITIES
  0
HATCH
  5
1033
  100
AcDbEntity
  8
Top-Paste-Mask-Layer
  100
AcDbHatch
  10
0
  20
0
  30
0
  210
0
  220
0
  230
1
  2
SOLID
  70
1
  71
0
  91
1
  92
7
  72
0
  73
1
  93
5
  10
47.27052324104648
  20
12.493837947675896
  10
47.27052324104648
  20
11.792796545593092
  10
46.34850139700279
  20
11.792796545593092
  10
46.34850139700279
  20
12.488757937515878
  10
46.35104140208281
  20
12.488757937515878
  97
1
  330
1032
  75
0
  76
1
  47
0.4128176842155181
  98
1
  10
34.90568961886538
  20
22.81183545379326
  450
0
  451
0
  460
0
  461
0
  452
1
  462
1
  453
2
  463
0
  63
5
  421
255
  463
1
  63
7
  421
16777215
  470
LINEAR
  1001
ACAD
  1010
0
  1020
0
  1030
0
  0
LWPOLYLINE
  5
1032
  100
AcDbEntity
  8
Top-Paste-Mask-Layer
  100
AcDbPolyline
  90
5
  70
1
  43
0.005080010160020321
  10
47.27052324104648
  20
12.493837947675896
  10
47.27052324104648
  20
11.792796545593092
  10
46.34850139700279
  20
11.792796545593092
  10
46.34850139700279
  20
12.488757937515878
  10
46.35104140208281
  20
12.488757937515878
  0
HATCH
  5
1035
  100
AcDbEntity
  8
Top-Paste-Mask-Layer
  100
AcDbHatch
  10
0
  20
0
  30
0
  210
0
  220
0
  230
1
  2
SOLID
  70
1
  71
0
  91
1
  92
7
  72
0
  73
1
  93
5
  10
47.27052324104648
  20
13.763840487680977
  10
47.27052324104648
  20
13.062799085598172
  10
46.34850139700279
  20
13.062799085598172
  10
46.34850139700279
  20
13.758760477520958
  10
46.35104140208281
  20
13.758760477520958
  97
1
  330
1034
  75
0
  76
1
  47
0.4128176842155181
  98
1
  10
34.90568961886538
  20
22.81183545379326
  450
0
  451
0
  460
0
  461
0
  452
1
  462
1
  453
2
  463
0
  63
5
  421
255
  463
1
  63
7
  421
16777215
  470
LINEAR
  1001
ACAD
  1010
0
  1020
0
  1030
0
  0
LWPOLYLINE
  5
1034
  100
AcDbEntity
  8
Top-Paste-Mask-Layer
  100
AcDbPolyline
  90
5
  70
1
  43
0.005080010160020321
  10
47.27052324104648
  20
13.763840487680977
  10
47.27052324104648
  20
13.062799085598172
  10
46.34850139700279
  20
13.062799085598172
  10
46.34850139700279
  20
13.758760477520958
  10
46.35104140208281
  20
13.758760477520958
  0
HATCH
  5
1037
  100
AcDbEntity
  8
Top-Paste-Mask-Layer
  100
AcDbHatch
  10
0
  20
0
  30
0
  210
0
  220
0
  230
1
  2
SOLID
  70
1
  71
0
  91
1
  92
7
  72
0
  73
1
  93
5
  10
47.27052324104648
  20
15.033843027686057
  10
47.27052324104648
  20
14.332801625603253
  10
46.34850139700279
  20
14.332801625603253
  10
46.34850139700279
  20
15.028763017526039
  10
46.35104140208281
  20
15.028763017526039
  97
1
  330
1036
  75
0
  76
1
  47
0.4128176842155181
  98
1
  10
34.90568961886538
  20
22.81183545379326
  450
0
  451
0
  460
0
  461
0
  452
1
  462
1
  453
2
  463
0
  63
5
  421
255
  463
1
  63
7
  421
16777215
  470
LINEAR
  1001
ACAD
  1010
0
  1020
0
  1030
0
  0
LWPOLYLINE
  5
1036
  100
AcDbEntity
  8
Top-Paste-Mask-Layer
  100
AcDbPolyline
  90
5
  70
1
  43
0.005080010160020321
  10
47.27052324104648
  20
15.033843027686057
  10
47.27052324104648
  20
14.332801625603253
  10
46.34850139700279
  20
14.332801625603253
  10
46.34850139700279
  20
15.028763017526039
  10
46.35104140208281
  20
15.028763017526039
  0
HATCH
  5
1039
  100
AcDbEntity
  8
Top-Paste-Mask-Layer
  100
AcDbHatch
  10
0
  20
0
  30
0
  210
0
  220
0
  230
1
  2
SOLID
  70
1
  71
0
  91
1
  92
7
  72
0
  73
1
  93
5
  10
47.27052324104648
  20
16.303845567691138
  10
47.27052324104648
  20
15.602804165608333
  10
46.34850139700279
  20
15.602804165608333
  10
46.34850139700279
  20
16.29876555753112
  10
46.35104140208281
  20
16.29876555753112
  97
1
  330
1038
  75
0
  76
1
  47
0.4128176842155181
  98
1
  10
34.90568961886538
  20
22.81183545379326
  450
0
  451
0
  460
0
  461
0
  452
1
  462
1
  453
2
  463
0
  63
5
  421
255
  463
1
  63
7
  421
16777215
  470
LINEAR
  1001
ACAD
  1010
0
  1020
0
  1030
0
  0
LWPOLYLINE
  5
1038
  100
AcDbEntity
  8
Top-Paste-Mask-Layer
  100
AcDbPolyline
  90
5
  70
1
  43
0.005080010160020321
  10
47.27052324104648
  20
16.303845567691138
  10
47.27052324104648
  20
15.602804165608333
  10
46.34850139700279
  20
15.602804165608333
  10
46.34850139700279
  20
16.29876555753112
  10
46.35104140208281
  20
16.29876555753112
  0
HATCH
  5
1041
  100
AcDbEntity
  8
Top-Paste-Mask-Layer
  100
AcDbHatch
  10
0
  20
0
  30
0
  210
0
  220
0
  230
1
  2
SOLID
  70
1
  71
0
  91
1
  92
7
  72
0
  73
1
  93
18
  10
52.2738760477521
  20
16.2949555499111
  10
53.001866903733806
  20
16.301965963931927
  10
53.001866903733806
  20
15.602981965963934
  10
52.37786385572771
  20
15.601965963931928
  10
52.37987045974092
  20
15.03196342392685
  10
53.001866903733806
  20
15.030972821945646
  10
53.001866903733806
  20
14.331963423926851
  10
52.37887985775971
  20
14.331963423926851
  10
52.37887985775971
  20
13.761986283972568
  10
53.001866903733806
  20
13.761986283972568
  10
53.001866903733806
  20
13.061986283972569
  10
52.37887985775971
  20
13.061986283972569
  10
52.37987045974092
  20
12.491983743967488
  10
53.001866903733806
  20
12.490967741935485
  10
53.001866903733806
  20
11.791983743967489
  10
52.2738760477521
  20
11.796530353060707
  10
48.3739522479045
  20
11.796530353060707
  10
48.3739522479045
  20
16.295869951739903
  97
1
  330
1040
  75
0
  76
1
  47
0.4128176842155181
  98
1
  10
34.90568961886538
  20
22.81183545379326
  450
0
  451
0
  460
0
  461
0
  452
1
  462
1
  453
2
  463
0
  63
5
  421
255
  463
1
  63
7
  421
16777215
  470
LINEAR
  1001
ACAD
  1010
0
  1020
0
  1030
0
  0
LWPOLYLINE
  5
1040
  100
AcDbEntity
  8
Top-Paste-Mask-Layer
  100
AcDbPolyline
  90
18
  70
1
  43
0.005080010160020321
  10
52.2738760477521
  20
16.2949555499111
  10
53.001866903733806
  20
16.301965963931927
  10
53.001866903733806
  20
15.602981965963934
  10
52.37786385572771
  20
15.601965963931928
  10
52.37987045974092
  20
15.03196342392685
  10
53.001866903733806
  20
15.030972821945646
  10
53.001866903733806
  20
14.331963423926851
  10
52.37887985775971
  20
14.331963423926851
  10
52.37887985775971
  20
13.761986283972568
  10
53.001866903733806
  20
13.761986283972568
  10
53.001866903733806
  20
13.061986283972569
  10
52.37887985775971
  20
13.061986283972569
  10
52.37987045974092
  20
12.491983743967488
  10
53.001866903733806
  20
12.490967741935485
  10
53.001866903733806
  20
11.791983743967489
  10
52.2738760477521
  20
11.796530353060707
  10
48.3739522479045
  20
11.796530353060707
  10
48.3739522479045
  20
16.295869951739903
  0
HATCH
  5
1043
  100
AcDbEntity
  8
Top-Paste-Mask-Layer
  100
AcDbHatch
  10
0
  20
0
  30
0
  210
0
  220
0
  230
1
  2
SOLID
  70
1
  71
0
  91
1
  92
7
  72
0
  73
1
  93
12
  10
43.128067056134114
  20
8.595031750063505
  10
43.92806705613411
  20
8.595031750063505
  10
43.97807975615951
  20
8.645044450088903
  10
43.97807975615951
  20
8.873009906019817
  10
43.608077216154435
  20
8.873009906019817
  10
43.608077216154435
  20
9.203007366014734
  10
43.97807975615951
  20
9.203007366014734
  10
43.97807975615952
  20
9.445044450088904
  10
43.92806705613411
  20
9.495031750063504
  10
43.128067056134114
  20
9.495031750063504
  10
43.07807975615952
  20
9.445044450088904
  10
43.07807975615952
  20
8.645044450088903
  97
1
  330
1042
  75
0
  76
1
  47
0.4128176842155181
  98
1
  10
34.90568961886538
  20
22.81183545379326
  450
0
  451
0
  460
0
  461
0
  452
1
  462
1
  453
2
  463
0
  63
5
  421
255
  463
1
  63
7
  421
16777215
  470
LINEAR
  1001
ACAD
  1010
0
  1020
0
  1030
0
  0
LWPOLYLINE
  5
1042
  100
AcDbEntity
  8
Top-Paste-Mask-Layer
  100
AcDbPolyline
  90
12
  70
1
  43
0.005080010160020321
  10
43.128067056134114
  20
8.595031750063505
  10
43.92806705613411
  20
8.595031750063505
  10
43.97807975615951
  20
8.645044450088903
  10
43.97807975615951
  20
8.873009906019817
  10
43.608077216154435
  20
8.873009906019817
  10
43.608077216154435
  20
9.203007366014734
  10
43.97807975615951
  20
9.203007366014734
  10
43.97807975615952
  20
9.445044450088904
  10
43.92806705613411
  20
9.495031750063504
  10
43.128067056134114
  20
9.495031750063504
  10
43.07807975615952
  20
9.445044450088904
  10
43.07807975615952
  20
8.645044450088903
  0
HATCH
  5
1045
  100
AcDbEntity
  8
Top-Paste-Mask-Layer
  100
AcDbHatch
  10
0
  20
0
  30
0
  210
0
  220
0
  230
1
  2
SOLID
  70
1
  71
0
  91
1
  92
7
  72
0
  73
1
  93
12
  10
44.67807975615952
  20
8.645044450088903
  10
44.67807975615952
  20
8.873009906019817
  10
45.058064516129036
  20
8.873009906019817
  10
45.058064516129036
  20
9.203007366014734
  10
44.67807975615952
  20
9.203007366014734
  10
44.67807975615952
  20
9.445044450088904
  10
44.728067056134115
  20
9.495031750063504
  10
45.518059436118875
  20
9.495031750063504
  10
45.56807213614427
  20
9.445044450088904
  10
45.56807213614427
  20
8.645044450088903
  10
45.518059436118875
  20
8.595031750063505
  10
44.728067056134115
  20
8.595031750063505
  97
1
  330
1044
  75
0
  76
1
  47
0.4128176842155181
  98
1
  10
34.90568961886538
  20
22.81183545379326
  450
0
  451
0
  460
0
  461
0
  452
1
  462
1
  453
2
  463
0
  63
5
  421
255
  463
1
  63
7
  421
16777215
  470
LINEAR
  1001
ACAD
  1010
0
  1020
0
  1030
0
  0
LWPOLYLINE
  5
1044
  100
AcDbEntity
  8
Top-Paste-Mask-Layer
  100
AcDbPolyline
  90
12
  70
1
  43
0.005080010160020321
  10
44.67807975615952
  20
8.645044450088903
  10
44.67807975615952
  20
8.873009906019817
  10
45.058064516129036
  20
8.873009906019817
  10
45.058064516129036
  20
9.203007366014734
  10
44.67807975615952
  20
9.203007366014734
  10
44.67807975615952
  20
9.445044450088904
  10
44.728067056134115
  20
9.495031750063504
  10
45.518059436118875
  20
9.495031750063504
  10
45.56807213614427
  20
9.445044450088904
  10
45.56807213614427
  20
8.645044450088903
  10
45.518059436118875
  20
8.595031750063505
  10
44.728067056134115
  20
8.595031750063505
  0
HATCH
  5
1047
  100
AcDbEntity
  8
Top-Paste-Mask-Layer
  100
AcDbHatch
  10
0
  20
0
  30
0
  210
0
  220
0
  230
1
  2
SOLID
  70
1
  71
0
  91
1
  92
7
  72
0
  73
1
  93
12
  10
31.44404368808738
  20
7.579029718059438
  10
32.24404368808737
  20
7.579029718059438
  10
32.29405638811277
  20
7.629042418084836
  10
32.29405638811277
  20
7.85700787401575
  10
31.9240538481077
  20
7.85700787401575
  10
31.9240538481077
  20
8.187005334010678
  10
32.29405638811277
  20
8.187005334010678
  10
32.29405638811278
  20
8.42904241808484
  10
32.24404368808737
  20
8.479029718059444
  10
31.44404368808738
  20
8.479029718059444
  10
31.394056388112784
  20
8.42904241808484
  10
31.394056388112784
  20
7.629042418084836
  97
1
  330
1046
  75
0
  76
1
  47
0.4128176842155181
  98
1
  10
34.90568961886538
  20
22.81183545379326
  450
0
  451
0
  460
0
  461
0
  452
1
  462
1
  453
2
  463
0
  63
5
  421
255
  463
1
  63
7
  421
16777215
  470
LINEAR
  1001
ACAD
  1010
0
  1020
0
  1030
0
  0
LWPOLYLINE
  5
1046
  100
AcDbEntity
  8
Top-Paste-Mask-Layer
  100
AcDbPolyline
  90
12
  70
1
  43
0.005080010160020321
  10
31.44404368808738
  20
7.579029718059438
  10
32.24404368808737
  20
7.579029718059438
  10
32.29405638811277
  20
7.629042418084836
  10
32.29405638811277
  20
7.85700787401575
  10
31.9240538481077
  20
7.85700787401575
  10
31.9240538481077
  20
8.187005334010678
  10
32.29405638811277
  20
8.187005334010678
  10
32.29405638811278
  20
8.42904241808484
  10
32.24404368808737
  20
8.479029718059444
  10
31.44404368808738
  20
8.479029718059444
  10
31.394056388112784
  20
8.42904241808484
  10
31.394056388112784
  20
7.629042418084836
  0
HATCH
  5
1049
  100
AcDbEntity
  8
Top-Paste-Mask-Layer
  100
AcDbHatch
  10
0
  20
0
  30
0
  210
0
  220
0
  230
1
  2
SOLID
  70
1
  71
0
  91
1
  92
7
  72
0
  73
1
  93
12
  10
32.99405638811278
  20
7.629042418084836
  10
32.99405638811278
  20
7.85700787401575
  10
33.3740411480823
  20
7.85700787401575
  10
33.3740411480823
  20
8.18700533401067
  10
32.99405638811278
  20
8.18700533401067
  10
32.99405638811278
  20
8.42904241808484
  10
33.04404368808738
  20
8.479029718059444
  10
33.83403606807214
  20
8.479029718059444
  10
33.884048768097536
  20
8.429042418084833
  10
33.884048768097536
  20
7.629042418084836
  10
33.83403606807214
  20
7.579029718059438
  10
33.04404368808738
  20
7.579029718059438
  97
1
  330
1048
  75
0
  76
1
  47
0.4128176842155181
  98
1
  10
34.90568961886538
  20
22.81183545379326
  450
0
  451
0
  460
0
  461
0
  452
1
  462
1
  453
2
  463
0
  63
5
  421
255
  463
1
  63
7
  421
16777215
  470
LINEAR
  1001
ACAD
  1010
0
  1020
0
  1030
0
  0
LWPOLYLINE
  5
1048
  100
AcDbEntity
  8
Top-Paste-Mask-Layer
  100
AcDbPolyline
  90
12
  70
1
  43
0.005080010160020321
  10
32.99405638811278
  20
7.629042418084836
  10
32.99405638811278
  20
7.85700787401575
  10
33.3740411480823
  20
7.85700787401575
  10
33.3740411480823
  20
8.18700533401067
  10
32.99405638811278
  20
8.18700533401067
  10
32.99405638811278
  20
8.42904241808484
  10
33.04404368808738
  20
8.479029718059444
  10
33.83403606807214
  20
8.479029718059444
  10
33.884048768097536
  20
8.429042418084833
  10
33.884048768097536
  20
7.629042418084836
  10
33.83403606807214
  20
7.579029718059438
  10
33.04404368808738
  20
7.579029718059438
  0
HATCH
  5
1051
  100
AcDbEntity
  8
Top-Paste-Mask-Layer
  100
AcDbHatch
  10
0
  20
0
  30
0
  210
0
  220
0
  230
1
  2
SOLID
  70
1
  71
0
  91
1
  92
7
  72
0
  73
1
  93
12
  10
33.83408686817374
  20
12.924013208026423
  10
33.034086868173745
  20
12.924013208026423
  10
32.98407416814834
  20
12.874000508001021
  10
32.98407416814834
  20
12.646035052070108
  10
33.354076708153414
  20
12.646035052070108
  10
33.354076708153414
  20
12.316037592075187
  10
32.98407416814834
  20
12.316037592075187
  10
32.98407416814834
  20
12.07400050800102
  10
33.034086868173745
  20
12.024013208026421
  10
33.83408686817374
  20
12.024013208026421
  10
33.88407416814834
  20
12.07400050800102
  10
33.88407416814834
  20
12.874000508001021
  97
1
  330
1050
  75
0
  76
1
  47
0.4128176842155181
  98
1
  10
34.90568961886538
  20
22.81183545379326
  450
0
  451
0
  460
0
  461
0
  452
1
  462
1
  453
2
  463
0
  63
5
  421
255
  463
1
  63
7
  421
16777215
  470
LINEAR
  1001
ACAD
  1010
0
  1020
0
  1030
0
  0
LWPOLYLINE
  5
1050
  100
AcDbEntity
  8
Top-Paste-Mask-Layer
  100
AcDbPolyline
  90
12
  70
1
  43
0.005080010160020321
  10
33.83408686817374
  20
12.924013208026423
  10
33.034086868173745
  20
12.924013208026423
  10
32.98407416814834
  20
12.874000508001021
  10
32.98407416814834
  20
12.646035052070108
  10
33.354076708153414
  20
12.646035052070108
  10
33.354076708153414
  20
12.316037592075187
  10
32.98407416814834
  20
12.316037592075187
  10
32.98407416814834
  20
12.07400050800102
  10
33.034086868173745
  20
12.024013208026421
  10
33.83408686817374
  20
12.024013208026421
  10
33.88407416814834
  20
12.07400050800102
  10
33.88407416814834
  20
12.874000508001021
  0
HATCH
  5
1053
  100
AcDbEntity
  8
Top-Paste-Mask-Layer
  100
AcDbHatch
  10
0
  20
0
  30
0
  210
0
  220
0
  230
1
  2
SOLID
  70
1
  71
0
  91
1
  92
7
  72
0
  73
1
  93
12
  10
32.28407416814834
  20
12.874000508001021
  10
32.28407416814834
  20
12.646035052070108
  10
31.904089408178823
  20
12.646035052070108
  10
31.904089408178823
  20
12.316037592075187
  10
32.28407416814834
  20
12.316037592075187
  10
32.28407416814834
  20
12.07400050800102
  10
32.23408686817373
  20
12.024013208026421
  10
31.444094488188984
  20
12.024013208026421
  10
31.39408178816358
  20
12.07400050800102
  10
31.39408178816358
  20
12.874000508001021
  10
31.444094488188984
  20
12.924013208026423
  10
32.23408686817373
  20
12.924013208026423
  97
1
  330
1052
  75
0
  76
1
  47
0.4128176842155181
  98
1
  10
34.90568961886538
  20
22.81183545379326
  450
0
  451
0
  460
0
  461
0
  452
1
  462
1
  453
2
  463
0
  63
5
  421
255
  463
1
  63
7
  421
16777215
  470
LINEAR
  1001
ACAD
  1010
0
  1020
0
  1030
0
  0
LWPOLYLINE
  5
1052
  100
AcDbEntity
  8
Top-Paste-Mask-Layer
  100
AcDbPolyline
  90
12
  70
1
  43
0.005080010160020321
  10
32.28407416814834
  20
12.874000508001021
  10
32.28407416814834
  20
12.646035052070108
  10
31.904089408178823
  20
12.646035052070108
  10
31.904089408178823
  20
12.316037592075187
  10
32.28407416814834
  20
12.316037592075187
  10
32.28407416814834
  20
12.07400050800102
  10
32.23408686817373
  20
12.024013208026421
  10
31.444094488188984
  20
12.024013208026421
  10
31.39408178816358
  20
12.07400050800102
  10
31.39408178816358
  20
12.874000508001021
  10
31.444094488188984
  20
12.924013208026423
  10
32.23408686817373
  20
12.924013208026423
  0
HATCH
  5
1055
  100
AcDbEntity
  8
Top-Paste-Mask-Layer
  100
AcDbHatch
  10
0
  20
0
  30
0
  210
0
  220
0
  230
1
  2
SOLID
  70
1
  71
0
  91
1
  92
7
  72
0
  73
1
  93
12
  10
33.83408686817374
  20
9.876007112014229
  10
33.034086868173745
  20
9.876007112014229
  10
32.98407416814834
  20
9.82599441198883
  10
32.98407416814834
  20
9.598028956057917
  10
33.354076708153414
  20
9.598028956057917
  10
33.354076708153414
  20
9.268031496062996
  10
32.98407416814834
  20
9.268031496062996
  10
32.98407416814834
  20
9.025994411988826
  10
33.034086868173745
  20
8.97600711201423
  10
33.83408686817374
  20
8.97600711201423
  10
33.88407416814834
  20
9.025994411988826
  10
33.88407416814834
  20
9.82599441198883
  97
1
  330
1054
  75
0
  76
1
  47
0.4128176842155181
  98
1
  10
34.90568961886538
  20
22.81183545379326
  450
0
  451
0
  460
0
  461
0
  452
1
  462
1
  453
2
  463
0
  63
5
  421
255
  463
1
  63
7
  421
16777215
  470
LINEAR
  1001
ACAD
  1010
0
  1020
0
  1030
0
  0
LWPOLYLINE
  5
1054
  100
AcDbEntity
  8
Top-Paste-Mask-Layer
  100
AcDbPolyline
  90
12
  70
1
  43
0.005080010160020321
  10
33.83408686817374
  20
9.876007112014229
  10
33.034086868173745
  20
9.876007112014229
  10
32.98407416814834
  20
9.82599441198883
  10
32.98407416814834
  20
9.598028956057917
  10
33.354076708153414
  20
9.598028956057917
  10
33.354076708153414
  20
9.268031496062996
  10
32.98407416814834
  20
9.268031496062996
  10
32.98407416814834
  20
9.025994411988826
  10
33.034086868173745
  20
8.97600711201423
  10
33.83408686817374
  20
8.97600711201423
  10
33.88407416814834
  20
9.025994411988826
  10
33.88407416814834
  20
9.82599441198883
  0
HATCH
  5
1057
  100
AcDbEntity
  8
Top-Paste-Mask-Layer
  100
AcDbHatch
  10
0
  20
0
  30
0
  210
0
  220
0
  230
1
  2
SOLID
  70
1
  71
0
  91
1
  92
7
  72
0
  73
1
  93
12
  10
32.28407416814834
  20
9.82599441198883
  10
32.28407416814834
  20
9.598028956057917
  10
31.904089408178823
  20
9.598028956057917
  10
31.904089408178823
  20
9.268031496062996
  10
32.28407416814834
  20
9.268031496062996
  10
32.28407416814834
  20
9.025994411988826
  10
32.23408686817373
  20
8.97600711201423
  10
31.444094488188984
  20
8.97600711201423
  10
31.39408178816358
  20
9.025994411988826
  10
31.39408178816358
  20
9.82599441198883
  10
31.444094488188984
  20
9.876007112014229
  10
32.23408686817373
  20
9.876007112014229
  97
1
  330
1056
  75
0
  76
1
  47
0.4128176842155181
  98
1
  10
34.90568961886538
  20
22.81183545379326
  450
0
  451
0
  460
0
  461
0
  452
1
  462
1
  453
2
  463
0
  63
5
  421
255
  463
1
  63
7
  421
16777215
  470
LINEAR
  1001
ACAD
  1010
0
  1020
0
  1030
0
  0
LWPOLYLINE
  5
1056
  100
AcDbEntity
  8
Top-Paste-Mask-Layer
  100
AcDbPolyline
  90
12
  70
1
  43
0.005080010160020321
  10
32.28407416814834
  20
9.82599441198883
  10
32.28407416814834
  20
9.598028956057917
  10
31.904089408178823
  20
9.598028956057917
  10
31.904089408178823
  20
9.268031496062996
  10
32.28407416814834
  20
9.268031496062996
  10
32.28407416814834
  20
9.025994411988826
  10
32.23408686817373
  20
8.97600711201423
  10
31.444094488188984
  20
8.97600711201423
  10
31.39408178816358
  20
9.025994411988826
  10
31.39408178816358
  20
9.82599441198883
  10
31.444094488188984
  20
9.876007112014229
  10
32.23408686817373
  20
9.876007112014229
  0
HATCH
  5
1059
  100
AcDbEntity
  8
Top-Paste-Mask-Layer
  100
AcDbHatch
  10
0
  20
0
  30
0
  210
0
  220
0
  230
1
  2
SOLID
  70
1
  71
0
  91
1
  92
7
  72
0
  73
1
  93
4
  10
21.459969519939044
  20
24.492009144018294
  10
21.459969519939044
  20
23.392009144018292
  10
21.759994919989843
  20
23.392009144018292
  10
21.759994919989843
  20
24.492009144018294
  97
1
  330
1058
  75
0
  76
1
  47
0.4128176842155181
  98
1
  10
34.90568961886538
  20
22.81183545379326
  450
0
  451
0
  460
0
  461
0
  452
1
  462
1
  453
2
  463
0
  63
5
  421
255
  463
1
  63
7
  421
16777215
  470
LINEAR
  1001
ACAD
  1010
0
  1020
0
  1030
0
  0
LWPOLYLINE
  5
1058
  100
AcDbEntity
  8
Top-Paste-Mask-Layer
  100
AcDbPolyline
  90
4
  70
1
  43
0.005080010160020321
  10
21.459969519939044
  20
24.492009144018294
  10
21.459969519939044
  20
23.392009144018292
  10
21.759994919989843
  20
23.392009144018292
  10
21.759994919989843
  20
24.492009144018294
  0
HATCH
  5
1061
  100
AcDbEntity
  8
Top-Paste-Mask-Layer
  100
AcDbHatch
  10
0
  20
0
  30
0
  210
0
  220
0
  230
1
  2
SOLID
  70
1
  71
0
  91
1
  92
7
  72
0
  73
1
  93
4
  10
21.259867919735843
  20
23.392009144018292
  10
21.259867919735843
  20
24.492009144018294
  10
20.959842519685044
  20
24.492009144018294
  10
20.959842519685044
  20
23.392009144018292
  97
1
  330
1060
  75
0
  76
1
  47
0.4128176842155181
  98
1
  10
34.90568961886538
  20
22.81183545379326
  450
0
  451
0
  460
0
  461
0
  452
1
  462
1
  453
2
  463
0
  63
5
  421
255
  463
1
  63
7
  421
16777215
  470
LINEAR
  1001
ACAD
  1010
0
  1020
0
  1030
0
  0
LWPOLYLINE
  5
1060
  100
AcDbEntity
  8
Top-Paste-Mask-Layer
  100
AcDbPolyline
  90
4
  70
1
  43
0.005080010160020321
  10
21.259867919735843
  20
23.392009144018292
  10
21.259867919735843
  20
24.492009144018294
  10
20.959842519685044
  20
24.492009144018294
  10
20.959842519685044
  20
23.392009144018292
  0
HATCH
  5
1063
  100
AcDbEntity
  8
Top-Paste-Mask-Layer
  100
AcDbHatch
  10
0
  20
0
  30
0
  210
0
  220
0
  230
1
  2
SOLID
  70
1
  71
0
  91
1
  92
7
  72
0
  73
1
  93
4
  10
26.360071120142244
  20
23.392009144018292
  10
26.360071120142244
  20
24.49200914401829
  10
25.760071120142246
  20
24.49200914401829
  10
25.760071120142246
  20
23.392009144018292
  97
1
  330
1062
  75
0
  76
1
  47
0.4128176842155181
  98
1
  10
34.90568961886538
  20
22.81183545379326
  450
0
  451
0
  460
0
  461
0
  452
1
  462
1
  453
2
  463
0
  63
5
  421
255
  463
1
  63
7
  421
16777215
  470
LINEAR
  1001
ACAD
  1010
0
  1020
0
  1030
0
  0
LWPOLYLINE
  5
1062
  100
AcDbEntity
  8
Top-Paste-Mask-Layer
  100
AcDbPolyline
  90
4
  70
1
  43
0.005080010160020321
  10
26.360071120142244
  20
23.392009144018292
  10
26.360071120142244
  20
24.49200914401829
  10
25.760071120142246
  20
24.49200914401829
  10
25.760071120142246
  20
23.392009144018292
  0
HATCH
  5
1065
  100
AcDbEntity
  8
Top-Paste-Mask-Layer
  100
AcDbHatch
  10
0
  20
0
  30
0
  210
0
  220
0
  230
1
  2
SOLID
  70
1
  71
0
  91
1
  92
7
  72
0
  73
1
  93
4
  10
21.960096520193044
  20
24.492009144018294
  10
21.960096520193044
  20
23.392009144018292
  10
22.260121920243844
  20
23.392009144018292
  10
22.260121920243844
  20
24.492009144018294
  97
1
  330
1064
  75
0
  76
1
  47
0.4128176842155181
  98
1
  10
34.90568961886538
  20
22.81183545379326
  450
0
  451
0
  460
0
  461
0
  452
1
  462
1
  453
2
  463
0
  63
5
  421
255
  463
1
  63
7
  421
16777215
  470
LINEAR
  1001
ACAD
  1010
0
  1020
0
  1030
0
  0
LWPOLYLINE
  5
1064
  100
AcDbEntity
  8
Top-Paste-Mask-Layer
  100
AcDbPolyline
  90
4
  70
1
  43
0.005080010160020321
  10
21.960096520193044
  20
24.492009144018294
  10
21.960096520193044
  20
23.392009144018292
  10
22.260121920243844
  20
23.392009144018292
  10
22.260121920243844
  20
24.492009144018294
  0
HATCH
  5
1067
  100
AcDbEntity
  8
Top-Paste-Mask-Layer
  100
AcDbHatch
  10
0
  20
0
  30
0
  210
0
  220
0
  230
1
  2
SOLID
  70
1
  71
0
  91
1
  92
7
  72
0
  73
1
  93
4
  10
20.759867919735843
  20
23.392009144018292
  10
20.759867919735843
  20
24.492009144018294
  10
20.15986791973584
  20
24.492009144018294
  10
20.15986791973584
  20
23.392009144018292
  97
1
  330
1066
  75
0
  76
1
  47
0.4128176842155181
  98
1
  10
34.90568961886538
  20
22.81183545379326
  450
0
  451
0
  460
0
  461
0
  452
1
  462
1
  453
2
  463
0
  63
5
  421
255
  463
1
  63
7
  421
16777215
  470
LINEAR
  1001
ACAD
  1010
0
  1020
0
  1030
0
  0
LWPOLYLINE
  5
1066
  100
AcDbEntity
  8
Top-Paste-Mask-Layer
  100
AcDbPolyline
  90
4
  70
1
  43
0.005080010160020321
  10
20.759867919735843
  20
23.392009144018292
  10
20.759867919735843
  20
24.492009144018294
  10
20.15986791973584
  20
24.492009144018294
  10
20.15986791973584
  20
23.392009144018292
  0
HATCH
  5
1069
  100
AcDbEntity
  8
Top-Paste-Mask-Layer
  100
AcDbHatch
  10
0
  20
0
  30
0
  210
0
  220
0
  230
1
  2
SOLID
  70
1
  71
0
  91
1
  92
7
  72
0
  73
1
  93
4
  10
19.360020320040643
  20
24.492009144018294
  10
19.360020320040643
  20
23.392009144018292
  10
19.960020320040645
  20
23.392009144018292
  10
19.960020320040645
  20
24.492009144018294
  97
1
  330
1068
  75
0
  76
1
  47
0.4128176842155181
  98
1
  10
34.90568961886538
  20
22.81183545379326
  450
0
  451
0
  460
0
  461
0
  452
1
  462
1
  453
2
  463
0
  63
5
  421
255
  463
1
  63
7
  421
16777215
  470
LINEAR
  1001
ACAD
  1010
0
  1020
0
  1030
0
  0
LWPOLYLINE
  5
1068
  100
AcDbEntity
  8
Top-Paste-Mask-Layer
  100
AcDbPolyline
  90
4
  70
1
  43
0.005080010160020321
  10
19.360020320040643
  20
24.492009144018294
  10
19.360020320040643
  20
23.392009144018292
  10
19.960020320040645
  20
23.392009144018292
  10
19.960020320040645
  20
24.492009144018294
  0
HATCH
  5
1071
  100
AcDbEntity
  8
Top-Paste-Mask-Layer
  100
AcDbHatch
  10
0
  20
0
  30
0
  210
0
  220
0
  230
1
  2
SOLID
  70
1
  71
0
  91
1
  92
7
  72
0
  73
1
  93
4
  10
22.459969519939044
  20
24.492009144018294
  10
22.459969519939044
  20
23.392009144018292
  10
22.759994919989843
  20
23.392009144018292
  10
22.759994919989843
  20
24.492009144018294
  97
1
  330
1070
  75
0
  76
1
  47
0.4128176842155181
  98
1
  10
34.90568961886538
  20
22.81183545379326
  450
0
  451
0
  460
0
  461
0
  452
1
  462
1
  453
2
  463
0
  63
5
  421
255
  463
1
  63
7
  421
16777215
  470
LINEAR
  1001
ACAD
  1010
0
  1020
0
  1030
0
  0
LWPOLYLINE
  5
1070
  100
AcDbEntity
  8
Top-Paste-Mask-Layer
  100
AcDbPolyline
  90
4
  70
1
  43
0.005080010160020321
  10
22.459969519939044
  20
24.492009144018294
  10
22.459969519939044
  20
23.392009144018292
  10
22.759994919989843
  20
23.392009144018292
  10
22.759994919989843
  20
24.492009144018294
  0
HATCH
  5
1073
  100
AcDbEntity
  8
Top-Paste-Mask-Layer
  100
AcDbHatch
  10
0
  20
0
  30
0
  210
0
  220
0
  230
1
  2
SOLID
  70
1
  71
0
  91
1
  92
7
  72
0
  73
1
  93
4
  10
22.960096520193044
  20
24.492009144018294
  10
22.960096520193044
  20
23.392009144018292
  10
23.260121920243844
  20
23.392009144018292
  10
23.260121920243844
  20
24.492009144018294
  97
1
  330
1072
  75
0
  76
1
  47
0.4128176842155181
  98
1
  10
34.90568961886538
  20
22.81183545379326
  450
0
  451
0
  460
0
  461
0
  452
1
  462
1
  453
2
  463
0
  63
5
  421
255
  463
1
  63
7
  421
16777215
  470
LINEAR
  1001
ACAD
  1010
0
  1020
0
  1030
0
  0
LWPOLYLINE
  5
1072
  100
AcDbEntity
  8
Top-Paste-Mask-Layer
  100
AcDbPolyline
  90
4
  70
1
  43
0.005080010160020321
  10
22.960096520193044
  20
24.492009144018294
  10
22.960096520193044
  20
23.392009144018292
  10
23.260121920243844
  20
23.392009144018292
  10
23.260121920243844
  20
24.492009144018294
  0
HATCH
  5
1075
  100
AcDbEntity
  8
Top-Paste-Mask-Layer
  100
AcDbHatch
  10
0
  20
0
  30
0
  210
0
  220
0
  230
1
  2
SOLID
  70
1
  71
0
  91
1
  92
7
  72
0
  73
1
  93
4
  10
25.55996951993904
  20
23.392009144018292
  10
25.55996951993904
  20
24.492009144018294
  10
24.959969519939044
  20
24.492009144018294
  10
24.959969519939044
  20
23.392009144018292
  97
1
  330
1074
  75
0
  76
1
  47
0.4128176842155181
  98
1
  10
34.90568961886538
  20
22.81183545379326
  450
0
  451
0
  460
0
  461
0
  452
1
  462
1
  453
2
  463
0
  63
5
  421
255
  463
1
  63
7
  421
16777215
  470
LINEAR
  1001
ACAD
  1010
0
  1020
0
  1030
0
  0
LWPOLYLINE
  5
1074
  100
AcDbEntity
  8
Top-Paste-Mask-Layer
  100
AcDbPolyline
  90
4
  70
1
  43
0.005080010160020321
  10
25.55996951993904
  20
23.392009144018292
  10
25.55996951993904
  20
24.492009144018294
  10
24.959969519939044
  20
24.492009144018294
  10
24.959969519939044
  20
23.392009144018292
  0
HATCH
  5
1077
  100
AcDbEntity
  8
Top-Paste-Mask-Layer
  100
AcDbHatch
  10
0
  20
0
  30
0
  210
0
  220
0
  230
1
  2
SOLID
  70
1
  71
0
  91
1
  92
7
  72
0
  73
1
  93
4
  10
23.459969519939044
  20
24.492009144018294
  10
23.45996951993904
  20
23.392009144018292
  10
23.759994919989843
  20
23.392009144018292
  10
23.759994919989843
  20
24.492009144018294
  97
1
  330
1076
  75
0
  76
1
  47
0.4128176842155181
  98
1
  10
34.90568961886538
  20
22.81183545379326
  450
0
  451
0
  460
0
  461
0
  452
1
  462
1
  453
2
  463
0
  63
5
  421
255
  463
1
  63
7
  421
16777215
  470
LINEAR
  1001
ACAD
  1010
0
  1020
0
  1030
0
  0
LWPOLYLINE
  5
1076
  100
AcDbEntity
  8
Top-Paste-Mask-Layer
  100
AcDbPolyline
  90
4
  70
1
  43
0.005080010160020321
  10
23.459969519939044
  20
24.492009144018294
  10
23.45996951993904
  20
23.392009144018292
  10
23.759994919989843
  20
23.392009144018292
  10
23.759994919989843
  20
24.492009144018294
  0
HATCH
  5
1079
  100
AcDbEntity
  8
Top-Paste-Mask-Layer
  100
AcDbHatch
  10
0
  20
0
  30
0
  210
0
  220
0
  230
1
  2
SOLID
  70
1
  71
0
  91
1
  92
7
  72
0
  73
1
  93
4
  10
23.959842519685044
  20
24.492009144018294
  10
23.959842519685044
  20
23.392009144018292
  10
24.259867919735843
  20
23.392009144018292
  10
24.259867919735843
  20
24.492009144018294
  97
1
  330
1078
  75
0
  76
1
  47
0.4128176842155181
  98
1
  10
34.90568961886538
  20
22.81183545379326
  450
0
  451
0
  460
0
  461
0
  452
1
  462
1
  453
2
  463
0
  63
5
  421
255
  463
1
  63
7
  421
16777215
  470
LINEAR
  1001
ACAD
  1010
0
  1020
0
  1030
0
  0
LWPOLYLINE
  5
1078
  100
AcDbEntity
  8
Top-Paste-Mask-Layer
  100
AcDbPolyline
  90
4
  70
1
  43
0.005080010160020321
  10
23.959842519685044
  20
24.492009144018294
  10
23.959842519685044
  20
23.392009144018292
  10
24.259867919735843
  20
23.392009144018292
  10
24.259867919735843
  20
24.492009144018294
  0
HATCH
  5
1081
  100
AcDbEntity
  8
Top-Paste-Mask-Layer
  100
AcDbHatch
  10
0
  20
0
  30
0
  210
0
  220
0
  230
1
  2
SOLID
  70
1
  71
0
  91
1
  92
7
  72
0
  73
1
  93
4
  10
24.459969519939044
  20
24.492009144018294
  10
24.459969519939044
  20
23.392009144018292
  10
24.759994919989843
  20
23.392009144018292
  10
24.759994919989843
  20
24.492009144018294
  97
1
  330
1080
  75
0
  76
1
  47
0.4128176842155181
  98
1
  10
34.90568961886538
  20
22.81183545379326
  450
0
  451
0
  460
0
  461
0
  452
1
  462
1
  453
2
  463
0
  63
5
  421
255
  463
1
  63
7
  421
16777215
  470
LINEAR
  1001
ACAD
  1010
0
  1020
0
  1030
0
  0
LWPOLYLINE
  5
1080
  100
AcDbEntity
  8
Top-Paste-Mask-Layer
  100
AcDbPolyline
  90
4
  70
1
  43
0.005080010160020321
  10
24.459969519939044
  20
24.492009144018294
  10
24.459969519939044
  20
23.392009144018292
  10
24.759994919989843
  20
23.392009144018292
  10
24.759994919989843
  20
24.492009144018294
  0
HATCH
  5
1083
  100
AcDbEntity
  8
Top-Paste-Mask-Layer
  100
AcDbHatch
  10
0
  20
0
  30
0
  210
0
  220
0
  230
1
  2
SOLID
  70
1
  71
0
  91
1
  92
7
  72
0
  73
1
  93
128
  10
18.49022098044196
  20
23.4936093472187
  10
18.520091440182885
  20
23.492110744221495
  10
18.550012700025402
  20
23.492110744221495
  10
18.57988315976632
  20
23.4936093472187
  10
18.60965201930404
  20
23.496581153162314
  10
18.63924307848616
  20
23.50105156210313
  10
18.668554737109478
  20
23.506969773939556
  10
18.697561595123194
  20
23.514361188722383
  10
18.726136652273308
  20
23.52317500635002
  10
18.75425450850902
  20
23.533411226822462
  10
18.781813563627132
  20
23.545019050038107
  10
18.80878841757684
  20
23.55799847599696
  10
18.835052070104144
  20
23.572324104648217
  10
18.860579121158246
  20
23.58791973583948
  10
18.885293370586744
  20
23.604759969519947
  10
18.90914401828804
  20
23.622844805689617
  10
18.93205486410973
  20
23.642072644145298
  10
18.95400050800102
  20
23.662418084836176
  10
18.9748793497587
  20
23.68383032766066
  10
18.994691389382783
  20
23.70625857251715
  10
19.01333502667006
  20
23.729652019304044
  10
19.030784861569725
  20
23.753934467868945
  10
19.047015494030994
  20
23.77908051816104
  10
19.06197612395225
  20
23.804988569977144
  10
19.075641351282705
  20
23.831607823215652
  10
19.087934975869953
  20
23.85886207772416
  10
19.098856997713998
  20
23.88672593345187
  10
19.108407416814835
  20
23.915072390144786
  10
19.116510033020067
  20
23.943876047752102
  10
19.123164846329693
  20
23.97303530607062
  10
19.128346456692917
  20
24.002499364998737
  10
19.13208026416053
  20
24.032192024384056
  10
19.13431546863094
  20
24.062037084074174
  10
19.135052070104145
  20
24.091932943865892
  10
19.135052070104145
  20
24.891932943865896
  10
19.13431546863094
  20
24.921828803657615
  10
19.13208026416053
  20
24.951673863347732
  10
19.128346456692917
  20
24.98136652273305
  10
19.123164846329693
  20
25.010830581661168
  10
19.11651003302007
  20
25.039989839979686
  10
19.108407416814835
  20
25.068793497587002
  10
19.098856997713998
  20
25.097139954279914
  10
19.087934975869953
  20
25.125003810007627
  10
19.07564135128271
  20
25.152258064516136
  10
19.06197612395225
  20
25.17887731775464
  10
19.047015494030994
  20
25.204785369570743
  10
19.030784861569725
  20
25.229931419862844
  10
19.01333502667006
  20
25.254213868427744
  10
18.994691389382783
  20
25.277607315214638
  10
18.9748793497587
  20
25.300035560071127
  10
18.95400050800102
  20
25.321447802895612
  10
18.93205486410973
  20
25.341793243586494
  10
18.90914401828804
  20
25.36102108204217
  10
18.885293370586744
  20
25.37910591821184
  10
18.860579121158246
  20
25.39594615189231
  10
18.835052070104144
  20
25.41154178308357
  10
18.80878841757684
  20
25.425867411734828
  10
18.781813563627132
  20
25.43884683769368
  10
18.75425450850902
  20
25.45045466090933
  10
18.726136652273308
  20
25.46069088138177
  10
18.697561595123194
  20
25.469504699009406
  10
18.668554737109478
  20
25.476896113792236
  10
18.63924307848616
  20
25.48281432562866
  10
18.60965201930404
  20
25.487284734569478
  10
18.57988315976632
  20
25.490256540513087
  10
18.550012700025402
  20
25.491755143510296
  10
18.520091440182885
  20
25.491755143510296
  10
18.49022098044196
  20
25.490256540513087
  10
18.460452120904243
  20
25.487284734569478
  10
18.430861061722126
  20
25.48281432562866
  10
18.40154940309881
  20
25.476896113792236
  10
18.372542545085093
  20
25.469504699009406
  10
18.343967487934982
  20
25.46069088138177
  10
18.315849631699265
  20
25.45045466090933
  10
18.288290576581158
  20
25.43884683769368
  10
18.261315722631448
  20
25.425867411734828
  10
18.235052070104143
  20
25.41154178308357
  10
18.20952501905004
  20
25.39594615189231
  10
18.184810769621546
  20
25.37910591821184
  10
18.160960121920247
  20
25.36102108204217
  10
18.138049276098556
  20
25.341793243586494
  10
18.116103632207267
  20
25.321447802895612
  10
18.095224790449585
  20
25.300035560071127
  10
18.075412750825507
  20
25.277607315214638
  10
18.05676911353823
  20
25.254213868427744
  10
18.039319278638562
  20
25.229931419862847
  10
18.023088646177293
  20
25.204785369570743
  10
18.008128016256034
  20
25.17887731775464
  10
17.99446278892558
  20
25.152258064516136
  10
17.98216916433833
  20
25.125003810007627
  10
17.971247142494292
  20
25.097139954279914
  10
17.961696723393448
  20
25.068793497587002
  10
17.95359410718822
  20
25.039989839979686
  10
17.94693929387859
  20
25.01083058166117
  10
17.94175768351537
  20
24.981366522733055
  10
17.938023876047755
  20
24.951673863347732
  10
17.93578867157735
  20
24.921828803657615
  10
17.935052070104142
  20
24.891932943865896
  10
17.935052070104142
  20
24.091932943865892
  10
17.93578867157735
  20
24.062037084074174
  10
17.938023876047755
  20
24.032192024384056
  10
17.94175768351537
  20
24.002499364998737
  10
17.94693929387859
  20
23.97303530607062
  10
17.95359410718822
  20
23.943876047752102
  10
17.961696723393448
  20
23.915072390144786
  10
17.971247142494292
  20
23.88672593345187
  10
17.98216916433833
  20
23.85886207772416
  10
17.99446278892558
  20
23.831607823215652
  10
18.008128016256034
  20
23.804988569977144
  10
18.023088646177293
  20
23.77908051816104
  10
18.039319278638562
  20
23.753934467868945
  10
18.05676911353823
  20
23.729652019304044
  10
18.075412750825507
  20
23.70625857251715
  10
18.095224790449585
  20
23.68383032766066
  10
18.116103632207267
  20
23.662418084836176
  10
18.138049276098556
  20
23.642072644145298
  10
18.160960121920247
  20
23.622844805689617
  10
18.184810769621546
  20
23.604759969519947
  10
18.20952501905004
  20
23.58791973583948
  10
18.235052070104143
  20
23.572324104648217
  10
18.261315722631448
  20
23.55799847599696
  10
18.288290576581158
  20
23.545019050038107
  10
18.315849631699265
  20
23.533411226822462
  10
18.343967487934982
  20
23.52317500635002
  10
18.372542545085093
  20
23.514361188722383
  10
18.40154940309881
  20
23.506969773939556
  10
18.430861061722126
  20
23.50105156210313
  10
18.460452120904243
  20
23.496581153162314
  97
1
  330
1082
  75
0
  76
1
  47
0.4128176842155181
  98
1
  10
34.90568961886538
  20
22.81183545379326
  450
0
  451
0
  460
0
  461
0
  452
1
  462
1
  453
2
  463
0
  63
5
  421
255
  463
1
  63
7
  421
16777215
  470
LINEAR
  1001
ACAD
  1010
0
  1020
0
  1030
0
  0
LWPOLYLINE
  5
1082
  100
AcDbEntity
  8
Top-Paste-Mask-Layer
  100
AcDbPolyline
  90
128
  70
1
  43
0.005080010160020321
  10
18.49022098044196
  20
23.4936093472187
  10
18.520091440182885
  20
23.492110744221495
  10
18.550012700025402
  20
23.492110744221495
  10
18.57988315976632
  20
23.4936093472187
  10
18.60965201930404
  20
23.496581153162314
  10
18.63924307848616
  20
23.50105156210313
  10
18.668554737109478
  20
23.506969773939556
  10
18.697561595123194
  20
23.514361188722383
  10
18.726136652273308
  20
23.52317500635002
  10
18.75425450850902
  20
23.533411226822462
  10
18.781813563627132
  20
23.545019050038107
  10
18.80878841757684
  20
23.55799847599696
  10
18.835052070104144
  20
23.572324104648217
  10
18.860579121158246
  20
23.58791973583948
  10
18.885293370586744
  20
23.604759969519947
  10
18.90914401828804
  20
23.622844805689617
  10
18.93205486410973
  20
23.642072644145298
  10
18.95400050800102
  20
23.662418084836176
  10
18.9748793497587
  20
23.68383032766066
  10
18.994691389382783
  20
23.70625857251715
  10
19.01333502667006
  20
23.729652019304044
  10
19.030784861569725
  20
23.753934467868945
  10
19.047015494030994
  20
23.77908051816104
  10
19.06197612395225
  20
23.804988569977144
  10
19.075641351282705
  20
23.831607823215652
  10
19.087934975869953
  20
23.85886207772416
  10
19.098856997713998
  20
23.88672593345187
  10
19.108407416814835
  20
23.915072390144786
  10
19.116510033020067
  20
23.943876047752102
  10
19.123164846329693
  20
23.97303530607062
  10
19.128346456692917
  20
24.002499364998737
  10
19.13208026416053
  20
24.032192024384056
  10
19.13431546863094
  20
24.062037084074174
  10
19.135052070104145
  20
24.091932943865892
  10
19.135052070104145
  20
24.891932943865896
  10
19.13431546863094
  20
24.921828803657615
  10
19.13208026416053
  20
24.951673863347732
  10
19.128346456692917
  20
24.98136652273305
  10
19.123164846329693
  20
25.010830581661168
  10
19.11651003302007
  20
25.039989839979686
  10
19.108407416814835
  20
25.068793497587002
  10
19.098856997713998
  20
25.097139954279914
  10
19.087934975869953
  20
25.125003810007627
  10
19.07564135128271
  20
25.152258064516136
  10
19.06197612395225
  20
25.17887731775464
  10
19.047015494030994
  20
25.204785369570743
  10
19.030784861569725
  20
25.229931419862844
  10
19.01333502667006
  20
25.254213868427744
  10
18.994691389382783
  20
25.277607315214638
  10
18.9748793497587
  20
25.300035560071127
  10
18.95400050800102
  20
25.321447802895612
  10
18.93205486410973
  20
25.341793243586494
  10
18.90914401828804
  20
25.36102108204217
  10
18.885293370586744
  20
25.37910591821184
  10
18.860579121158246
  20
25.39594615189231
  10
18.835052070104144
  20
25.41154178308357
  10
18.80878841757684
  20
25.425867411734828
  10
18.781813563627132
  20
25.43884683769368
  10
18.75425450850902
  20
25.45045466090933
  10
18.726136652273308
  20
25.46069088138177
  10
18.697561595123194
  20
25.469504699009406
  10
18.668554737109478
  20
25.476896113792236
  10
18.63924307848616
  20
25.48281432562866
  10
18.60965201930404
  20
25.487284734569478
  10
18.57988315976632
  20
25.490256540513087
  10
18.550012700025402
  20
25.491755143510296
  10
18.520091440182885
  20
25.491755143510296
  10
18.49022098044196
  20
25.490256540513087
  10
18.460452120904243
  20
25.487284734569478
  10
18.430861061722126
  20
25.48281432562866
  10
18.40154940309881
  20
25.476896113792236
  10
18.372542545085093
  20
25.469504699009406
  10
18.343967487934982
  20
25.46069088138177
  10
18.315849631699265
  20
25.45045466090933
  10
18.288290576581158
  20
25.43884683769368
  10
18.261315722631448
  20
25.425867411734828
  10
18.235052070104143
  20
25.41154178308357
  10
18.20952501905004
  20
25.39594615189231
  10
18.184810769621546
  20
25.37910591821184
  10
18.160960121920247
  20
25.36102108204217
  10
18.138049276098556
  20
25.341793243586494
  10
18.116103632207267
  20
25.321447802895612
  10
18.095224790449585
  20
25.300035560071127
  10
18.075412750825507
  20
25.277607315214638
  10
18.05676911353823
  20
25.254213868427744
  10
18.039319278638562
  20
25.229931419862847
  10
18.023088646177293
  20
25.204785369570743
  10
18.008128016256034
  20
25.17887731775464
  10
17.99446278892558
  20
25.152258064516136
  10
17.98216916433833
  20
25.125003810007627
  10
17.971247142494292
  20
25.097139954279914
  10
17.961696723393448
  20
25.068793497587002
  10
17.95359410718822
  20
25.039989839979686
  10
17.94693929387859
  20
25.01083058166117
  10
17.94175768351537
  20
24.981366522733055
  10
17.938023876047755
  20
24.951673863347732
  10
17.93578867157735
  20
24.921828803657615
  10
17.935052070104142
  20
24.891932943865896
  10
17.935052070104142
  20
24.091932943865892
  10
17.93578867157735
  20
24.062037084074174
  10
17.938023876047755
  20
24.032192024384056
  10
17.94175768351537
  20
24.002499364998737
  10
17.94693929387859
  20
23.97303530607062
  10
17.95359410718822
  20
23.943876047752102
  10
17.961696723393448
  20
23.915072390144786
  10
17.971247142494292
  20
23.88672593345187
  10
17.98216916433833
  20
23.85886207772416
  10
17.99446278892558
  20
23.831607823215652
  10
18.008128016256034
  20
23.804988569977144
  10
18.023088646177293
  20
23.77908051816104
  10
18.039319278638562
  20
23.753934467868945
  10
18.05676911353823
  20
23.729652019304044
  10
18.075412750825507
  20
23.70625857251715
  10
18.095224790449585
  20
23.68383032766066
  10
18.116103632207267
  20
23.662418084836176
  10
18.138049276098556
  20
23.642072644145298
  10
18.160960121920247
  20
23.622844805689617
  10
18.184810769621546
  20
23.604759969519947
  10
18.20952501905004
  20
23.58791973583948
  10
18.235052070104143
  20
23.572324104648217
  10
18.261315722631448
  20
23.55799847599696
  10
18.288290576581158
  20
23.545019050038107
  10
18.315849631699265
  20
23.533411226822462
  10
18.343967487934982
  20
23.52317500635002
  10
18.372542545085093
  20
23.514361188722383
  10
18.40154940309881
  20
23.506969773939556
  10
18.430861061722126
  20
23.50105156210313
  10
18.460452120904243
  20
23.496581153162314
  0
HATCH
  5
1085
  100
AcDbEntity
  8
Top-Paste-Mask-Layer
  100
AcDbHatch
  10
0
  20
0
  30
0
  210
0
  220
0
  230
1
  2
SOLID
  70
1
  71
0
  91
1
  92
7
  72
0
  73
1
  93
128
  10
27.200000000000003
  20
23.492110744221492
  10
27.229870459740926
  20
23.4936093472187
  10
27.259639319278644
  20
23.49658115316231
  10
27.289230378460765
  20
23.50105156210313
  10
27.31854203708408
  20
23.506969773939556
  10
27.347548895097795
  20
23.514361188722383
  10
27.37612395224791
  20
23.52317500635002
  10
27.404241808483622
  20
23.533411226822462
  10
27.43180086360173
  20
23.545019050038107
  10
27.45877571755144
  20
23.557998475996957
  10
27.485039370078745
  20
23.572324104648217
  10
27.510566421132847
  20
23.587919735839478
  10
27.53528067056134
  20
23.604759969519943
  10
27.55913131826264
  20
23.622844805689617
  10
27.58204216408433
  20
23.642072644145294
  10
27.60398780797562
  20
23.662418084836176
  10
27.624866649733306
  20
23.68383032766066
  10
27.64467868935738
  20
23.70625857251715
  10
27.663322326644657
  20
23.729652019304044
  10
27.680772161544326
  20
23.75393446786894
  10
27.697002794005595
  20
23.77908051816104
  10
27.71196342392685
  20
23.804988569977144
  10
27.725628651257306
  20
23.831607823215652
  10
27.737922275844557
  20
23.85886207772416
  10
27.748844297688596
  20
23.88672593345187
  10
27.758394716789436
  20
23.915072390144783
  10
27.76649733299467
  20
23.943876047752102
  10
27.773152146304295
  20
23.973035306070617
  10
27.778333756667518
  20
24.002499364998734
  10
27.78206756413513
  20
24.032192024384052
  10
27.78430276860554
  20
24.062037084074174
  10
27.785039370078746
  20
24.091932943865892
  10
27.785039370078746
  20
24.891932943865893
  10
27.78430276860554
  20
24.92182880365761
  10
27.78206756413513
  20
24.951673863347732
  10
27.778333756667518
  20
24.98136652273305
  10
27.773152146304295
  20
25.010830581661168
  10
27.76649733299467
  20
25.039989839979686
  10
27.758394716789436
  20
25.068793497587002
  10
27.748844297688596
  20
25.097139954279914
  10
27.737922275844557
  20
25.125003810007627
  10
27.725628651257306
  20
25.152258064516133
  10
27.71196342392685
  20
25.17887731775464
  10
27.697002794005595
  20
25.204785369570743
  10
27.680772161544326
  20
25.229931419862844
  10
27.663322326644657
  20
25.25421386842774
  10
27.64467868935738
  20
25.277607315214638
  10
27.624866649733306
  20
25.300035560071123
  10
27.60398780797562
  20
25.321447802895612
  10
27.58204216408433
  20
25.341793243586494
  10
27.55913131826264
  20
25.36102108204217
  10
27.53528067056134
  20
25.37910591821184
  10
27.510566421132847
  20
25.39594615189231
  10
27.485039370078745
  20
25.41154178308357
  10
27.45877571755144
  20
25.425867411734828
  10
27.43180086360173
  20
25.43884683769368
  10
27.404241808483622
  20
25.45045466090933
  10
27.37612395224791
  20
25.460690881381765
  10
27.347548895097795
  20
25.469504699009406
  10
27.31854203708408
  20
25.476896113792233
  10
27.289230378460765
  20
25.482814325628656
  10
27.259639319278644
  20
25.487284734569474
  10
27.229870459740926
  20
25.490256540513087
  10
27.200000000000003
  20
25.491755143510293
  10
27.170078740157486
  20
25.491755143510293
  10
27.140208280416566
  20
25.490256540513087
  10
27.110439420878848
  20
25.487284734569474
  10
27.080848361696727
  20
25.482814325628656
  10
27.051536703073413
  20
25.476896113792233
  10
27.022529845059694
  20
25.469504699009406
  10
26.99395478790958
  20
25.460690881381765
  10
26.96583693167387
  20
25.45045466090933
  10
26.938277876555755
  20
25.43884683769368
  10
26.91130302260605
  20
25.425867411734828
  10
26.885039370078744
  20
25.41154178308357
  10
26.859512319024645
  20
25.39594615189231
  10
26.834798069596143
  20
25.37910591821184
  10
26.81094742189485
  20
25.36102108204217
  10
26.788036576073157
  20
25.341793243586494
  10
26.76609093218187
  20
25.321447802895612
  10
26.745212090424186
  20
25.300035560071123
  10
26.725400050800108
  20
25.277607315214638
  10
26.70675641351283
  20
25.25421386842774
  10
26.689306578613163
  20
25.229931419862844
  10
26.673075946151897
  20
25.204785369570743
  10
26.65811531623064
  20
25.17887731775464
  10
26.64445008890018
  20
25.152258064516136
  10
26.632156464312935
  20
25.125003810007627
  10
26.62123444246889
  20
25.097139954279914
  10
26.611684023368053
  20
25.068793497587002
  10
26.603581407162817
  20
25.039989839979686
  10
26.596926593853194
  20
25.010830581661168
  10
26.59174498348997
  20
24.98136652273305
  10
26.58801117602236
  20
24.951673863347732
  10
26.585775971551946
  20
24.92182880365761
  10
26.585039370078746
  20
24.891932943865893
  10
26.585039370078746
  20
24.091932943865892
  10
26.585775971551946
  20
24.062037084074174
  10
26.588011176022356
  20
24.032192024384052
  10
26.59174498348997
  20
24.002499364998734
  10
26.59692659385319
  20
23.973035306070617
  10
26.603581407162817
  20
23.943876047752102
  10
26.611684023368053
  20
23.915072390144783
  10
26.62123444246889
  20
23.88672593345187
  10
26.63215646431293
  20
23.85886207772416
  10
26.64445008890018
  20
23.831607823215652
  10
26.65811531623064
  20
23.804988569977144
  10
26.673075946151897
  20
23.77908051816104
  10
26.689306578613163
  20
23.75393446786894
  10
26.70675641351283
  20
23.729652019304044
  10
26.725400050800108
  20
23.70625857251715
  10
26.745212090424186
  20
23.68383032766066
  10
26.76609093218187
  20
23.662418084836176
  10
26.788036576073157
  20
23.642072644145294
  10
26.81094742189485
  20
23.622844805689617
  10
26.834798069596143
  20
23.604759969519943
  10
26.859512319024645
  20
23.587919735839478
  10
26.885039370078744
  20
23.572324104648217
  10
26.91130302260605
  20
23.557998475996957
  10
26.938277876555755
  20
23.545019050038107
  10
26.96583693167387
  20
23.533411226822462
  10
26.99395478790958
  20
23.52317500635002
  10
27.022529845059694
  20
23.514361188722383
  10
27.051536703073413
  20
23.506969773939556
  10
27.080848361696727
  20
23.50105156210313
  10
27.110439420878848
  20
23.49658115316231
  10
27.140208280416566
  20
23.4936093472187
  10
27.170078740157486
  20
23.492110744221492
  97
1
  330
1084
  75
0
  76
1
  47
0.4128176842155181
  98
1
  10
34.90568961886538
  20
22.81183545379326
  450
0
  451
0
  460
0
  461
0
  452
1
  462
1
  453
2
  463
0
  63
5
  421
255
  463
1
  63
7
  421
16777215
  470
LINEAR
  1001
ACAD
  1010
0
  1020
0
  1030
0
  0
LWPOLYLINE
  5
1084
  100
AcDbEntity
  8
Top-Paste-Mask-Layer
  100
AcDbPolyline
  90
128
  70
1
  43
0.005080010160020321
  10
27.200000000000003
  20
23.492110744221492
  10
27.229870459740926
  20
23.4936093472187
  10
27.259639319278644
  20
23.49658115316231
  10
27.289230378460765
  20
23.50105156210313
  10
27.31854203708408
  20
23.506969773939556
  10
27.347548895097795
  20
23.514361188722383
  10
27.37612395224791
  20
23.52317500635002
  10
27.404241808483622
  20
23.533411226822462
  10
27.43180086360173
  20
23.545019050038107
  10
27.45877571755144
  20
23.557998475996957
  10
27.485039370078745
  20
23.572324104648217
  10
27.510566421132847
  20
23.587919735839478
  10
27.53528067056134
  20
23.604759969519943
  10
27.55913131826264
  20
23.622844805689617
  10
27.58204216408433
  20
23.642072644145294
  10
27.60398780797562
  20
23.662418084836176
  10
27.624866649733306
  20
23.68383032766066
  10
27.64467868935738
  20
23.70625857251715
  10
27.663322326644657
  20
23.729652019304044
  10
27.680772161544326
  20
23.75393446786894
  10
27.697002794005595
  20
23.77908051816104
  10
27.71196342392685
  20
23.804988569977144
  10
27.725628651257306
  20
23.831607823215652
  10
27.737922275844557
  20
23.85886207772416
  10
27.748844297688596
  20
23.88672593345187
  10
27.758394716789436
  20
23.915072390144783
  10
27.76649733299467
  20
23.943876047752102
  10
27.773152146304295
  20
23.973035306070617
  10
27.778333756667518
  20
24.002499364998734
  10
27.78206756413513
  20
24.032192024384052
  10
27.78430276860554
  20
24.062037084074174
  10
27.785039370078746
  20
24.091932943865892
  10
27.785039370078746
  20
24.891932943865893
  10
27.78430276860554
  20
24.92182880365761
  10
27.78206756413513
  20
24.951673863347732
  10
27.778333756667518
  20
24.98136652273305
  10
27.773152146304295
  20
25.010830581661168
  10
27.76649733299467
  20
25.039989839979686
  10
27.758394716789436
  20
25.068793497587002
  10
27.748844297688596
  20
25.097139954279914
  10
27.737922275844557
  20
25.125003810007627
  10
27.725628651257306
  20
25.152258064516133
  10
27.71196342392685
  20
25.17887731775464
  10
27.697002794005595
  20
25.204785369570743
  10
27.680772161544326
  20
25.229931419862844
  10
27.663322326644657
  20
25.25421386842774
  10
27.64467868935738
  20
25.277607315214638
  10
27.624866649733306
  20
25.300035560071123
  10
27.60398780797562
  20
25.321447802895612
  10
27.58204216408433
  20
25.341793243586494
  10
27.55913131826264
  20
25.36102108204217
  10
27.53528067056134
  20
25.37910591821184
  10
27.510566421132847
  20
25.39594615189231
  10
27.485039370078745
  20
25.41154178308357
  10
27.45877571755144
  20
25.425867411734828
  10
27.43180086360173
  20
25.43884683769368
  10
27.404241808483622
  20
25.45045466090933
  10
27.37612395224791
  20
25.460690881381765
  10
27.347548895097795
  20
25.469504699009406
  10
27.31854203708408
  20
25.476896113792233
  10
27.289230378460765
  20
25.482814325628656
  10
27.259639319278644
  20
25.487284734569474
  10
27.229870459740926
  20
25.490256540513087
  10
27.200000000000003
  20
25.491755143510293
  10
27.170078740157486
  20
25.491755143510293
  10
27.140208280416566
  20
25.490256540513087
  10
27.110439420878848
  20
25.487284734569474
  10
27.080848361696727
  20
25.482814325628656
  10
27.051536703073413
  20
25.476896113792233
  10
27.022529845059694
  20
25.469504699009406
  10
26.99395478790958
  20
25.460690881381765
  10
26.96583693167387
  20
25.45045466090933
  10
26.938277876555755
  20
25.43884683769368
  10
26.91130302260605
  20
25.425867411734828
  10
26.885039370078744
  20
25.41154178308357
  10
26.859512319024645
  20
25.39594615189231
  10
26.834798069596143
  20
25.37910591821184
  10
26.81094742189485
  20
25.36102108204217
  10
26.788036576073157
  20
25.341793243586494
  10
26.76609093218187
  20
25.321447802895612
  10
26.745212090424186
  20
25.300035560071123
  10
26.725400050800108
  20
25.277607315214638
  10
26.70675641351283
  20
25.25421386842774
  10
26.689306578613163
  20
25.229931419862844
  10
26.673075946151897
  20
25.204785369570743
  10
26.65811531623064
  20
25.17887731775464
  10
26.64445008890018
  20
25.152258064516136
  10
26.632156464312935
  20
25.125003810007627
  10
26.62123444246889
  20
25.097139954279914
  10
26.611684023368053
  20
25.068793497587002
  10
26.603581407162817
  20
25.039989839979686
  10
26.596926593853194
  20
25.010830581661168
  10
26.59174498348997
  20
24.98136652273305
  10
26.58801117602236
  20
24.951673863347732
  10
26.585775971551946
  20
24.92182880365761
  10
26.585039370078746
  20
24.891932943865893
  10
26.585039370078746
  20
24.091932943865892
  10
26.585775971551946
  20
24.062037084074174
  10
26.588011176022356
  20
24.032192024384052
  10
26.59174498348997
  20
24.002499364998734
  10
26.59692659385319
  20
23.973035306070617
  10
26.603581407162817
  20
23.943876047752102
  10
26.611684023368053
  20
23.915072390144783
  10
26.62123444246889
  20
23.88672593345187
  10
26.63215646431293
  20
23.85886207772416
  10
26.64445008890018
  20
23.831607823215652
  10
26.65811531623064
  20
23.804988569977144
  10
26.673075946151897
  20
23.77908051816104
  10
26.689306578613163
  20
23.75393446786894
  10
26.70675641351283
  20
23.729652019304044
  10
26.725400050800108
  20
23.70625857251715
  10
26.745212090424186
  20
23.68383032766066
  10
26.76609093218187
  20
23.662418084836176
  10
26.788036576073157
  20
23.642072644145294
  10
26.81094742189485
  20
23.622844805689617
  10
26.834798069596143
  20
23.604759969519943
  10
26.859512319024645
  20
23.587919735839478
  10
26.885039370078744
  20
23.572324104648217
  10
26.91130302260605
  20
23.557998475996957
  10
26.938277876555755
  20
23.545019050038107
  10
26.96583693167387
  20
23.533411226822462
  10
26.99395478790958
  20
23.52317500635002
  10
27.022529845059694
  20
23.514361188722383
  10
27.051536703073413
  20
23.506969773939556
  10
27.080848361696727
  20
23.50105156210313
  10
27.110439420878848
  20
23.49658115316231
  10
27.140208280416566
  20
23.4936093472187
  10
27.170078740157486
  20
23.492110744221492
  0
HATCH
  5
1087
  100
AcDbEntity
  8
Top-Paste-Mask-Layer
  100
AcDbHatch
  10
0
  20
0
  30
0
  210
0
  220
0
  230
1
  2
SOLID
  70
1
  71
0
  91
1
  92
7
  72
0
  73
1
  93
128
  10
27.140208280416562
  20
27.9437744475489
  10
27.170078740157482
  20
27.942275844551695
  10
27.2
  20
27.942275844551695
  10
27.229870459740923
  20
27.9437744475489
  10
27.25963931927864
  20
27.946746253492513
  10
27.289230378460758
  20
27.951216662433332
  10
27.318542037084075
  20
27.957134874269755
  10
27.34754889509779
  20
27.964526289052586
  10
27.376123952247905
  20
27.97334010668022
  10
27.40424180848362
  20
27.98357632715266
  10
27.431800863601726
  20
27.995184150368306
  10
27.458775717551436
  20
28.008163576327156
  10
27.48503937007874
  20
28.022489204978413
  10
27.510566421132843
  20
28.03808483616968
  10
27.535280670561338
  20
28.054925069850146
  10
27.559131318262637
  20
28.07300990601982
  10
27.582042164084328
  20
28.092237744475494
  10
27.603987807975617
  20
28.112583185166375
  10
27.624866649733303
  20
28.13399542799086
  10
27.644678689357377
  20
28.156423672847353
  10
27.663322326644654
  20
28.179817119634244
  10
27.680772161544322
  20
28.20409956819914
  10
27.697002794005588
  20
28.22924561849124
  10
27.71196342392685
  20
28.255153670307347
  10
27.725628651257306
  20
28.28177292354585
  10
27.73792227584455
  20
28.309027178054365
  10
27.748844297688596
  20
28.336891033782074
  10
27.758394716789436
  20
28.36523749047499
  10
27.766497332994664
  20
28.3940411480823
  10
27.773152146304295
  20
28.423200406400817
  10
27.778333756667518
  20
28.452664465328937
  10
27.78206756413513
  20
28.482357124714255
  10
27.78430276860554
  20
28.512202184404373
  10
27.785039370078746
  20
28.542098044196095
  10
27.785039370078746
  20
28.842098044196092
  10
27.78430276860554
  20
28.871993903987814
  10
27.78206756413513
  20
28.901838963677932
  10
27.778333756667518
  20
28.93153162306325
  10
27.773152146304295
  20
28.96099568199137
  10
27.766497332994664
  20
28.990154940309885
  10
27.758394716789436
  20
29.0189585979172
  10
27.748844297688596
  20
29.047305054610113
  10
27.73792227584455
  20
29.075168910337826
  10
27.725628651257306
  20
29.102423164846336
  10
27.71196342392685
  20
29.129042418084843
  10
27.697002794005588
  20
29.154950469900946
  10
27.680772161544322
  20
29.180096520193047
  10
27.663322326644654
  20
29.204378968757943
  10
27.644678689357377
  20
29.227772415544838
  10
27.624866649733303
  20
29.250200660401326
  10
27.603987807975617
  20
29.27161290322581
  10
27.582042164084328
  20
29.291958343916694
  10
27.559131318262637
  20
29.31118618237237
  10
27.535280670561338
  20
29.329271018542045
  10
27.510566421132843
  20
29.34611125222251
  10
27.48503937007874
  20
29.361706883413774
  10
27.458775717551436
  20
29.37603251206503
  10
27.431800863601726
  20
29.389011938023884
  10
27.40424180848362
  20
29.40061976123953
  10
27.376123952247905
  20
29.41085598171197
  10
27.34754889509779
  20
29.419669799339605
  10
27.318542037084075
  20
29.427061214122432
  10
27.289230378460758
  20
29.432979425958855
  10
27.25963931927864
  20
29.437449834899674
  10
27.229870459740923
  20
29.44042164084329
  10
27.2
  20
29.441920243840492
  10
27.170078740157482
  20
29.441920243840492
  10
27.140208280416562
  20
29.44042164084329
  10
27.110439420878844
  20
29.437449834899674
  10
27.080848361696724
  20
29.432979425958855
  10
27.05153670307341
  20
29.427061214122432
  10
27.02252984505969
  20
29.419669799339605
  10
26.993954787909576
  20
29.41085598171197
  10
26.965836931673866
  20
29.40061976123953
  10
26.938277876555752
  20
29.389011938023884
  10
26.911303022606045
  20
29.37603251206503
  10
26.88503937007874
  20
29.361706883413774
  10
26.859512319024642
  20
29.34611125222251
  10
26.83479806959614
  20
29.329271018542045
  10
26.810947421894845
  20
29.31118618237237
  10
26.788036576073154
  20
29.291958343916694
  10
26.766090932181864
  20
29.27161290322581
  10
26.745212090424182
  20
29.250200660401326
  10
26.725400050800104
  20
29.227772415544838
  10
26.706756413512828
  20
29.204378968757943
  10
26.68930657861316
  20
29.180096520193047
  10
26.673075946151894
  20
29.154950469900946
  10
26.658115316230635
  20
29.129042418084843
  10
26.64445008890018
  20
29.102423164846336
  10
26.63215646431293
  20
29.075168910337826
  10
26.621234442468886
  20
29.047305054610113
  10
26.61168402336805
  20
29.0189585979172
  10
26.603581407162817
  20
28.990154940309885
  10
26.59692659385319
  20
28.96099568199137
  10
26.591744983489967
  20
28.93153162306325
  10
26.588011176022356
  20
28.901838963677932
  10
26.585775971551943
  20
28.871993903987814
  10
26.585039370078743
  20
28.842098044196092
  10
26.585039370078743
  20
28.542098044196095
  10
26.585775971551943
  20
28.512202184404373
  10
26.588011176022356
  20
28.482357124714255
  10
26.591744983489967
  20
28.452664465328937
  10
26.59692659385319
  20
28.423200406400817
  10
26.603581407162817
  20
28.3940411480823
  10
26.61168402336805
  20
28.36523749047499
  10
26.621234442468886
  20
28.336891033782074
  10
26.63215646431293
  20
28.309027178054365
  10
26.64445008890018
  20
28.28177292354585
  10
26.658115316230635
  20
28.255153670307347
  10
26.673075946151894
  20
28.229245618491245
  10
26.68930657861316
  20
28.20409956819914
  10
26.706756413512828
  20
28.179817119634244
  10
26.725400050800104
  20
28.156423672847353
  10
26.745212090424182
  20
28.13399542799086
  10
26.766090932181864
  20
28.112583185166375
  10
26.788036576073154
  20
28.092237744475497
  10
26.810947421894845
  20
28.07300990601982
  10
26.83479806959614
  20
28.054925069850146
  10
26.859512319024642
  20
28.03808483616968
  10
26.88503937007874
  20
28.022489204978413
  10
26.911303022606045
  20
28.008163576327156
  10
26.938277876555752
  20
27.995184150368306
  10
26.965836931673866
  20
27.98357632715266
  10
26.993954787909576
  20
27.97334010668022
  10
27.02252984505969
  20
27.964526289052586
  10
27.05153670307341
  20
27.957134874269755
  10
27.080848361696724
  20
27.951216662433332
  10
27.110439420878844
  20
27.946746253492513
  97
1
  330
1086
  75
0
  76
1
  47
0.4128176842155181
  98
1
  10
34.90568961886538
  20
22.81183545379326
  450
0
  451
0
  460
0
  461
0
  452
1
  462
1
  453
2
  463
0
  63
5
  421
255
  463
1
  63
7
  421
16777215
  470
LINEAR
  1001
ACAD
  1010
0
  1020
0
  1030
0
  0
LWPOLYLINE
  5
1086
  100
AcDbEntity
  8
Top-Paste-Mask-Layer
  100
AcDbPolyline
  90
128
  70
1
  43
0.005080010160020321
  10
27.140208280416562
  20
27.9437744475489
  10
27.170078740157482
  20
27.942275844551695
  10
27.2
  20
27.942275844551695
  10
27.229870459740923
  20
27.9437744475489
  10
27.25963931927864
  20
27.946746253492513
  10
27.289230378460758
  20
27.951216662433332
  10
27.318542037084075
  20
27.957134874269755
  10
27.34754889509779
  20
27.964526289052586
  10
27.376123952247905
  20
27.97334010668022
  10
27.40424180848362
  20
27.98357632715266
  10
27.431800863601726
  20
27.995184150368306
  10
27.458775717551436
  20
28.008163576327156
  10
27.48503937007874
  20
28.022489204978413
  10
27.510566421132843
  20
28.03808483616968
  10
27.535280670561338
  20
28.054925069850146
  10
27.559131318262637
  20
28.07300990601982
  10
27.582042164084328
  20
28.092237744475494
  10
27.603987807975617
  20
28.112583185166375
  10
27.624866649733303
  20
28.13399542799086
  10
27.644678689357377
  20
28.156423672847353
  10
27.663322326644654
  20
28.179817119634244
  10
27.680772161544322
  20
28.20409956819914
  10
27.697002794005588
  20
28.22924561849124
  10
27.71196342392685
  20
28.255153670307347
  10
27.725628651257306
  20
28.28177292354585
  10
27.73792227584455
  20
28.309027178054365
  10
27.748844297688596
  20
28.336891033782074
  10
27.758394716789436
  20
28.36523749047499
  10
27.766497332994664
  20
28.3940411480823
  10
27.773152146304295
  20
28.423200406400817
  10
27.778333756667518
  20
28.452664465328937
  10
27.78206756413513
  20
28.482357124714255
  10
27.78430276860554
  20
28.512202184404373
  10
27.785039370078746
  20
28.542098044196095
  10
27.785039370078746
  20
28.842098044196092
  10
27.78430276860554
  20
28.871993903987814
  10
27.78206756413513
  20
28.901838963677932
  10
27.778333756667518
  20
28.93153162306325
  10
27.773152146304295
  20
28.96099568199137
  10
27.766497332994664
  20
28.990154940309885
  10
27.758394716789436
  20
29.0189585979172
  10
27.748844297688596
  20
29.047305054610113
  10
27.73792227584455
  20
29.075168910337826
  10
27.725628651257306
  20
29.102423164846336
  10
27.71196342392685
  20
29.129042418084843
  10
27.697002794005588
  20
29.154950469900946
  10
27.680772161544322
  20
29.180096520193047
  10
27.663322326644654
  20
29.204378968757943
  10
27.644678689357377
  20
29.227772415544838
  10
27.624866649733303
  20
29.250200660401326
  10
27.603987807975617
  20
29.27161290322581
  10
27.582042164084328
  20
29.291958343916694
  10
27.559131318262637
  20
29.31118618237237
  10
27.535280670561338
  20
29.329271018542045
  10
27.510566421132843
  20
29.34611125222251
  10
27.48503937007874
  20
29.361706883413774
  10
27.458775717551436
  20
29.37603251206503
  10
27.431800863601726
  20
29.389011938023884
  10
27.40424180848362
  20
29.40061976123953
  10
27.376123952247905
  20
29.41085598171197
  10
27.34754889509779
  20
29.419669799339605
  10
27.318542037084075
  20
29.427061214122432
  10
27.289230378460758
  20
29.432979425958855
  10
27.25963931927864
  20
29.437449834899674
  10
27.229870459740923
  20
29.44042164084329
  10
27.2
  20
29.441920243840492
  10
27.170078740157482
  20
29.441920243840492
  10
27.140208280416562
  20
29.44042164084329
  10
27.110439420878844
  20
29.437449834899674
  10
27.080848361696724
  20
29.432979425958855
  10
27.05153670307341
  20
29.427061214122432
  10
27.02252984505969
  20
29.419669799339605
  10
26.993954787909576
  20
29.41085598171197
  10
26.965836931673866
  20
29.40061976123953
  10
26.938277876555752
  20
29.389011938023884
  10
26.911303022606045
  20
29.37603251206503
  10
26.88503937007874
  20
29.361706883413774
  10
26.859512319024642
  20
29.34611125222251
  10
26.83479806959614
  20
29.329271018542045
  10
26.810947421894845
  20
29.31118618237237
  10
26.788036576073154
  20
29.291958343916694
  10
26.766090932181864
  20
29.27161290322581
  10
26.745212090424182
  20
29.250200660401326
  10
26.725400050800104
  20
29.227772415544838
  10
26.706756413512828
  20
29.204378968757943
  10
26.68930657861316
  20
29.180096520193047
  10
26.673075946151894
  20
29.154950469900946
  10
26.658115316230635
  20
29.129042418084843
  10
26.64445008890018
  20
29.102423164846336
  10
26.63215646431293
  20
29.075168910337826
  10
26.621234442468886
  20
29.047305054610113
  10
26.61168402336805
  20
29.0189585979172
  10
26.603581407162817
  20
28.990154940309885
  10
26.59692659385319
  20
28.96099568199137
  10
26.591744983489967
  20
28.93153162306325
  10
26.588011176022356
  20
28.901838963677932
  10
26.585775971551943
  20
28.871993903987814
  10
26.585039370078743
  20
28.842098044196092
  10
26.585039370078743
  20
28.542098044196095
  10
26.585775971551943
  20
28.512202184404373
  10
26.588011176022356
  20
28.482357124714255
  10
26.591744983489967
  20
28.452664465328937
  10
26.59692659385319
  20
28.423200406400817
  10
26.603581407162817
  20
28.3940411480823
  10
26.61168402336805
  20
28.36523749047499
  10
26.621234442468886
  20
28.336891033782074
  10
26.63215646431293
  20
28.309027178054365
  10
26.64445008890018
  20
28.28177292354585
  10
26.658115316230635
  20
28.255153670307347
  10
26.673075946151894
  20
28.229245618491245
  10
26.68930657861316
  20
28.20409956819914
  10
26.706756413512828
  20
28.179817119634244
  10
26.725400050800104
  20
28.156423672847353
  10
26.745212090424182
  20
28.13399542799086
  10
26.766090932181864
  20
28.112583185166375
  10
26.788036576073154
  20
28.092237744475497
  10
26.810947421894845
  20
28.07300990601982
  10
26.83479806959614
  20
28.054925069850146
  10
26.859512319024642
  20
28.03808483616968
  10
26.88503937007874
  20
28.022489204978413
  10
26.911303022606045
  20
28.008163576327156
  10
26.938277876555752
  20
27.995184150368306
  10
26.965836931673866
  20
27.98357632715266
  10
26.993954787909576
  20
27.97334010668022
  10
27.02252984505969
  20
27.964526289052586
  10
27.05153670307341
  20
27.957134874269755
  10
27.080848361696724
  20
27.951216662433332
  10
27.110439420878844
  20
27.946746253492513
  0
HATCH
  5
1089
  100
AcDbEntity
  8
Top-Paste-Mask-Layer
  100
AcDbHatch
  10
0
  20
0
  30
0
  210
0
  220
0
  230
1
  2
SOLID
  70
1
  71
0
  91
1
  92
7
  72
0
  73
1
  93
128
  10
18.5500127000254
  20
27.942275844551695
  10
18.579883159766318
  20
27.943774447548904
  10
18.609652019304036
  20
27.946746253492513
  10
18.639243078486157
  20
27.951216662433332
  10
18.66855473710947
  20
27.957134874269755
  10
18.69756159512319
  20
27.964526289052586
  10
18.726136652273304
  20
27.97334010668022
  10
18.754254508509018
  20
27.98357632715266
  10
18.78181356362713
  20
27.995184150368306
  10
18.808788417576835
  20
28.008163576327156
  10
18.83505207010414
  20
28.022489204978417
  10
18.860579121158242
  20
28.03808483616968
  10
18.88529337058674
  20
28.054925069850146
  10
18.909144018288035
  20
28.07300990601982
  10
18.932054864109727
  20
28.092237744475497
  10
18.954000508001016
  20
28.11258318516638
  10
18.974879349758698
  20
28.13399542799086
  10
18.99469138938278
  20
28.156423672847353
  10
19.013335026670056
  20
28.179817119634244
  10
19.03078486156972
  20
28.204099568199144
  10
19.04701549403099
  20
28.229245618491245
  10
19.061976123952245
  20
28.25515367030735
  10
19.075641351282705
  20
28.28177292354585
  10
19.087934975869953
  20
28.309027178054365
  10
19.098856997713995
  20
28.336891033782074
  10
19.10840741681483
  20
28.36523749047499
  10
19.116510033020067
  20
28.3940411480823
  10
19.123164846329693
  20
28.423200406400817
  10
19.128346456692913
  20
28.452664465328937
  10
19.13208026416053
  20
28.482357124714255
  10
19.134315468630938
  20
28.512202184404376
  10
19.13505207010414
  20
28.542098044196095
  10
19.13505207010414
  20
28.842098044196096
  10
19.134315468630938
  20
28.871993903987814
  10
19.13208026416053
  20
28.901838963677935
  10
19.128346456692913
  20
28.93153162306325
  10
19.123164846329693
  20
28.96099568199137
  10
19.116510033020067
  20
28.990154940309885
  10
19.10840741681483
  20
29.0189585979172
  10
19.098856997713995
  20
29.047305054610117
  10
19.087934975869953
  20
29.075168910337826
  10
19.075641351282705
  20
29.102423164846336
  10
19.061976123952245
  20
29.129042418084843
  10
19.04701549403099
  20
29.154950469900946
  10
19.03078486156972
  20
29.180096520193047
  10
19.013335026670056
  20
29.204378968757943
  10
18.99469138938278
  20
29.22777241554484
  10
18.974879349758698
  20
29.250200660401326
  10
18.954000508001016
  20
29.271612903225815
  10
18.932054864109727
  20
29.291958343916697
  10
18.909144018288035
  20
29.31118618237237
  10
18.88529337058674
  20
29.329271018542045
  10
18.860579121158242
  20
29.346111252222514
  10
18.83505207010414
  20
29.361706883413774
  10
18.808788417576835
  20
29.37603251206503
  10
18.78181356362713
  20
29.389011938023884
  10
18.754254508509018
  20
29.40061976123953
  10
18.726136652273304
  20
29.41085598171197
  10
18.69756159512319
  20
29.41966979933961
  10
18.66855473710947
  20
29.427061214122435
  10
18.639243078486157
  20
29.43297942595886
  10
18.609652019304036
  20
29.437449834899677
  10
18.579883159766318
  20
29.44042164084329
  10
18.5500127000254
  20
29.441920243840492
  10
18.52009144018288
  20
29.441920243840492
  10
18.490220980441958
  20
29.44042164084329
  10
18.46045212090424
  20
29.437449834899677
  10
18.430861061722123
  20
29.43297942595886
  10
18.401549403098805
  20
29.427061214122435
  10
18.37254254508509
  20
29.41966979933961
  10
18.343967487934975
  20
29.41085598171197
  10
18.315849631699262
  20
29.40061976123953
  10
18.288290576581154
  20
29.389011938023884
  10
18.261315722631444
  20
29.37603251206503
  10
18.23505207010414
  20
29.361706883413774
  10
18.209525019050037
  20
29.346111252222514
  10
18.184810769621542
  20
29.329271018542045
  10
18.160960121920244
  20
29.31118618237237
  10
18.138049276098553
  20
29.291958343916697
  10
18.116103632207263
  20
29.271612903225815
  10
18.09522479044958
  20
29.250200660401326
  10
18.075412750825503
  20
29.22777241554484
  10
18.056769113538227
  20
29.204378968757943
  10
18.03931927863856
  20
29.180096520193047
  10
18.02308864617729
  20
29.154950469900946
  10
18.00812801625603
  20
29.129042418084843
  10
17.994462788925578
  20
29.102423164846336
  10
17.982169164338327
  20
29.075168910337826
  10
17.97124714249429
  20
29.047305054610117
  10
17.961696723393445
  20
29.0189585979172
  10
17.953594107188216
  20
28.990154940309885
  10
17.946939293878586
  20
28.96099568199137
  10
17.941757683515366
  20
28.93153162306325
  10
17.93802387604775
  20
28.901838963677935
  10
17.935788671577345
  20
28.871993903987814
  10
17.93505207010414
  20
28.842098044196096
  10
17.93505207010414
  20
28.542098044196095
  10
17.935788671577345
  20
28.512202184404376
  10
17.93802387604775
  20
28.482357124714255
  10
17.941757683515366
  20
28.452664465328937
  10
17.946939293878586
  20
28.423200406400817
  10
17.953594107188216
  20
28.3940411480823
  10
17.961696723393445
  20
28.36523749047499
  10
17.97124714249429
  20
28.336891033782074
  10
17.982169164338327
  20
28.309027178054365
  10
17.994462788925578
  20
28.28177292354585
  10
18.00812801625603
  20
28.25515367030735
  10
18.02308864617729
  20
28.229245618491245
  10
18.03931927863856
  20
28.204099568199144
  10
18.056769113538227
  20
28.179817119634244
  10
18.075412750825503
  20
28.156423672847353
  10
18.09522479044958
  20
28.13399542799086
  10
18.116103632207263
  20
28.11258318516638
  10
18.138049276098553
  20
28.092237744475497
  10
18.160960121920244
  20
28.07300990601982
  10
18.184810769621542
  20
28.05492506985015
  10
18.209525019050037
  20
28.03808483616968
  10
18.23505207010414
  20
28.022489204978417
  10
18.261315722631444
  20
28.008163576327156
  10
18.288290576581154
  20
27.995184150368306
  10
18.315849631699262
  20
27.98357632715266
  10
18.343967487934975
  20
27.97334010668022
  10
18.37254254508509
  20
27.964526289052586
  10
18.401549403098805
  20
27.957134874269755
  10
18.430861061722123
  20
27.951216662433332
  10
18.46045212090424
  20
27.946746253492513
  10
18.490220980441958
  20
27.943774447548904
  10
18.52009144018288
  20
27.942275844551695
  97
1
  330
1088
  75
0
  76
1
  47
0.4128176842155181
  98
1
  10
34.90568961886538
  20
22.81183545379326
  450
0
  451
0
  460
0
  461
0
  452
1
  462
1
  453
2
  463
0
  63
5
  421
255
  463
1
  63
7
  421
16777215
  470
LINEAR
  1001
ACAD
  1010
0
  1020
0
  1030
0
  0
LWPOLYLINE
  5
1088
  100
AcDbEntity
  8
Top-Paste-Mask-Layer
  100
AcDbPolyline
  90
128
  70
1
  43
0.005080010160020321
  10
18.5500127000254
  20
27.942275844551695
  10
18.579883159766318
  20
27.943774447548904
  10
18.609652019304036
  20
27.946746253492513
  10
18.639243078486157
  20
27.951216662433332
  10
18.66855473710947
  20
27.957134874269755
  10
18.69756159512319
  20
27.964526289052586
  10
18.726136652273304
  20
27.97334010668022
  10
18.754254508509018
  20
27.98357632715266
  10
18.78181356362713
  20
27.995184150368306
  10
18.808788417576835
  20
28.008163576327156
  10
18.83505207010414
  20
28.022489204978417
  10
18.860579121158242
  20
28.03808483616968
  10
18.88529337058674
  20
28.054925069850146
  10
18.909144018288035
  20
28.07300990601982
  10
18.932054864109727
  20
28.092237744475497
  10
18.954000508001016
  20
28.11258318516638
  10
18.974879349758698
  20
28.13399542799086
  10
18.99469138938278
  20
28.156423672847353
  10
19.013335026670056
  20
28.179817119634244
  10
19.03078486156972
  20
28.204099568199144
  10
19.04701549403099
  20
28.229245618491245
  10
19.061976123952245
  20
28.25515367030735
  10
19.075641351282705
  20
28.28177292354585
  10
19.087934975869953
  20
28.309027178054365
  10
19.098856997713995
  20
28.336891033782074
  10
19.10840741681483
  20
28.36523749047499
  10
19.116510033020067
  20
28.3940411480823
  10
19.123164846329693
  20
28.423200406400817
  10
19.128346456692913
  20
28.452664465328937
  10
19.13208026416053
  20
28.482357124714255
  10
19.134315468630938
  20
28.512202184404376
  10
19.13505207010414
  20
28.542098044196095
  10
19.13505207010414
  20
28.842098044196096
  10
19.134315468630938
  20
28.871993903987814
  10
19.13208026416053
  20
28.901838963677935
  10
19.128346456692913
  20
28.93153162306325
  10
19.123164846329693
  20
28.96099568199137
  10
19.116510033020067
  20
28.990154940309885
  10
19.10840741681483
  20
29.0189585979172
  10
19.098856997713995
  20
29.047305054610117
  10
19.087934975869953
  20
29.075168910337826
  10
19.075641351282705
  20
29.102423164846336
  10
19.061976123952245
  20
29.129042418084843
  10
19.04701549403099
  20
29.154950469900946
  10
19.03078486156972
  20
29.180096520193047
  10
19.013335026670056
  20
29.204378968757943
  10
18.99469138938278
  20
29.22777241554484
  10
18.974879349758698
  20
29.250200660401326
  10
18.954000508001016
  20
29.271612903225815
  10
18.932054864109727
  20
29.291958343916697
  10
18.909144018288035
  20
29.31118618237237
  10
18.88529337058674
  20
29.329271018542045
  10
18.860579121158242
  20
29.346111252222514
  10
18.83505207010414
  20
29.361706883413774
  10
18.808788417576835
  20
29.37603251206503
  10
18.78181356362713
  20
29.389011938023884
  10
18.754254508509018
  20
29.40061976123953
  10
18.726136652273304
  20
29.41085598171197
  10
18.69756159512319
  20
29.41966979933961
  10
18.66855473710947
  20
29.427061214122435
  10
18.639243078486157
  20
29.43297942595886
  10
18.609652019304036
  20
29.437449834899677
  10
18.579883159766318
  20
29.44042164084329
  10
18.5500127000254
  20
29.441920243840492
  10
18.52009144018288
  20
29.441920243840492
  10
18.490220980441958
  20
29.44042164084329
  10
18.46045212090424
  20
29.437449834899677
  10
18.430861061722123
  20
29.43297942595886
  10
18.401549403098805
  20
29.427061214122435
  10
18.37254254508509
  20
29.41966979933961
  10
18.343967487934975
  20
29.41085598171197
  10
18.315849631699262
  20
29.40061976123953
  10
18.288290576581154
  20
29.389011938023884
  10
18.261315722631444
  20
29.37603251206503
  10
18.23505207010414
  20
29.361706883413774
  10
18.209525019050037
  20
29.346111252222514
  10
18.184810769621542
  20
29.329271018542045
  10
18.160960121920244
  20
29.31118618237237
  10
18.138049276098553
  20
29.291958343916697
  10
18.116103632207263
  20
29.271612903225815
  10
18.09522479044958
  20
29.250200660401326
  10
18.075412750825503
  20
29.22777241554484
  10
18.056769113538227
  20
29.204378968757943
  10
18.03931927863856
  20
29.180096520193047
  10
18.02308864617729
  20
29.154950469900946
  10
18.00812801625603
  20
29.129042418084843
  10
17.994462788925578
  20
29.102423164846336
  10
17.982169164338327
  20
29.075168910337826
  10
17.97124714249429
  20
29.047305054610117
  10
17.961696723393445
  20
29.0189585979172
  10
17.953594107188216
  20
28.990154940309885
  10
17.946939293878586
  20
28.96099568199137
  10
17.941757683515366
  20
28.93153162306325
  10
17.93802387604775
  20
28.901838963677935
  10
17.935788671577345
  20
28.871993903987814
  10
17.93505207010414
  20
28.842098044196096
  10
17.93505207010414
  20
28.542098044196095
  10
17.935788671577345
  20
28.512202184404376
  10
17.93802387604775
  20
28.482357124714255
  10
17.941757683515366
  20
28.452664465328937
  10
17.946939293878586
  20
28.423200406400817
  10
17.953594107188216
  20
28.3940411480823
  10
17.961696723393445
  20
28.36523749047499
  10
17.97124714249429
  20
28.336891033782074
  10
17.982169164338327
  20
28.309027178054365
  10
17.994462788925578
  20
28.28177292354585
  10
18.00812801625603
  20
28.25515367030735
  10
18.02308864617729
  20
28.229245618491245
  10
18.03931927863856
  20
28.204099568199144
  10
18.056769113538227
  20
28.179817119634244
  10
18.075412750825503
  20
28.156423672847353
  10
18.09522479044958
  20
28.13399542799086
  10
18.116103632207263
  20
28.11258318516638
  10
18.138049276098553
  20
28.092237744475497
  10
18.160960121920244
  20
28.07300990601982
  10
18.184810769621542
  20
28.05492506985015
  10
18.209525019050037
  20
28.03808483616968
  10
18.23505207010414
  20
28.022489204978417
  10
18.261315722631444
  20
28.008163576327156
  10
18.288290576581154
  20
27.995184150368306
  10
18.315849631699262
  20
27.98357632715266
  10
18.343967487934975
  20
27.97334010668022
  10
18.37254254508509
  20
27.964526289052586
  10
18.401549403098805
  20
27.957134874269755
  10
18.430861061722123
  20
27.951216662433332
  10
18.46045212090424
  20
27.946746253492513
  10
18.490220980441958
  20
27.943774447548904
  10
18.52009144018288
  20
27.942275844551695
  0
HATCH
  5
1091
  100
AcDbEntity
  8
Top-Paste-Mask-Layer
  100
AcDbHatch
  10
0
  20
0
  30
0
  210
0
  220
0
  230
1
  2
SOLID
  70
1
  71
0
  91
1
  92
7
  72
0
  73
1
  93
16
  10
5.475006350012701
  20
15.256525273050553
  10
5.475006350012701
  20
14.895209550419107
  10
5.375006350012701
  20
14.795209550419102
  10
5.164439928879859
  20
14.795209550419106
  10
5.064439928879858
  20
14.695209550419104
  10
5.064439928879858
  20
14.316850393700793
  10
5.164439928879859
  20
14.216850393700792
  10
5.375006350012701
  20
14.216850393700792
  10
5.475006350012701
  20
14.11685039370079
  10
5.475006350012701
  20
13.755534671069345
  10
5.375006350012701
  20
13.655534671069347
  10
4.367487934975871
  20
13.655534671069347
  10
4.267487934975871
  20
13.755534671069345
  10
4.267487934975871
  20
15.256525273050553
  10
4.367487934975871
  20
15.35652527305055
  10
5.375006350012701
  20
15.35652527305055
  97
1
  330
1090
  75
0
  76
1
  47
0.4128176842155181
  98
1
  10
34.90568961886538
  20
22.81183545379326
  450
0
  451
0
  460
0
  461
0
  452
1
  462
1
  453
2
  463
0
  63
5
  421
255
  463
1
  63
7
  421
16777215
  470
LINEAR
  1001
ACAD
  1010
0
  1020
0
  1030
0
  0
LWPOLYLINE
  5
1090
  100
AcDbEntity
  8
Top-Paste-Mask-Layer
  100
AcDbPolyline
  90
16
  70
1
  43
0.005080010160020321
  10
5.475006350012701
  20
15.256525273050553
  10
5.475006350012701
  20
14.895209550419107
  10
5.375006350012701
  20
14.795209550419102
  10
5.164439928879859
  20
14.795209550419106
  10
5.064439928879858
  20
14.695209550419104
  10
5.064439928879858
  20
14.316850393700793
  10
5.164439928879859
  20
14.216850393700792
  10
5.375006350012701
  20
14.216850393700792
  10
5.475006350012701
  20
14.11685039370079
  10
5.475006350012701
  20
13.755534671069345
  10
5.375006350012701
  20
13.655534671069347
  10
4.367487934975871
  20
13.655534671069347
  10
4.267487934975871
  20
13.755534671069345
  10
4.267487934975871
  20
15.256525273050553
  10
4.367487934975871
  20
15.35652527305055
  10
5.375006350012701
  20
15.35652527305055
  0
HATCH
  5
1093
  100
AcDbEntity
  8
Top-Paste-Mask-Layer
  100
AcDbHatch
  10
0
  20
0
  30
0
  210
0
  220
0
  230
1
  2
SOLID
  70
1
  71
0
  91
1
  92
7
  72
0
  73
1
  93
16
  10
7.2250190500381
  20
15.256525273050553
  10
7.2250190500381
  20
14.895209550419107
  10
7.325019050038102
  20
14.795209550419102
  10
7.535585471170944
  20
14.795209550419102
  10
7.635585471170944
  20
14.695209550419104
  10
7.635585471170944
  20
14.316850393700793
  10
7.535585471170944
  20
14.216850393700788
  10
7.325019050038102
  20
14.216850393700792
  10
7.2250190500381
  20
14.11685039370079
  10
7.2250190500381
  20
13.755534671069345
  10
7.325019050038102
  20
13.655534671069347
  10
8.332537465074932
  20
13.655534671069347
  10
8.432537465074933
  20
13.755534671069345
  10
8.432537465074933
  20
15.256525273050553
  10
8.332537465074932
  20
15.35652527305055
  10
7.325019050038102
  20
15.35652527305055
  97
1
  330
1092
  75
0
  76
1
  47
0.4128176842155181
  98
1
  10
34.90568961886538
  20
22.81183545379326
  450
0
  451
0
  460
0
  461
0
  452
1
  462
1
  453
2
  463
0
  63
5
  421
255
  463
1
  63
7
  421
16777215
  470
LINEAR
  1001
ACAD
  1010
0
  1020
0
  1030
0
  0
LWPOLYLINE
  5
1092
  100
AcDbEntity
  8
Top-Paste-Mask-Layer
  100
AcDbPolyline
  90
16
  70
1
  43
0.005080010160020321
  10
7.2250190500381
  20
15.256525273050553
  10
7.2250190500381
  20
14.895209550419107
  10
7.325019050038102
  20
14.795209550419102
  10
7.535585471170944
  20
14.795209550419102
  10
7.635585471170944
  20
14.695209550419104
  10
7.635585471170944
  20
14.316850393700793
  10
7.535585471170944
  20
14.216850393700788
  10
7.325019050038102
  20
14.216850393700792
  10
7.2250190500381
  20
14.11685039370079
  10
7.2250190500381
  20
13.755534671069345
  10
7.325019050038102
  20
13.655534671069347
  10
8.332537465074932
  20
13.655534671069347
  10
8.432537465074933
  20
13.755534671069345
  10
8.432537465074933
  20
15.256525273050553
  10
8.332537465074932
  20
15.35652527305055
  10
7.325019050038102
  20
15.35652527305055
  0
HATCH
  5
1095
  100
AcDbEntity
  8
Top-Paste-Mask-Layer
  100
AcDbHatch
  10
0
  20
0
  30
0
  210
0
  220
0
  230
1
  2
SOLID
  70
1
  71
0
  91
1
  92
7
  72
0
  73
1
  93
16
  10
18.022529845059694
  20
11.444028448056901
  10
17.661214122428248
  20
11.444028448056901
  10
17.561214122428247
  20
11.544028448056899
  10
17.561214122428247
  20
11.754594869189742
  10
17.46121412242825
  20
11.854594869189743
  10
17.082854965709934
  20
11.854594869189743
  10
16.982854965709937
  20
11.754594869189742
  10
16.982854965709937
  20
11.544028448056899
  10
16.882854965709935
  20
11.444028448056901
  10
16.52153924307849
  20
11.444028448056901
  10
16.421539243078488
  20
11.544028448056899
  10
16.421539243078488
  20
12.55154686309373
  10
16.52153924307849
  20
12.651546863093728
  10
18.022529845059694
  20
12.651546863093728
  10
18.12252984505969
  20
12.55154686309373
  10
18.12252984505969
  20
11.544028448056899
  97
1
  330
1094
  75
0
  76
1
  47
0.4128176842155181
  98
1
  10
34.90568961886538
  20
22.81183545379326
  450
0
  451
0
  460
0
  461
0
  452
1
  462
1
  453
2
  463
0
  63
5
  421
255
  463
1
  63
7
  421
16777215
  470
LINEAR
  1001
ACAD
  1010
0
  1020
0
  1030
0
  0
LWPOLYLINE
  5
1094
  100
AcDbEntity
  8
Top-Paste-Mask-Layer
  100
AcDbPolyline
  90
16
  70
1
  43
0.005080010160020321
  10
18.022529845059694
  20
11.444028448056901
  10
17.661214122428248
  20
11.444028448056901
  10
17.561214122428247
  20
11.544028448056899
  10
17.561214122428247
  20
11.754594869189742
  10
17.46121412242825
  20
11.854594869189743
  10
17.082854965709934
  20
11.854594869189743
  10
16.982854965709937
  20
11.754594869189742
  10
16.982854965709937
  20
11.544028448056899
  10
16.882854965709935
  20
11.444028448056901
  10
16.52153924307849
  20
11.444028448056901
  10
16.421539243078488
  20
11.544028448056899
  10
16.421539243078488
  20
12.55154686309373
  10
16.52153924307849
  20
12.651546863093728
  10
18.022529845059694
  20
12.651546863093728
  10
18.12252984505969
  20
12.55154686309373
  10
18.12252984505969
  20
11.544028448056899
  0
HATCH
  5
1097
  100
AcDbEntity
  8
Top-Paste-Mask-Layer
  100
AcDbHatch
  10
0
  20
0
  30
0
  210
0
  220
0
  230
1
  2
SOLID
  70
1
  71
0
  91
1
  92
7
  72
0
  73
1
  93
16
  10
18.022529845059694
  20
9.6940157480315
  10
17.661214122428248
  20
9.6940157480315
  10
17.561214122428247
  20
9.594015748031499
  10
17.561214122428247
  20
9.38344932689866
  10
17.46121412242825
  20
9.283449326898658
  10
17.082854965709934
  20
9.283449326898658
  10
16.982854965709937
  20
9.38344932689866
  10
16.982854965709937
  20
9.594015748031499
  10
16.882854965709935
  20
9.6940157480315
  10
16.52153924307849
  20
9.6940157480315
  10
16.421539243078488
  20
9.594015748031499
  10
16.421539243078488
  20
8.586497332994668
  10
16.52153924307849
  20
8.486497332994666
  10
18.022529845059694
  20
8.486497332994666
  10
18.12252984505969
  20
8.586497332994668
  10
18.12252984505969
  20
9.594015748031499
  97
1
  330
1096
  75
0
  76
1
  47
0.4128176842155181
  98
1
  10
34.90568961886538
  20
22.81183545379326
  450
0
  451
0
  460
0
  461
0
  452
1
  462
1
  453
2
  463
0
  63
5
  421
255
  463
1
  63
7
  421
16777215
  470
LINEAR
  1001
ACAD
  1010
0
  1020
0
  1030
0
  0
LWPOLYLINE
  5
1096
  100
AcDbEntity
  8
Top-Paste-Mask-Layer
  100
AcDbPolyline
  90
16
  70
1
  43
0.005080010160020321
  10
18.022529845059694
  20
9.6940157480315
  10
17.661214122428248
  20
9.6940157480315
  10
17.561214122428247
  20
9.594015748031499
  10
17.561214122428247
  20
9.38344932689866
  10
17.46121412242825
  20
9.283449326898658
  10
17.082854965709934
  20
9.283449326898658
  10
16.982854965709937
  20
9.38344932689866
  10
16.982854965709937
  20
9.594015748031499
  10
16.882854965709935
  20
9.6940157480315
  10
16.52153924307849
  20
9.6940157480315
  10
16.421539243078488
  20
9.594015748031499
  10
16.421539243078488
  20
8.586497332994668
  10
16.52153924307849
  20
8.486497332994666
  10
18.022529845059694
  20
8.486497332994666
  10
18.12252984505969
  20
8.586497332994668
  10
18.12252984505969
  20
9.594015748031499
  0
HATCH
  5
1099
  100
AcDbEntity
  8
Top-Paste-Mask-Layer
  100
AcDbHatch
  10
0
  20
0
  30
0
  210
0
  220
0
  230
1
  2
SOLID
  70
1
  71
0
  91
1
  92
7
  72
0
  73
1
  93
12
  10
19.506019812039625
  20
12.02403860807722
  10
20.30601981203963
  20
12.02403860807722
  10
20.356032512065028
  20
12.074051308102622
  10
20.356032512065028
  20
12.302016764033532
  10
19.98602997205995
  20
12.302016764033532
  10
19.98602997205995
  20
12.632014224028453
  10
20.356032512065028
  20
12.632014224028453
  10
20.356032512065028
  20
12.874051308102622
  10
20.30601981203963
  20
12.924038608077218
  10
19.506019812039625
  20
12.924038608077218
  10
19.456032512065025
  20
12.874051308102622
  10
19.456032512065025
  20
12.074051308102622
  97
1
  330
1098
  75
0
  76
1
  47
0.4128176842155181
  98
1
  10
34.90568961886538
  20
22.81183545379326
  450
0
  451
0
  460
0
  461
0
  452
1
  462
1
  453
2
  463
0
  63
5
  421
255
  463
1
  63
7
  421
16777215
  470
LINEAR
  1001
ACAD
  1010
0
  1020
0
  1030
0
  0
LWPOLYLINE
  5
1098
  100
AcDbEntity
  8
Top-Paste-Mask-Layer
  100
AcDbPolyline
  90
12
  70
1
  43
0.005080010160020321
  10
19.506019812039625
  20
12.02403860807722
  10
20.30601981203963
  20
12.02403860807722
  10
20.356032512065028
  20
12.074051308102622
  10
20.356032512065028
  20
12.302016764033532
  10
19.98602997205995
  20
12.302016764033532
  10
19.98602997205995
  20
12.632014224028453
  10
20.356032512065028
  20
12.632014224028453
  10
20.356032512065028
  20
12.874051308102622
  10
20.30601981203963
  20
12.924038608077218
  10
19.506019812039625
  20
12.924038608077218
  10
19.456032512065025
  20
12.874051308102622
  10
19.456032512065025
  20
12.074051308102622
  0
HATCH
  5
1101
  100
AcDbEntity
  8
Top-Paste-Mask-Layer
  100
AcDbHatch
  10
0
  20
0
  30
0
  210
0
  220
0
  230
1
  2
SOLID
  70
1
  71
0
  91
1
  92
7
  72
0
  73
1
  93
12
  10
21.89606299212599
  20
12.924013208026423
  10
21.096062992125987
  20
12.924013208026423
  10
21.04605029210059
  20
12.874000508001018
  10
21.04605029210059
  20
12.646035052070108
  10
21.416052832105667
  20
12.646035052070108
  10
21.416052832105667
  20
12.316037592075187
  10
21.04605029210059
  20
12.316037592075187
  10
21.04605029210059
  20
12.07400050800102
  10
21.096062992125987
  20
12.024013208026421
  10
21.89606299212599
  20
12.024013208026421
  10
21.946050292100587
  20
12.07400050800102
  10
21.946050292100587
  20
12.874000508001018
  97
1
  330
1100
  75
0
  76
1
  47
0.4128176842155181
  98
1
  10
34.90568961886538
  20
22.81183545379326
  450
0
  451
0
  460
0
  461
0
  452
1
  462
1
  453
2
  463
0
  63
5
  421
255
  463
1
  63
7
  421
16777215
  470
LINEAR
  1001
ACAD
  1010
0
  1020
0
  1030
0
  0
LWPOLYLINE
  5
1100
  100
AcDbEntity
  8
Top-Paste-Mask-Layer
  100
AcDbPolyline
  90
12
  70
1
  43
0.005080010160020321
  10
21.89606299212599
  20
12.924013208026423
  10
21.096062992125987
  20
12.924013208026423
  10
21.04605029210059
  20
12.874000508001018
  10
21.04605029210059
  20
12.646035052070108
  10
21.416052832105667
  20
12.646035052070108
  10
21.416052832105667
  20
12.316037592075187
  10
21.04605029210059
  20
12.316037592075187
  10
21.04605029210059
  20
12.07400050800102
  10
21.096062992125987
  20
12.024013208026421
  10
21.89606299212599
  20
12.024013208026421
  10
21.946050292100587
  20
12.07400050800102
  10
21.946050292100587
  20
12.874000508001018
  0
HATCH
  5
1103
  100
AcDbEntity
  8
Top-Paste-Mask-Layer
  100
AcDbHatch
  10
0
  20
0
  30
0
  210
0
  220
0
  230
1
  2
SOLID
  70
1
  71
0
  91
1
  92
7
  72
0
  73
1
  93
12
  10
22.55402590805182
  20
13.548041656083313
  10
23.35402590805182
  20
13.548041656083313
  10
23.40403860807722
  20
13.598054356108719
  10
23.40403860807722
  20
13.826019812039629
  10
23.03403606807214
  20
13.826019812039629
  10
23.03403606807214
  20
14.15601727203455
  10
23.40403860807722
  20
14.15601727203455
  10
23.40403860807722
  20
14.398054356108716
  10
23.35402590805182
  20
14.448041656083316
  10
22.55402590805182
  20
14.448041656083316
  10
22.50403860807722
  20
14.398054356108716
  10
22.50403860807722
  20
13.598054356108719
  97
1
  330
1102
  75
0
  76
1
  47
0.4128176842155181
  98
1
  10
34.90568961886538
  20
22.81183545379326
  450
0
  451
0
  460
0
  461
0
  452
1
  462
1
  453
2
  463
0
  63
5
  421
255
  463
1
  63
7
  421
16777215
  470
LINEAR
  1001
ACAD
  1010
0
  1020
0
  1030
0
  0
LWPOLYLINE
  5
1102
  100
AcDbEntity
  8
Top-Paste-Mask-Layer
  100
AcDbPolyline
  90
12
  70
1
  43
0.005080010160020321
  10
22.55402590805182
  20
13.548041656083313
  10
23.35402590805182
  20
13.548041656083313
  10
23.40403860807722
  20
13.598054356108719
  10
23.40403860807722
  20
13.826019812039629
  10
23.03403606807214
  20
13.826019812039629
  10
23.03403606807214
  20
14.15601727203455
  10
23.40403860807722
  20
14.15601727203455
  10
23.40403860807722
  20
14.398054356108716
  10
23.35402590805182
  20
14.448041656083316
  10
22.55402590805182
  20
14.448041656083316
  10
22.50403860807722
  20
14.398054356108716
  10
22.50403860807722
  20
13.598054356108719
  0
HATCH
  5
1105
  100
AcDbEntity
  8
Top-Paste-Mask-Layer
  100
AcDbHatch
  10
0
  20
0
  30
0
  210
0
  220
0
  230
1
  2
SOLID
  70
1
  71
0
  91
1
  92
7
  72
0
  73
1
  93
12
  10
24.944069088138182
  20
14.448016256032517
  10
24.14406908813818
  20
14.448016256032517
  10
24.09405638811278
  20
14.398003556007115
  10
24.09405638811278
  20
14.170038100076205
  10
24.46405892811786
  20
14.170038100076205
  10
24.46405892811786
  20
13.840040640081284
  10
24.09405638811278
  20
13.840040640081284
  10
24.09405638811278
  20
13.598003556007118
  10
24.14406908813818
  20
13.548016256032518
  10
24.944069088138182
  20
13.548016256032518
  10
24.99405638811278
  20
13.598003556007118
  10
24.99405638811278
  20
14.398003556007115
  97
1
  330
1104
  75
0
  76
1
  47
0.4128176842155181
  98
1
  10
34.90568961886538
  20
22.81183545379326
  450
0
  451
0
  460
0
  461
0
  452
1
  462
1
  453
2
  463
0
  63
5
  421
255
  463
1
  63
7
  421
16777215
  470
LINEAR
  1001
ACAD
  1010
0
  1020
0
  1030
0
  0
LWPOLYLINE
  5
1104
  100
AcDbEntity
  8
Top-Paste-Mask-Layer
  100
AcDbPolyline
  90
12
  70
1
  43
0.005080010160020321
  10
24.944069088138182
  20
14.448016256032517
  10
24.14406908813818
  20
14.448016256032517
  10
24.09405638811278
  20
14.398003556007115
  10
24.09405638811278
  20
14.170038100076205
  10
24.46405892811786
  20
14.170038100076205
  10
24.46405892811786
  20
13.840040640081284
  10
24.09405638811278
  20
13.840040640081284
  10
24.09405638811278
  20
13.598003556007118
  10
24.14406908813818
  20
13.548016256032518
  10
24.944069088138182
  20
13.548016256032518
  10
24.99405638811278
  20
13.598003556007118
  10
24.99405638811278
  20
14.398003556007115
  0
HATCH
  5
1107
  100
AcDbEntity
  8
Top-Paste-Mask-Layer
  100
AcDbHatch
  10
0
  20
0
  30
0
  210
0
  220
0
  230
1
  2
SOLID
  70
1
  71
0
  91
1
  92
7
  72
0
  73
1
  93
12
  10
22.55402590805182
  20
16.850048260096525
  10
23.35402590805182
  20
16.850048260096525
  10
23.40403860807722
  20
16.900060960121927
  10
23.40403860807722
  20
17.128026416052837
  10
23.03403606807214
  20
17.128026416052837
  10
23.03403606807214
  20
17.458023876047758
  10
23.40403860807722
  20
17.458023876047758
  10
23.40403860807722
  20
17.700060960121924
  10
23.35402590805182
  20
17.750048260096523
  10
22.55402590805182
  20
17.750048260096523
  10
22.50403860807722
  20
17.700060960121924
  10
22.50403860807722
  20
16.900060960121927
  97
1
  330
1106
  75
0
  76
1
  47
0.4128176842155181
  98
1
  10
34.90568961886538
  20
22.81183545379326
  450
0
  451
0
  460
0
  461
0
  452
1
  462
1
  453
2
  463
0
  63
5
  421
255
  463
1
  63
7
  421
16777215
  470
LINEAR
  1001
ACAD
  1010
0
  1020
0
  1030
0
  0
LWPOLYLINE
  5
1106
  100
AcDbEntity
  8
Top-Paste-Mask-Layer
  100
AcDbPolyline
  90
12
  70
1
  43
0.005080010160020321
  10
22.55402590805182
  20
16.850048260096525
  10
23.35402590805182
  20
16.850048260096525
  10
23.40403860807722
  20
16.900060960121927
  10
23.40403860807722
  20
17.128026416052837
  10
23.03403606807214
  20
17.128026416052837
  10
23.03403606807214
  20
17.458023876047758
  10
23.40403860807722
  20
17.458023876047758
  10
23.40403860807722
  20
17.700060960121924
  10
23.35402590805182
  20
17.750048260096523
  10
22.55402590805182
  20
17.750048260096523
  10
22.50403860807722
  20
17.700060960121924
  10
22.50403860807722
  20
16.900060960121927
  0
HATCH
  5
1109
  100
AcDbEntity
  8
Top-Paste-Mask-Layer
  100
AcDbHatch
  10
0
  20
0
  30
0
  210
0
  220
0
  230
1
  2
SOLID
  70
1
  71
0
  91
1
  92
7
  72
0
  73
1
  93
12
  10
24.944069088138182
  20
17.75002286004573
  10
24.14406908813818
  20
17.75002286004573
  10
24.09405638811278
  20
17.700010160020323
  10
24.09405638811278
  20
17.472044704089413
  10
24.46405892811786
  20
17.472044704089413
  10
24.46405892811786
  20
17.142047244094492
  10
24.09405638811278
  20
17.142047244094492
  10
24.09405638811278
  20
16.900010160020326
  10
24.14406908813818
  20
16.850022860045726
  10
24.944069088138182
  20
16.850022860045726
  10
24.99405638811278
  20
16.900010160020326
  10
24.99405638811278
  20
17.700010160020323
  97
1
  330
1108
  75
0
  76
1
  47
0.4128176842155181
  98
1
  10
34.90568961886538
  20
22.81183545379326
  450
0
  451
0
  460
0
  461
0
  452
1
  462
1
  453
2
  463
0
  63
5
  421
255
  463
1
  63
7
  421
16777215
  470
LINEAR
  1001
ACAD
  1010
0
  1020
0
  1030
0
  0
LWPOLYLINE
  5
1108
  100
AcDbEntity
  8
Top-Paste-Mask-Layer
  100
AcDbPolyline
  90
12
  70
1
  43
0.005080010160020321
  10
24.944069088138182
  20
17.75002286004573
  10
24.14406908813818
  20
17.75002286004573
  10
24.09405638811278
  20
17.700010160020323
  10
24.09405638811278
  20
17.472044704089413
  10
24.46405892811786
  20
17.472044704089413
  10
24.46405892811786
  20
17.142047244094492
  10
24.09405638811278
  20
17.142047244094492
  10
24.09405638811278
  20
16.900010160020326
  10
24.14406908813818
  20
16.850022860045726
  10
24.944069088138182
  20
16.850022860045726
  10
24.99405638811278
  20
16.900010160020326
  10
24.99405638811278
  20
17.700010160020323
  0
HATCH
  5
1111
  100
AcDbEntity
  8
Top-Paste-Mask-Layer
  100
AcDbHatch
  10
0
  20
0
  30
0
  210
0
  220
0
  230
1
  2
SOLID
  70
1
  71
0
  91
1
  92
7
  72
0
  73
1
  93
12
  10
22.55402590805182
  20
15.199044958089921
  10
23.35402590805182
  20
15.199044958089921
  10
23.40403860807722
  20
15.249057658115323
  10
23.40403860807722
  20
15.477023114046233
  10
23.03403606807214
  20
15.477023114046233
  10
23.03403606807214
  20
15.807020574041154
  10
23.40403860807722
  20
15.807020574041154
  10
23.40403860807722
  20
16.04905765811532
  10
23.35402590805182
  20
16.09904495808992
  10
22.55402590805182
  20
16.09904495808992
  10
22.50403860807722
  20
16.04905765811532
  10
22.50403860807722
  20
15.249057658115323
  97
1
  330
1110
  75
0
  76
1
  47
0.4128176842155181
  98
1
  10
34.90568961886538
  20
22.81183545379326
  450
0
  451
0
  460
0
  461
0
  452
1
  462
1
  453
2
  463
0
  63
5
  421
255
  463
1
  63
7
  421
16777215
  470
LINEAR
  1001
ACAD
  1010
0
  1020
0
  1030
0
  0
LWPOLYLINE
  5
1110
  100
AcDbEntity
  8
Top-Paste-Mask-Layer
  100
AcDbPolyline
  90
12
  70
1
  43
0.005080010160020321
  10
22.55402590805182
  20
15.199044958089921
  10
23.35402590805182
  20
15.199044958089921
  10
23.40403860807722
  20
15.249057658115323
  10
23.40403860807722
  20
15.477023114046233
  10
23.03403606807214
  20
15.477023114046233
  10
23.03403606807214
  20
15.807020574041154
  10
23.40403860807722
  20
15.807020574041154
  10
23.40403860807722
  20
16.04905765811532
  10
23.35402590805182
  20
16.09904495808992
  10
22.55402590805182
  20
16.09904495808992
  10
22.50403860807722
  20
16.04905765811532
  10
22.50403860807722
  20
15.249057658115323
  0
HATCH
  5
1113
  100
AcDbEntity
  8
Top-Paste-Mask-Layer
  100
AcDbHatch
  10
0
  20
0
  30
0
  210
0
  220
0
  230
1
  2
SOLID
  70
1
  71
0
  91
1
  92
7
  72
0
  73
1
  93
12
  10
24.944069088138182
  20
16.09901955803912
  10
24.14406908813818
  20
16.09901955803912
  10
24.09405638811278
  20
16.04900685801372
  10
24.09405638811278
  20
15.821041402082809
  10
24.46405892811786
  20
15.821041402082809
  10
24.46405892811786
  20
15.491043942087888
  10
24.09405638811278
  20
15.491043942087888
  10
24.09405638811278
  20
15.249006858013722
  10
24.14406908813818
  20
15.199019558039122
  10
24.944069088138182
  20
15.199019558039122
  10
24.99405638811278
  20
15.249006858013722
  10
24.99405638811278
  20
16.04900685801372
  97
1
  330
1112
  75
0
  76
1
  47
0.4128176842155181
  98
1
  10
34.90568961886538
  20
22.81183545379326
  450
0
  451
0
  460
0
  461
0
  452
1
  462
1
  453
2
  463
0
  63
5
  421
255
  463
1
  63
7
  421
16777215
  470
LINEAR
  1001
ACAD
  1010
0
  1020
0
  1030
0
  0
LWPOLYLINE
  5
1112
  100
AcDbEntity
  8
Top-Paste-Mask-Layer
  100
AcDbPolyline
  90
12
  70
1
  43
0.005080010160020321
  10
24.944069088138182
  20
16.09901955803912
  10
24.14406908813818
  20
16.09901955803912
  10
24.09405638811278
  20
16.04900685801372
  10
24.09405638811278
  20
15.821041402082809
  10
24.46405892811786
  20
15.821041402082809
  10
24.46405892811786
  20
15.491043942087888
  10
24.09405638811278
  20
15.491043942087888
  10
24.09405638811278
  20
15.249006858013722
  10
24.14406908813818
  20
15.199019558039122
  10
24.944069088138182
  20
15.199019558039122
  10
24.99405638811278
  20
15.249006858013722
  10
24.99405638811278
  20
16.04900685801372
  0
HATCH
  5
1115
  100
AcDbEntity
  8
Top-Paste-Mask-Layer
  100
AcDbHatch
  10
0
  20
0
  30
0
  210
0
  220
0
  230
1
  2
SOLID
  70
1
  71
0
  91
1
  92
7
  72
0
  73
1
  93
12
  10
24.944069088138182
  20
19.401026162052332
  10
24.14406908813818
  20
19.401026162052332
  10
24.09405638811278
  20
19.35101346202693
  10
24.09405638811278
  20
19.123048006096017
  10
24.46405892811786
  20
19.123048006096017
  10
24.46405892811786
  20
18.793050546101096
  10
24.09405638811278
  20
18.793050546101096
  10
24.09405638811278
  20
18.55101346202693
  10
24.14406908813818
  20
18.50102616205233
  10
24.944069088138182
  20
18.50102616205233
  10
24.99405638811278
  20
18.55101346202693
  10
24.99405638811278
  20
19.35101346202693
  97
1
  330
1114
  75
0
  76
1
  47
0.4128176842155181
  98
1
  10
34.90568961886538
  20
22.81183545379326
  450
0
  451
0
  460
0
  461
0
  452
1
  462
1
  453
2
  463
0
  63
5
  421
255
  463
1
  63
7
  421
16777215
  470
LINEAR
  1001
ACAD
  1010
0
  1020
0
  1030
0
  0
LWPOLYLINE
  5
1114
  100
AcDbEntity
  8
Top-Paste-Mask-Layer
  100
AcDbPolyline
  90
12
  70
1
  43
0.005080010160020321
  10
24.944069088138182
  20
19.401026162052332
  10
24.14406908813818
  20
19.401026162052332
  10
24.09405638811278
  20
19.35101346202693
  10
24.09405638811278
  20
19.123048006096017
  10
24.46405892811786
  20
19.123048006096017
  10
24.46405892811786
  20
18.793050546101096
  10
24.09405638811278
  20
18.793050546101096
  10
24.09405638811278
  20
18.55101346202693
  10
24.14406908813818
  20
18.50102616205233
  10
24.944069088138182
  20
18.50102616205233
  10
24.99405638811278
  20
18.55101346202693
  10
24.99405638811278
  20
19.35101346202693
  0
HATCH
  5
1117
  100
AcDbEntity
  8
Top-Paste-Mask-Layer
  100
AcDbHatch
  10
0
  20
0
  30
0
  210
0
  220
0
  230
1
  2
SOLID
  70
1
  71
0
  91
1
  92
7
  72
0
  73
1
  93
12
  10
23.39405638811278
  20
19.35101346202693
  10
23.39405638811278
  20
19.123048006096017
  10
23.01407162814326
  20
19.123048006096017
  10
23.01407162814326
  20
18.793050546101096
  10
23.39405638811278
  20
18.793050546101096
  10
23.39405638811278
  20
18.55101346202693
  10
23.34406908813818
  20
18.50102616205233
  10
22.55407670815342
  20
18.50102616205233
  10
22.50406400812802
  20
18.55101346202693
  10
22.50406400812802
  20
19.35101346202693
  10
22.55407670815342
  20
19.401026162052332
  10
23.34406908813818
  20
19.401026162052332
  97
1
  330
1116
  75
0
  76
1
  47
0.4128176842155181
  98
1
  10
34.90568961886538
  20
22.81183545379326
  450
0
  451
0
  460
0
  461
0
  452
1
  462
1
  453
2
  463
0
  63
5
  421
255
  463
1
  63
7
  421
16777215
  470
LINEAR
  1001
ACAD
  1010
0
  1020
0
  1030
0
  0
LWPOLYLINE
  5
1116
  100
AcDbEntity
  8
Top-Paste-Mask-Layer
  100
AcDbPolyline
  90
12
  70
1
  43
0.005080010160020321
  10
23.39405638811278
  20
19.35101346202693
  10
23.39405638811278
  20
19.123048006096017
  10
23.01407162814326
  20
19.123048006096017
  10
23.01407162814326
  20
18.793050546101096
  10
23.39405638811278
  20
18.793050546101096
  10
23.39405638811278
  20
18.55101346202693
  10
23.34406908813818
  20
18.50102616205233
  10
22.55407670815342
  20
18.50102616205233
  10
22.50406400812802
  20
18.55101346202693
  10
22.50406400812802
  20
19.35101346202693
  10
22.55407670815342
  20
19.401026162052332
  10
23.34406908813818
  20
19.401026162052332
  0
HATCH
  5
1119
  100
AcDbEntity
  8
Top-Paste-Mask-Layer
  100
AcDbHatch
  10
0
  20
0
  30
0
  210
0
  220
0
  230
1
  2
SOLID
  70
1
  71
0
  91
1
  92
7
  72
0
  73
1
  93
12
  10
24.944069088138182
  20
20.79802895605792
  10
24.14406908813818
  20
20.79802895605792
  10
24.09405638811278
  20
20.748016256032518
  10
24.09405638811278
  20
20.520050800101604
  10
24.46405892811786
  20
20.520050800101604
  10
24.46405892811786
  20
20.190053340106687
  10
24.09405638811278
  20
20.190053340106687
  10
24.09405638811278
  20
19.948016256032517
  10
24.14406908813818
  20
19.898028956057917
  10
24.944069088138182
  20
19.898028956057917
  10
24.99405638811278
  20
19.948016256032517
  10
24.99405638811278
  20
20.748016256032518
  97
1
  330
1118
  75
0
  76
1
  47
0.4128176842155181
  98
1
  10
34.90568961886538
  20
22.81183545379326
  450
0
  451
0
  460
0
  461
0
  452
1
  462
1
  453
2
  463
0
  63
5
  421
255
  463
1
  63
7
  421
16777215
  470
LINEAR
  1001
ACAD
  1010
0
  1020
0
  1030
0
  0
LWPOLYLINE
  5
1118
  100
AcDbEntity
  8
Top-Paste-Mask-Layer
  100
AcDbPolyline
  90
12
  70
1
  43
0.005080010160020321
  10
24.944069088138182
  20
20.79802895605792
  10
24.14406908813818
  20
20.79802895605792
  10
24.09405638811278
  20
20.748016256032518
  10
24.09405638811278
  20
20.520050800101604
  10
24.46405892811786
  20
20.520050800101604
  10
24.46405892811786
  20
20.190053340106687
  10
24.09405638811278
  20
20.190053340106687
  10
24.09405638811278
  20
19.948016256032517
  10
24.14406908813818
  20
19.898028956057917
  10
24.944069088138182
  20
19.898028956057917
  10
24.99405638811278
  20
19.948016256032517
  10
24.99405638811278
  20
20.748016256032518
  0
HATCH
  5
1121
  100
AcDbEntity
  8
Top-Paste-Mask-Layer
  100
AcDbHatch
  10
0
  20
0
  30
0
  210
0
  220
0
  230
1
  2
SOLID
  70
1
  71
0
  91
1
  92
7
  72
0
  73
1
  93
12
  10
23.39405638811278
  20
20.748016256032518
  10
23.39405638811278
  20
20.520050800101604
  10
23.01407162814326
  20
20.520050800101604
  10
23.01407162814326
  20
20.190053340106687
  10
23.39405638811278
  20
20.190053340106687
  10
23.39405638811278
  20
19.948016256032517
  10
23.34406908813818
  20
19.898028956057917
  10
22.55407670815342
  20
19.898028956057917
  10
22.50406400812802
  20
19.948016256032517
  10
22.50406400812802
  20
20.748016256032518
  10
22.55407670815342
  20
20.79802895605792
  10
23.34406908813818
  20
20.79802895605792
  97
1
  330
1120
  75
0
  76
1
  47
0.4128176842155181
  98
1
  10
34.90568961886538
  20
22.81183545379326
  450
0
  451
0
  460
0
  461
0
  452
1
  462
1
  453
2
  463
0
  63
5
  421
255
  463
1
  63
7
  421
16777215
  470
LINEAR
  1001
ACAD
  1010
0
  1020
0
  1030
0
  0
LWPOLYLINE
  5
1120
  100
AcDbEntity
  8
Top-Paste-Mask-Layer
  100
AcDbPolyline
  90
12
  70
1
  43
0.005080010160020321
  10
23.39405638811278
  20
20.748016256032518
  10
23.39405638811278
  20
20.520050800101604
  10
23.01407162814326
  20
20.520050800101604
  10
23.01407162814326
  20
20.190053340106687
  10
23.39405638811278
  20
20.190053340106687
  10
23.39405638811278
  20
19.948016256032517
  10
23.34406908813818
  20
19.898028956057917
  10
22.55407670815342
  20
19.898028956057917
  10
22.50406400812802
  20
19.948016256032517
  10
22.50406400812802
  20
20.748016256032518
  10
22.55407670815342
  20
20.79802895605792
  10
23.34406908813818
  20
20.79802895605792
  0
HATCH
  5
1123
  100
AcDbEntity
  8
Top-Paste-Mask-Layer
  100
AcDbHatch
  10
0
  20
0
  30
0
  210
0
  220
0
  230
1
  2
SOLID
  70
1
  71
0
  91
1
  92
7
  72
0
  73
1
  93
12
  10
19.506019812039625
  20
19.898054356108716
  10
20.30601981203963
  20
19.898054356108716
  10
20.356032512065028
  20
19.948067056134118
  10
20.356032512065028
  20
20.176032512065028
  10
19.98602997205995
  20
20.176032512065028
  10
19.98602997205995
  20
20.50602997205995
  10
20.356032512065028
  20
20.50602997205995
  10
20.356032512065028
  20
20.74806705613412
  10
20.30601981203963
  20
20.798054356108718
  10
19.506019812039625
  20
20.798054356108718
  10
19.456032512065025
  20
20.74806705613412
  10
19.456032512065025
  20
19.948067056134118
  97
1
  330
1122
  75
0
  76
1
  47
0.4128176842155181
  98
1
  10
34.90568961886538
  20
22.81183545379326
  450
0
  451
0
  460
0
  461
0
  452
1
  462
1
  453
2
  463
0
  63
5
  421
255
  463
1
  63
7
  421
16777215
  470
LINEAR
  1001
ACAD
  1010
0
  1020
0
  1030
0
  0
LWPOLYLINE
  5
1122
  100
AcDbEntity
  8
Top-Paste-Mask-Layer
  100
AcDbPolyline
  90
12
  70
1
  43
0.005080010160020321
  10
19.506019812039625
  20
19.898054356108716
  10
20.30601981203963
  20
19.898054356108716
  10
20.356032512065028
  20
19.948067056134118
  10
20.356032512065028
  20
20.176032512065028
  10
19.98602997205995
  20
20.176032512065028
  10
19.98602997205995
  20
20.50602997205995
  10
20.356032512065028
  20
20.50602997205995
  10
20.356032512065028
  20
20.74806705613412
  10
20.30601981203963
  20
20.798054356108718
  10
19.506019812039625
  20
20.798054356108718
  10
19.456032512065025
  20
20.74806705613412
  10
19.456032512065025
  20
19.948067056134118
  0
HATCH
  5
1125
  100
AcDbEntity
  8
Top-Paste-Mask-Layer
  100
AcDbHatch
  10
0
  20
0
  30
0
  210
0
  220
0
  230
1
  2
SOLID
  70
1
  71
0
  91
1
  92
7
  72
0
  73
1
  93
12
  10
21.056032512065027
  20
19.948067056134114
  10
21.056032512065027
  20
20.176032512065028
  10
21.43601727203455
  20
20.176032512065028
  10
21.43601727203455
  20
20.50602997205995
  10
21.056032512065027
  20
20.50602997205995
  10
21.056032512065027
  20
20.74806705613412
  10
21.10601981203963
  20
20.798054356108718
  10
21.896012192024386
  20
20.798054356108718
  10
21.94602489204979
  20
20.74806705613412
  10
21.94602489204979
  20
19.948067056134114
  10
21.896012192024386
  20
19.898054356108716
  10
21.106019812039627
  20
19.898054356108716
  97
1
  330
1124
  75
0
  76
1
  47
0.4128176842155181
  98
1
  10
34.90568961886538
  20
22.81183545379326
  450
0
  451
0
  460
0
  461
0
  452
1
  462
1
  453
2
  463
0
  63
5
  421
255
  463
1
  63
7
  421
16777215
  470
LINEAR
  1001
ACAD
  1010
0
  1020
0
  1030
0
  0
LWPOLYLINE
  5
1124
  100
AcDbEntity
  8
Top-Paste-Mask-Layer
  100
AcDbPolyline
  90
12
  70
1
  43
0.005080010160020321
  10
21.056032512065027
  20
19.948067056134114
  10
21.056032512065027
  20
20.176032512065028
  10
21.43601727203455
  20
20.176032512065028
  10
21.43601727203455
  20
20.50602997205995
  10
21.056032512065027
  20
20.50602997205995
  10
21.056032512065027
  20
20.74806705613412
  10
21.10601981203963
  20
20.798054356108718
  10
21.896012192024386
  20
20.798054356108718
  10
21.94602489204979
  20
20.74806705613412
  10
21.94602489204979
  20
19.948067056134114
  10
21.896012192024386
  20
19.898054356108716
  10
21.106019812039627
  20
19.898054356108716
  0
HATCH
  5
1127
  100
AcDbEntity
  8
Top-Paste-Mask-Layer
  100
AcDbHatch
  10
0
  20
0
  30
0
  210
0
  220
0
  230
1
  2
SOLID
  70
1
  71
0
  91
1
  92
7
  72
0
  73
1
  93
12
  10
8.583997967995938
  20
23.327061214122434
  10
9.383997967995938
  20
23.327061214122434
  10
9.434010668021337
  20
23.377073914147836
  10
9.434010668021337
  20
23.605039370078746
  10
9.064008128016258
  20
23.605039370078746
  10
9.064008128016258
  20
23.935036830073667
  10
9.434010668021337
  20
23.935036830073667
  10
9.434010668021337
  20
24.177073914147833
  10
9.383997967995938
  20
24.227061214122433
  10
8.583997967995938
  20
24.227061214122433
  10
8.534010668021338
  20
24.177073914147833
  10
8.534010668021338
  20
23.377073914147836
  97
1
  330
1126
  75
0
  76
1
  47
0.4128176842155181
  98
1
  10
34.90568961886538
  20
22.81183545379326
  450
0
  451
0
  460
0
  461
0
  452
1
  462
1
  453
2
  463
0
  63
5
  421
255
  463
1
  63
7
  421
16777215
  470
LINEAR
  1001
ACAD
  1010
0
  1020
0
  1030
0
  0
LWPOLYLINE
  5
1126
  100
AcDbEntity
  8
Top-Paste-Mask-Layer
  100
AcDbPolyline
  90
12
  70
1
  43
0.005080010160020321
  10
8.583997967995938
  20
23.327061214122434
  10
9.383997967995938
  20
23.327061214122434
  10
9.434010668021337
  20
23.377073914147836
  10
9.434010668021337
  20
23.605039370078746
  10
9.064008128016258
  20
23.605039370078746
  10
9.064008128016258
  20
23.935036830073667
  10
9.434010668021337
  20
23.935036830073667
  10
9.434010668021337
  20
24.177073914147833
  10
9.383997967995938
  20
24.227061214122433
  10
8.583997967995938
  20
24.227061214122433
  10
8.534010668021338
  20
24.177073914147833
  10
8.534010668021338
  20
23.377073914147836
  0
HATCH
  5
1129
  100
AcDbEntity
  8
Top-Paste-Mask-Layer
  100
AcDbHatch
  10
0
  20
0
  30
0
  210
0
  220
0
  230
1
  2
SOLID
  70
1
  71
0
  91
1
  92
7
  72
0
  73
1
  93
12
  10
10.134010668021336
  20
23.377073914147832
  10
10.134010668021336
  20
23.605039370078746
  10
10.513995427990857
  20
23.605039370078746
  10
10.513995427990857
  20
23.935036830073667
  10
10.134010668021336
  20
23.935036830073667
  10
10.134010668021336
  20
24.177073914147833
  10
10.18399796799594
  20
24.227061214122433
  10
10.973990347980696
  20
24.227061214122433
  10
11.024003048006097
  20
24.177073914147833
  10
11.024003048006097
  20
23.377073914147832
  10
10.973990347980696
  20
23.327061214122434
  10
10.18399796799594
  20
23.327061214122434
  97
1
  330
1128
  75
0
  76
1
  47
0.4128176842155181
  98
1
  10
34.90568961886538
  20
22.81183545379326
  450
0
  451
0
  460
0
  461
0
  452
1
  462
1
  453
2
  463
0
  63
5
  421
255
  463
1
  63
7
  421
16777215
  470
LINEAR
  1001
ACAD
  1010
0
  1020
0
  1030
0
  0
LWPOLYLINE
  5
1128
  100
AcDbEntity
  8
Top-Paste-Mask-Layer
  100
AcDbPolyline
  90
12
  70
1
  43
0.005080010160020321
  10
10.134010668021336
  20
23.377073914147832
  10
10.134010668021336
  20
23.605039370078746
  10
10.513995427990857
  20
23.605039370078746
  10
10.513995427990857
  20
23.935036830073667
  10
10.134010668021336
  20
23.935036830073667
  10
10.134010668021336
  20
24.177073914147833
  10
10.18399796799594
  20
24.227061214122433
  10
10.973990347980696
  20
24.227061214122433
  10
11.024003048006097
  20
24.177073914147833
  10
11.024003048006097
  20
23.377073914147832
  10
10.973990347980696
  20
23.327061214122434
  10
10.18399796799594
  20
23.327061214122434
  0
HATCH
  5
1131
  100
AcDbEntity
  8
Top-Paste-Mask-Layer
  100
AcDbHatch
  10
0
  20
0
  30
0
  210
0
  220
0
  230
1
  2
SOLID
  70
1
  71
0
  91
1
  92
7
  72
0
  73
1
  93
12
  10
38.33903987807976
  20
25.53102362204725
  10
37.05905511811024
  20
25.53102362204725
  10
37.00904241808484
  20
25.58103632207265
  10
37.00904241808484
  20
26.73104902209805
  10
37.05905511811024
  20
26.78103632207265
  10
37.46908813817628
  20
26.78606553213107
  10
37.46908813817628
  20
26.336052832105672
  10
37.91907543815088
  20
26.336052832105672
  10
37.91907543815088
  20
26.77605791211583
  10
38.33903987807976
  20
26.78103632207265
  10
38.38905257810516
  20
26.73104902209805
  10
38.38905257810516
  20
25.58103632207265
  97
1
  330
1130
  75
0
  76
1
  47
0.4128176842155181
  98
1
  10
34.90568961886538
  20
22.81183545379326
  450
0
  451
0
  460
0
  461
0
  452
1
  462
1
  453
2
  463
0
  63
5
  421
255
  463
1
  63
7
  421
16777215
  470
LINEAR
  1001
ACAD
  1010
0
  1020
0
  1030
0
  0
LWPOLYLINE
  5
1130
  100
AcDbEntity
  8
Top-Paste-Mask-Layer
  100
AcDbPolyline
  90
12
  70
1
  43
0.005080010160020321
  10
38.33903987807976
  20
25.53102362204725
  10
37.05905511811024
  20
25.53102362204725
  10
37.00904241808484
  20
25.58103632207265
  10
37.00904241808484
  20
26.73104902209805
  10
37.05905511811024
  20
26.78103632207265
  10
37.46908813817628
  20
26.78606553213107
  10
37.46908813817628
  20
26.336052832105672
  10
37.91907543815088
  20
26.336052832105672
  10
37.91907543815088
  20
26.77605791211583
  10
38.33903987807976
  20
26.78103632207265
  10
38.38905257810516
  20
26.73104902209805
  10
38.38905257810516
  20
25.58103632207265
  0
HATCH
  5
1133
  100
AcDbEntity
  8
Top-Paste-Mask-Layer
  100
AcDbHatch
  10
0
  20
0
  30
0
  210
0
  220
0
  230
1
  2
SOLID
  70
1
  71
0
  91
1
  92
7
  72
0
  73
1
  93
12
  10
38.33903987807976
  20
27.68103632207265
  10
37.91907543815088
  20
27.681061722123452
  10
37.91907543815088
  20
28.126045212090432
  10
37.46908813817628
  20
28.126045212090432
  10
37.46908813817628
  20
27.68606553213107
  10
37.05905511811024
  20
27.68103632207265
  10
37.00904241808484
  20
27.73104902209805
  10
37.00904241808484
  20
28.881036322072653
  10
37.05905511811024
  20
28.93104902209805
  10
38.33903987807976
  20
28.93104902209805
  10
38.38905257810516
  20
28.881036322072653
  10
38.38905257810516
  20
27.73104902209805
  97
1
  330
1132
  75
0
  76
1
  47
0.4128176842155181
  98
1
  10
34.90568961886538
  20
22.81183545379326
  450
0
  451
0
  460
0
  461
0
  452
1
  462
1
  453
2
  463
0
  63
5
  421
255
  463
1
  63
7
  421
16777215
  470
LINEAR
  1001
ACAD
  1010
0
  1020
0
  1030
0
  0
LWPOLYLINE
  5
1132
  100
AcDbEntity
  8
Top-Paste-Mask-Layer
  100
AcDbPolyline
  90
12
  70
1
  43
0.005080010160020321
  10
38.33903987807976
  20
27.68103632207265
  10
37.91907543815088
  20
27.681061722123452
  10
37.91907543815088
  20
28.126045212090432
  10
37.46908813817628
  20
28.126045212090432
  10
37.46908813817628
  20
27.68606553213107
  10
37.05905511811024
  20
27.68103632207265
  10
37.00904241808484
  20
27.73104902209805
  10
37.00904241808484
  20
28.881036322072653
  10
37.05905511811024
  20
28.93104902209805
  10
38.33903987807976
  20
28.93104902209805
  10
38.38905257810516
  20
28.881036322072653
  10
38.38905257810516
  20
27.73104902209805
  0
HATCH
  5
1135
  100
AcDbEntity
  8
Top-Paste-Mask-Layer
  100
AcDbHatch
  10
0
  20
0
  30
0
  210
0
  220
0
  230
1
  2
SOLID
  70
1
  71
0
  91
1
  92
7
  72
0
  73
1
  93
12
  10
22.609156718313443
  20
9.619314198628402
  10
22.609156718313443
  20
8.33932943865888
  10
22.55914401828804
  20
8.289316738633481
  10
21.40913131826264
  20
8.289316738633481
  10
21.359144018288042
  20
8.33932943865888
  10
21.35411480822962
  20
8.749362458724924
  10
21.804127508255025
  20
8.749362458724924
  10
21.804127508255025
  20
9.199349758699523
  10
21.364122428244862
  20
9.199349758699523
  10
21.359144018288042
  20
9.619314198628402
  10
21.40913131826264
  20
9.6693268986538
  10
22.55914401828804
  20
9.6693268986538
  97
1
  330
1134
  75
0
  76
1
  47
0.4128176842155181
  98
1
  10
34.90568961886538
  20
22.81183545379326
  450
0
  451
0
  460
0
  461
0
  452
1
  462
1
  453
2
  463
0
  63
5
  421
255
  463
1
  63
7
  421
16777215
  470
LINEAR
  1001
ACAD
  1010
0
  1020
0
  1030
0
  0
LWPOLYLINE
  5
1134
  100
AcDbEntity
  8
Top-Paste-Mask-Layer
  100
AcDbPolyline
  90
12
  70
1
  43
0.005080010160020321
  10
22.609156718313443
  20
9.619314198628402
  10
22.609156718313443
  20
8.33932943865888
  10
22.55914401828804
  20
8.289316738633481
  10
21.40913131826264
  20
8.289316738633481
  10
21.359144018288042
  20
8.33932943865888
  10
21.35411480822962
  20
8.749362458724924
  10
21.804127508255025
  20
8.749362458724924
  10
21.804127508255025
  20
9.199349758699523
  10
21.364122428244862
  20
9.199349758699523
  10
21.359144018288042
  20
9.619314198628402
  10
21.40913131826264
  20
9.6693268986538
  10
22.55914401828804
  20
9.6693268986538
  0
HATCH
  5
1137
  100
AcDbEntity
  8
Top-Paste-Mask-Layer
  100
AcDbHatch
  10
0
  20
0
  30
0
  210
0
  220
0
  230
1
  2
SOLID
  70
1
  71
0
  91
1
  92
7
  72
0
  73
1
  93
12
  10
20.45914401828804
  20
9.619314198628402
  10
20.459118618237245
  20
9.199349758699523
  10
20.01413512827026
  20
9.199349758699523
  10
20.01413512827026
  20
8.749362458724924
  10
20.454114808229622
  20
8.749362458724924
  10
20.45914401828804
  20
8.33932943865888
  10
20.40913131826264
  20
8.289316738633481
  10
19.25914401828804
  20
8.289316738633481
  10
19.209131318262642
  20
8.33932943865888
  10
19.209131318262642
  20
9.619314198628402
  10
19.25914401828804
  20
9.6693268986538
  10
20.40913131826264
  20
9.6693268986538
  97
1
  330
1136
  75
0
  76
1
  47
0.4128176842155181
  98
1
  10
34.90568961886538
  20
22.81183545379326
  450
0
  451
0
  460
0
  461
0
  452
1
  462
1
  453
2
  463
0
  63
5
  421
255
  463
1
  63
7
  421
16777215
  470
LINEAR
  1001
ACAD
  1010
0
  1020
0
  1030
0
  0
LWPOLYLINE
  5
1136
  100
AcDbEntity
  8
Top-Paste-Mask-Layer
  100
AcDbPolyline
  90
12
  70
1
  43
0.005080010160020321
  10
20.45914401828804
  20
9.619314198628402
  10
20.459118618237245
  20
9.199349758699523
  10
20.01413512827026
  20
9.199349758699523
  10
20.01413512827026
  20
8.749362458724924
  10
20.454114808229622
  20
8.749362458724924
  10
20.45914401828804
  20
8.33932943865888
  10
20.40913131826264
  20
8.289316738633481
  10
19.25914401828804
  20
8.289316738633481
  10
19.209131318262642
  20
8.33932943865888
  10
19.209131318262642
  20
9.619314198628402
  10
19.25914401828804
  20
9.6693268986538
  10
20.40913131826264
  20
9.6693268986538
  0
HATCH
  5
1139
  100
AcDbEntity
  8
Top-Paste-Mask-Layer
  100
AcDbHatch
  10
0
  20
0
  30
0
  210
0
  220
0
  230
1
  2
SOLID
  70
1
  71
0
  91
1
  92
7
  72
0
  73
1
  93
12
  10
8.397053594107188
  20
29.008087376174757
  10
9.67703835407671
  20
29.008087376174757
  10
9.727051054102109
  20
28.95807467614936
  10
9.727051054102109
  20
27.80806197612396
  10
9.67703835407671
  20
27.758074676149356
  10
9.267005334010669
  20
27.75304546609094
  10
9.267005334010669
  20
28.20305816611634
  10
8.81701803403607
  20
28.20305816611634
  10
8.81701803403607
  20
27.76305308610618
  10
8.397053594107188
  20
27.758074676149356
  10
8.34704089408179
  20
27.80806197612396
  10
8.34704089408179
  20
28.95807467614936
  97
1
  330
1138
  75
0
  76
1
  47
0.4128176842155181
  98
1
  10
34.90568961886538
  20
22.81183545379326
  450
0
  451
0
  460
0
  461
0
  452
1
  462
1
  453
2
  463
0
  63
5
  421
255
  463
1
  63
7
  421
16777215
  470
LINEAR
  1001
ACAD
  1010
0
  1020
0
  1030
0
  0
LWPOLYLINE
  5
1138
  100
AcDbEntity
  8
Top-Paste-Mask-Layer
  100
AcDbPolyline
  90
12
  70
1
  43
0.005080010160020321
  10
8.397053594107188
  20
29.008087376174757
  10
9.67703835407671
  20
29.008087376174757
  10
9.727051054102109
  20
28.95807467614936
  10
9.727051054102109
  20
27.80806197612396
  10
9.67703835407671
  20
27.758074676149356
  10
9.267005334010669
  20
27.75304546609094
  10
9.267005334010669
  20
28.20305816611634
  10
8.81701803403607
  20
28.20305816611634
  10
8.81701803403607
  20
27.76305308610618
  10
8.397053594107188
  20
27.758074676149356
  10
8.34704089408179
  20
27.80806197612396
  10
8.34704089408179
  20
28.95807467614936
  0
HATCH
  5
1141
  100
AcDbEntity
  8
Top-Paste-Mask-Layer
  100
AcDbHatch
  10
0
  20
0
  30
0
  210
0
  220
0
  230
1
  2
SOLID
  70
1
  71
0
  91
1
  92
7
  72
0
  73
1
  93
12
  10
8.397053594107188
  20
26.858074676149357
  10
8.81701803403607
  20
26.85804927609856
  10
8.81701803403607
  20
26.41306578613158
  10
9.267005334010669
  20
26.41306578613158
  10
9.267005334010669
  20
26.85304546609094
  10
9.67703835407671
  20
26.858074676149357
  10
9.727051054102109
  20
26.80806197612396
  10
9.727051054102109
  20
25.658074676149358
  10
9.67703835407671
  20
25.608061976123956
  10
8.397053594107188
  20
25.608061976123956
  10
8.34704089408179
  20
25.658074676149358
  10
8.34704089408179
  20
26.80806197612396
  97
1
  330
1140
  75
0
  76
1
  47
0.4128176842155181
  98
1
  10
34.90568961886538
  20
22.81183545379326
  450
0
  451
0
  460
0
  461
0
  452
1
  462
1
  453
2
  463
0
  63
5
  421
255
  463
1
  63
7
  421
16777215
  470
LINEAR
  1001
ACAD
  1010
0
  1020
0
  1030
0
  0
LWPOLYLINE
  5
1140
  100
AcDbEntity
  8
Top-Paste-Mask-Layer
  100
AcDbPolyline
  90
12
  70
1
  43
0.005080010160020321
  10
8.397053594107188
  20
26.858074676149357
  10
8.81701803403607
  20
26.85804927609856
  10
8.81701803403607
  20
26.41306578613158
  10
9.267005334010669
  20
26.41306578613158
  10
9.267005334010669
  20
26.85304546609094
  10
9.67703835407671
  20
26.858074676149357
  10
9.727051054102109
  20
26.80806197612396
  10
9.727051054102109
  20
25.658074676149358
  10
9.67703835407671
  20
25.608061976123956
  10
8.397053594107188
  20
25.608061976123956
  10
8.34704089408179
  20
25.658074676149358
  10
8.34704089408179
  20
26.80806197612396
  0
HATCH
  5
1143
  100
AcDbEntity
  8
Top-Paste-Mask-Layer
  100
AcDbHatch
  10
0
  20
0
  30
0
  210
0
  220
0
  230
1
  2
SOLID
  70
1
  71
0
  91
1
  92
7
  72
0
  73
1
  93
12
  10
2.397967995935992
  20
15.2440030480061
  10
1.1179832359664719
  20
15.2440030480061
  10
1.0679705359410718
  20
15.294015748031502
  10
1.0679705359410718
  20
16.4440284480569
  10
1.1179832359664719
  20
16.4940157480315
  10
1.5280162560325117
  20
16.49904495808992
  10
1.5280162560325117
  20
16.04903225806452
  10
1.9780035560071116
  20
16.04903225806452
  10
1.9780035560071116
  20
16.48903733807468
  10
2.397967995935992
  20
16.4940157480315
  10
2.447980695961392
  20
16.4440284480569
  10
2.447980695961392
  20
15.294015748031502
  97
1
  330
1142
  75
0
  76
1
  47
0.4128176842155181
  98
1
  10
34.90568961886538
  20
22.81183545379326
  450
0
  451
0
  460
0
  461
0
  452
1
  462
1
  453
2
  463
0
  63
5
  421
255
  463
1
  63
7
  421
16777215
  470
LINEAR
  1001
ACAD
  1010
0
  1020
0
  1030
0
  0
LWPOLYLINE
  5
1142
  100
AcDbEntity
  8
Top-Paste-Mask-Layer
  100
AcDbPolyline
  90
12
  70
1
  43
0.005080010160020321
  10
2.397967995935992
  20
15.2440030480061
  10
1.1179832359664719
  20
15.2440030480061
  10
1.0679705359410718
  20
15.294015748031502
  10
1.0679705359410718
  20
16.4440284480569
  10
1.1179832359664719
  20
16.4940157480315
  10
1.5280162560325117
  20
16.49904495808992
  10
1.5280162560325117
  20
16.04903225806452
  10
1.9780035560071116
  20
16.04903225806452
  10
1.9780035560071116
  20
16.48903733807468
  10
2.397967995935992
  20
16.4940157480315
  10
2.447980695961392
  20
16.4440284480569
  10
2.447980695961392
  20
15.294015748031502
  0
HATCH
  5
1145
  100
AcDbEntity
  8
Top-Paste-Mask-Layer
  100
AcDbHatch
  10
0
  20
0
  30
0
  210
0
  220
0
  230
1
  2
SOLID
  70
1
  71
0
  91
1
  92
7
  72
0
  73
1
  93
12
  10
2.397967995935992
  20
17.394015748031503
  10
1.9780035560071125
  20
17.394041148082298
  10
1.9780035560071125
  20
17.83902463804928
  10
1.5280162560325117
  20
17.83902463804928
  10
1.5280162560325117
  20
17.39904495808992
  10
1.1179832359664719
  20
17.394015748031503
  10
1.0679705359410718
  20
17.4440284480569
  10
1.0679705359410718
  20
18.594015748031502
  10
1.1179832359664719
  20
18.644028448056904
  10
2.397967995935992
  20
18.644028448056904
  10
2.447980695961392
  20
18.594015748031502
  10
2.447980695961392
  20
17.4440284480569
  97
1
  330
1144
  75
0
  76
1
  47
0.4128176842155181
  98
1
  10
34.90568961886538
  20
22.81183545379326
  450
0
  451
0
  460
0
  461
0
  452
1
  462
1
  453
2
  463
0
  63
5
  421
255
  463
1
  63
7
  421
16777215
  470
LINEAR
  1001
ACAD
  1010
0
  1020
0
  1030
0
  0
LWPOLYLINE
  5
1144
  100
AcDbEntity
  8
Top-Paste-Mask-Layer
  100
AcDbPolyline
  90
12
  70
1
  43
0.005080010160020321
  10
2.397967995935992
  20
17.394015748031503
  10
1.9780035560071125
  20
17.394041148082298
  10
1.9780035560071125
  20
17.83902463804928
  10
1.5280162560325117
  20
17.83902463804928
  10
1.5280162560325117
  20
17.39904495808992
  10
1.1179832359664719
  20
17.394015748031503
  10
1.0679705359410718
  20
17.4440284480569
  10
1.0679705359410718
  20
18.594015748031502
  10
1.1179832359664719
  20
18.644028448056904
  10
2.397967995935992
  20
18.644028448056904
  10
2.447980695961392
  20
18.594015748031502
  10
2.447980695961392
  20
17.4440284480569
  0
HATCH
  5
1147
  100
AcDbEntity
  8
Top-Paste-Mask-Layer
  100
AcDbHatch
  10
0
  20
0
  30
0
  210
0
  220
0
  230
1
  2
SOLID
  70
1
  71
0
  91
1
  92
7
  72
0
  73
1
  93
12
  10
8.053035306070612
  20
17.115021590043188
  10
7.253035306070614
  20
17.115021590043188
  10
7.203022606045214
  20
17.065008890017786
  10
7.203022606045214
  20
16.837043434086873
  10
7.573025146050292
  20
16.837043434086873
  10
7.573025146050292
  20
16.50704597409195
  10
7.203022606045214
  20
16.50704597409195
  10
7.203022606045214
  20
16.265008890017786
  10
7.253035306070614
  20
16.215021590043186
  10
8.053035306070612
  20
16.215021590043186
  10
8.103022606045215
  20
16.265008890017786
  10
8.103022606045215
  20
17.065008890017786
  97
1
  330
1146
  75
0
  76
1
  47
0.4128176842155181
  98
1
  10
34.90568961886538
  20
22.81183545379326
  450
0
  451
0
  460
0
  461
0
  452
1
  462
1
  453
2
  463
0
  63
5
  421
255
  463
1
  63
7
  421
16777215
  470
LINEAR
  1001
ACAD
  1010
0
  1020
0
  1030
0
  0
LWPOLYLINE
  5
1146
  100
AcDbEntity
  8
Top-Paste-Mask-Layer
  100
AcDbPolyline
  90
12
  70
1
  43
0.005080010160020321
  10
8.053035306070612
  20
17.115021590043188
  10
7.253035306070614
  20
17.115021590043188
  10
7.203022606045214
  20
17.065008890017786
  10
7.203022606045214
  20
16.837043434086873
  10
7.573025146050292
  20
16.837043434086873
  10
7.573025146050292
  20
16.50704597409195
  10
7.203022606045214
  20
16.50704597409195
  10
7.203022606045214
  20
16.265008890017786
  10
7.253035306070614
  20
16.215021590043186
  10
8.053035306070612
  20
16.215021590043186
  10
8.103022606045215
  20
16.265008890017786
  10
8.103022606045215
  20
17.065008890017786
  0
HATCH
  5
1149
  100
AcDbEntity
  8
Top-Paste-Mask-Layer
  100
AcDbHatch
  10
0
  20
0
  30
0
  210
0
  220
0
  230
1
  2
SOLID
  70
1
  71
0
  91
1
  92
7
  72
0
  73
1
  93
12
  10
5.662992125984252
  20
16.215046990093985
  10
6.462992125984253
  20
16.215046990093985
  10
6.513004826009653
  20
16.265059690119383
  10
6.513004826009653
  20
16.493025146050297
  10
6.143002286004573
  20
16.493025146050297
  10
6.143002286004573
  20
16.823022606045217
  10
6.513004826009653
  20
16.823022606045217
  10
6.513004826009653
  20
17.065059690119384
  10
6.462992125984253
  20
17.115046990093983
  10
5.662992125984252
  20
17.115046990093983
  10
5.613004826009653
  20
17.065059690119384
  10
5.613004826009653
  20
16.265059690119383
  97
1
  330
1148
  75
0
  76
1
  47
0.4128176842155181
  98
1
  10
34.90568961886538
  20
22.81183545379326
  450
0
  451
0
  460
0
  461
0
  452
1
  462
1
  453
2
  463
0
  63
5
  421
255
  463
1
  63
7
  421
16777215
  470
LINEAR
  1001
ACAD
  1010
0
  1020
0
  1030
0
  0
LWPOLYLINE
  5
1148
  100
AcDbEntity
  8
Top-Paste-Mask-Layer
  100
AcDbPolyline
  90
12
  70
1
  43
0.005080010160020321
  10
5.662992125984252
  20
16.215046990093985
  10
6.462992125984253
  20
16.215046990093985
  10
6.513004826009653
  20
16.265059690119383
  10
6.513004826009653
  20
16.493025146050297
  10
6.143002286004573
  20
16.493025146050297
  10
6.143002286004573
  20
16.823022606045217
  10
6.513004826009653
  20
16.823022606045217
  10
6.513004826009653
  20
17.065059690119384
  10
6.462992125984253
  20
17.115046990093983
  10
5.662992125984252
  20
17.115046990093983
  10
5.613004826009653
  20
17.065059690119384
  10
5.613004826009653
  20
16.265059690119383
  0
HATCH
  5
1151
  100
AcDbEntity
  8
Top-Paste-Mask-Layer
  100
AcDbHatch
  10
0
  20
0
  30
0
  210
0
  220
0
  230
1
  2
SOLID
  70
1
  71
0
  91
1
  92
7
  72
0
  73
1
  93
12
  10
45.51811023622048
  20
12.670012700025406
  10
44.71811023622048
  20
12.670012700025406
  10
44.66809753619508
  20
12.620000000000005
  10
44.66809753619508
  20
12.39203454406909
  10
45.03810007620015
  20
12.39203454406909
  10
45.03810007620015
  20
12.062037084074174
  10
44.66809753619508
  20
12.062037084074174
  10
44.66809753619508
  20
11.820000000000004
  10
44.71811023622048
  20
11.770012700025404
  10
45.51811023622048
  20
11.770012700025404
  10
45.568097536195076
  20
11.820000000000004
  10
45.568097536195076
  20
12.620000000000005
  97
1
  330
1150
  75
0
  76
1
  47
0.4128176842155181
  98
1
  10
34.90568961886538
  20
22.81183545379326
  450
0
  451
0
  460
0
  461
0
  452
1
  462
1
  453
2
  463
0
  63
5
  421
255
  463
1
  63
7
  421
16777215
  470
LINEAR
  1001
ACAD
  1010
0
  1020
0
  1030
0
  0
LWPOLYLINE
  5
1150
  100
AcDbEntity
  8
Top-Paste-Mask-Layer
  100
AcDbPolyline
  90
12
  70
1
  43
0.005080010160020321
  10
45.51811023622048
  20
12.670012700025406
  10
44.71811023622048
  20
12.670012700025406
  10
44.66809753619508
  20
12.620000000000005
  10
44.66809753619508
  20
12.39203454406909
  10
45.03810007620015
  20
12.39203454406909
  10
45.03810007620015
  20
12.062037084074174
  10
44.66809753619508
  20
12.062037084074174
  10
44.66809753619508
  20
11.820000000000004
  10
44.71811023622048
  20
11.770012700025404
  10
45.51811023622048
  20
11.770012700025404
  10
45.568097536195076
  20
11.820000000000004
  10
45.568097536195076
  20
12.620000000000005
  0
HATCH
  5
1153
  100
AcDbEntity
  8
Top-Paste-Mask-Layer
  100
AcDbHatch
  10
0
  20
0
  30
0
  210
0
  220
0
  230
1
  2
SOLID
  70
1
  71
0
  91
1
  92
7
  72
0
  73
1
  93
12
  10
43.128067056134114
  20
11.770038100076203
  10
43.92806705613411
  20
11.770038100076203
  10
43.97807975615951
  20
11.820050800101601
  10
43.97807975615951
  20
12.048016256032515
  10
43.608077216154435
  20
12.048016256032515
  10
43.608077216154435
  20
12.378013716027436
  10
43.97807975615951
  20
12.378013716027436
  10
43.97807975615951
  20
12.620050800101605
  10
43.92806705613411
  20
12.670038100076205
  10
43.128067056134114
  20
12.670038100076205
  10
43.07807975615952
  20
12.620050800101605
  10
43.07807975615952
  20
11.820050800101601
  97
1
  330
1152
  75
0
  76
1
  47
0.4128176842155181
  98
1
  10
34.90568961886538
  20
22.81183545379326
  450
0
  451
0
  460
0
  461
0
  452
1
  462
1
  453
2
  463
0
  63
5
  421
255
  463
1
  63
7
  421
16777215
  470
LINEAR
  1001
ACAD
  1010
0
  1020
0
  1030
0
  0
LWPOLYLINE
  5
1152
  100
AcDbEntity
  8
Top-Paste-Mask-Layer
  100
AcDbPolyline
  90
12
  70
1
  43
0.005080010160020321
  10
43.128067056134114
  20
11.770038100076203
  10
43.92806705613411
  20
11.770038100076203
  10
43.97807975615951
  20
11.820050800101601
  10
43.97807975615951
  20
12.048016256032515
  10
43.608077216154435
  20
12.048016256032515
  10
43.608077216154435
  20
12.378013716027436
  10
43.97807975615951
  20
12.378013716027436
  10
43.97807975615951
  20
12.620050800101605
  10
43.92806705613411
  20
12.670038100076205
  10
43.128067056134114
  20
12.670038100076205
  10
43.07807975615952
  20
12.620050800101605
  10
43.07807975615952
  20
11.820050800101601
  0
HATCH
  5
1155
  100
AcDbEntity
  8
Top-Paste-Mask-Layer
  100
AcDbHatch
  10
0
  20
0
  30
0
  210
0
  220
0
  230
1
  2
SOLID
  70
1
  71
0
  91
1
  92
7
  72
0
  73
1
  93
4
  10
27.58404876809754
  20
6.861021082042171
  10
26.264058928117862
  20
6.861021082042171
  10
26.264058928117862
  20
8.181010922021848
  10
27.58404876809754
  20
8.181010922021848
  97
1
  330
1154
  75
0
  76
1
  47
0.4128176842155181
  98
1
  10
34.90568961886538
  20
22.81183545379326
  450
0
  451
0
  460
0
  461
0
  452
1
  462
1
  453
2
  463
0
  63
5
  421
255
  463
1
  63
7
  421
16777215
  470
LINEAR
  1001
ACAD
  1010
0
  1020
0
  1030
0
  0
LWPOLYLINE
  5
1154
  100
AcDbEntity
  8
Top-Paste-Mask-Layer
  100
AcDbPolyline
  90
4
  70
1
  43
0.005080010160020321
  10
27.58404876809754
  20
6.861021082042171
  10
26.264058928117862
  20
6.861021082042171
  10
26.264058928117862
  20
8.181010922021848
  10
27.58404876809754
  20
8.181010922021848
  0
HATCH
  5
1157
  100
AcDbEntity
  8
Top-Paste-Mask-Layer
  100
AcDbHatch
  10
0
  20
0
  30
0
  210
0
  220
0
  230
1
  2
SOLID
  70
1
  71
0
  91
1
  92
7
  72
0
  73
1
  93
4
  10
27.8241554483109
  20
8.595946151892306
  10
27.6241554483109
  20
8.595946151892306
  10
27.6241554483109
  20
9.260944881889763
  10
27.8241554483109
  20
9.260944881889763
  97
1
  330
1156
  75
0
  76
1
  47
0.4128176842155181
  98
1
  10
34.90568961886538
  20
22.81183545379326
  450
0
  451
0
  460
0
  461
0
  452
1
  462
1
  453
2
  463
0
  63
5
  421
255
  463
1
  63
7
  421
16777215
  470
LINEAR
  1001
ACAD
  1010
0
  1020
0
  1030
0
  0
LWPOLYLINE
  5
1156
  100
AcDbEntity
  8
Top-Paste-Mask-Layer
  100
AcDbPolyline
  90
4
  70
1
  43
0.005080010160020321
  10
27.8241554483109
  20
8.595946151892306
  10
27.6241554483109
  20
8.595946151892306
  10
27.6241554483109
  20
9.260944881889763
  10
27.8241554483109
  20
9.260944881889763
  0
HATCH
  5
1159
  100
AcDbEntity
  8
Top-Paste-Mask-Layer
  100
AcDbHatch
  10
0
  20
0
  30
0
  210
0
  220
0
  230
1
  2
SOLID
  70
1
  71
0
  91
1
  92
7
  72
0
  73
1
  93
4
  10
27.4241046482093
  20
8.595946151892306
  10
27.224104648209302
  20
8.595946151892306
  10
27.224104648209302
  20
9.260944881889763
  10
27.4241046482093
  20
9.260944881889763
  97
1
  330
1158
  75
0
  76
1
  47
0.4128176842155181
  98
1
  10
34.90568961886538
  20
22.81183545379326
  450
0
  451
0
  460
0
  461
0
  452
1
  462
1
  453
2
  463
0
  63
5
  421
255
  463
1
  63
7
  421
16777215
  470
LINEAR
  1001
ACAD
  1010
0
  1020
0
  1030
0
  0
LWPOLYLINE
  5
1158
  100
AcDbEntity
  8
Top-Paste-Mask-Layer
  100
AcDbPolyline
  90
4
  70
1
  43
0.005080010160020321
  10
27.4241046482093
  20
8.595946151892306
  10
27.224104648209302
  20
8.595946151892306
  10
27.224104648209302
  20
9.260944881889763
  10
27.4241046482093
  20
9.260944881889763
  0
HATCH
  5
1161
  100
AcDbEntity
  8
Top-Paste-Mask-Layer
  100
AcDbHatch
  10
0
  20
0
  30
0
  210
0
  220
0
  230
1
  2
SOLID
  70
1
  71
0
  91
1
  92
7
  72
0
  73
1
  93
4
  10
27.024053848107698
  20
8.595946151892306
  10
26.824053848107702
  20
8.595946151892306
  10
26.824053848107702
  20
9.260944881889763
  10
27.024053848107698
  20
9.260944881889763
  97
1
  330
1160
  75
0
  76
1
  47
0.4128176842155181
  98
1
  10
34.90568961886538
  20
22.81183545379326
  450
0
  451
0
  460
0
  461
0
  452
1
  462
1
  453
2
  463
0
  63
5
  421
255
  463
1
  63
7
  421
16777215
  470
LINEAR
  1001
ACAD
  1010
0
  1020
0
  1030
0
  0
LWPOLYLINE
  5
1160
  100
AcDbEntity
  8
Top-Paste-Mask-Layer
  100
AcDbPolyline
  90
4
  70
1
  43
0.005080010160020321
  10
27.024053848107698
  20
8.595946151892306
  10
26.824053848107702
  20
8.595946151892306
  10
26.824053848107702
  20
9.260944881889763
  10
27.024053848107698
  20
9.260944881889763
  0
HATCH
  5
1163
  100
AcDbEntity
  8
Top-Paste-Mask-Layer
  100
AcDbHatch
  10
0
  20
0
  30
0
  210
0
  220
0
  230
1
  2
SOLID
  70
1
  71
0
  91
1
  92
7
  72
0
  73
1
  93
4
  10
26.624003048006102
  20
8.595946151892306
  10
26.4240030480061
  20
8.595946151892306
  10
26.4240030480061
  20
9.260944881889763
  10
26.624003048006102
  20
9.260944881889763
  97
1
  330
1162
  75
0
  76
1
  47
0.4128176842155181
  98
1
  10
34.90568961886538
  20
22.81183545379326
  450
0
  451
0
  460
0
  461
0
  452
1
  462
1
  453
2
  463
0
  63
5
  421
255
  463
1
  63
7
  421
16777215
  470
LINEAR
  1001
ACAD
  1010
0
  1020
0
  1030
0
  0
LWPOLYLINE
  5
1162
  100
AcDbEntity
  8
Top-Paste-Mask-Layer
  100
AcDbPolyline
  90
4
  70
1
  43
0.005080010160020321
  10
26.624003048006102
  20
8.595946151892306
  10
26.4240030480061
  20
8.595946151892306
  10
26.4240030480061
  20
9.260944881889763
  10
26.624003048006102
  20
9.260944881889763
  0
HATCH
  5
1165
  100
AcDbEntity
  8
Top-Paste-Mask-Layer
  100
AcDbHatch
  10
0
  20
0
  30
0
  210
0
  220
0
  230
1
  2
SOLID
  70
1
  71
0
  91
1
  92
7
  72
0
  73
1
  93
4
  10
26.223952247904503
  20
8.595946151892306
  10
26.0239522479045
  20
8.595946151892306
  10
26.0239522479045
  20
9.260944881889763
  10
26.223952247904503
  20
9.260944881889763
  97
1
  330
1164
  75
0
  76
1
  47
0.4128176842155181
  98
1
  10
34.90568961886538
  20
22.81183545379326
  450
0
  451
0
  460
0
  461
0
  452
1
  462
1
  453
2
  463
0
  63
5
  421
255
  463
1
  63
7
  421
16777215
  470
LINEAR
  1001
ACAD
  1010
0
  1020
0
  1030
0
  0
LWPOLYLINE
  5
1164
  100
AcDbEntity
  8
Top-Paste-Mask-Layer
  100
AcDbPolyline
  90
4
  70
1
  43
0.005080010160020321
  10
26.223952247904503
  20
8.595946151892306
  10
26.0239522479045
  20
8.595946151892306
  10
26.0239522479045
  20
9.260944881889763
  10
26.223952247904503
  20
9.260944881889763
  0
HATCH
  5
1167
  100
AcDbEntity
  8
Top-Paste-Mask-Layer
  100
AcDbHatch
  10
0
  20
0
  30
0
  210
0
  220
0
  230
1
  2
SOLID
  70
1
  71
0
  91
1
  92
7
  72
0
  73
1
  93
4
  10
25.8491236982474
  20
8.22111760223521
  10
25.184124968249943
  20
8.22111760223521
  10
25.184124968249943
  20
8.421117602235206
  10
25.8491236982474
  20
8.421117602235206
  97
1
  330
1166
  75
0
  76
1
  47
0.4128176842155181
  98
1
  10
34.90568961886538
  20
22.81183545379326
  450
0
  451
0
  460
0
  461
0
  452
1
  462
1
  453
2
  463
0
  63
5
  421
255
  463
1
  63
7
  421
16777215
  470
LINEAR
  1001
ACAD
  1010
0
  1020
0
  1030
0
  0
LWPOLYLINE
  5
1166
  100
AcDbEntity
  8
Top-Paste-Mask-Layer
  100
AcDbPolyline
  90
4
  70
1
  43
0.005080010160020321
  10
25.8491236982474
  20
8.22111760223521
  10
25.184124968249943
  20
8.22111760223521
  10
25.184124968249943
  20
8.421117602235206
  10
25.8491236982474
  20
8.421117602235206
  0
HATCH
  5
1169
  100
AcDbEntity
  8
Top-Paste-Mask-Layer
  100
AcDbHatch
  10
0
  20
0
  30
0
  210
0
  220
0
  230
1
  2
SOLID
  70
1
  71
0
  91
1
  92
7
  72
0
  73
1
  93
4
  10
25.8491236982474
  20
7.821066802133608
  10
25.184124968249943
  20
7.821066802133608
  10
25.184124968249943
  20
8.02106680213361
  10
25.8491236982474
  20
8.02106680213361
  97
1
  330
1168
  75
0
  76
1
  47
0.4128176842155181
  98
1
  10
34.90568961886538
  20
22.81183545379326
  450
0
  451
0
  460
0
  461
0
  452
1
  462
1
  453
2
  463
0
  63
5
  421
255
  463
1
  63
7
  421
16777215
  470
LINEAR
  1001
ACAD
  1010
0
  1020
0
  1030
0
  0
LWPOLYLINE
  5
1168
  100
AcDbEntity
  8
Top-Paste-Mask-Layer
  100
AcDbPolyline
  90
4
  70
1
  43
0.005080010160020321
  10
25.8491236982474
  20
7.821066802133608
  10
25.184124968249943
  20
7.821066802133608
  10
25.184124968249943
  20
8.02106680213361
  10
25.8491236982474
  20
8.02106680213361
  0
HATCH
  5
1171
  100
AcDbEntity
  8
Top-Paste-Mask-Layer
  100
AcDbHatch
  10
0
  20
0
  30
0
  210
0
  220
0
  230
1
  2
SOLID
  70
1
  71
0
  91
1
  92
7
  72
0
  73
1
  93
4
  10
25.8491236982474
  20
7.421016002032012
  10
25.184124968249943
  20
7.421016002032012
  10
25.184124968249943
  20
7.6210160020320075
  10
25.8491236982474
  20
7.6210160020320075
  97
1
  330
1170
  75
0
  76
1
  47
0.4128176842155181
  98
1
  10
34.90568961886538
  20
22.81183545379326
  450
0
  451
0
  460
0
  461
0
  452
1
  462
1
  453
2
  463
0
  63
5
  421
255
  463
1
  63
7
  421
16777215
  470
LINEAR
  1001
ACAD
  1010
0
  1020
0
  1030
0
  0
LWPOLYLINE
  5
1170
  100
AcDbEntity
  8
Top-Paste-Mask-Layer
  100
AcDbPolyline
  90
4
  70
1
  43
0.005080010160020321
  10
25.8491236982474
  20
7.421016002032012
  10
25.184124968249943
  20
7.421016002032012
  10
25.184124968249943
  20
7.6210160020320075
  10
25.8491236982474
  20
7.6210160020320075
  0
HATCH
  5
1173
  100
AcDbEntity
  8
Top-Paste-Mask-Layer
  100
AcDbHatch
  10
0
  20
0
  30
0
  210
0
  220
0
  230
1
  2
SOLID
  70
1
  71
0
  91
1
  92
7
  72
0
  73
1
  93
4
  10
25.8491236982474
  20
7.020965201930402
  10
25.184124968249943
  20
7.020965201930402
  10
25.184124968249943
  20
7.220965201930412
  10
25.8491236982474
  20
7.220965201930412
  97
1
  330
1172
  75
0
  76
1
  47
0.4128176842155181
  98
1
  10
34.90568961886538
  20
22.81183545379326
  450
0
  451
0
  460
0
  461
0
  452
1
  462
1
  453
2
  463
0
  63
5
  421
255
  463
1
  63
7
  421
16777215
  470
LINEAR
  1001
ACAD
  1010
0
  1020
0
  1030
0
  0
LWPOLYLINE
  5
1172
  100
AcDbEntity
  8
Top-Paste-Mask-Layer
  100
AcDbPolyline
  90
4
  70
1
  43
0.005080010160020321
  10
25.8491236982474
  20
7.020965201930402
  10
25.184124968249943
  20
7.020965201930402
  10
25.184124968249943
  20
7.220965201930412
  10
25.8491236982474
  20
7.220965201930412
  0
HATCH
  5
1175
  100
AcDbEntity
  8
Top-Paste-Mask-Layer
  100
AcDbHatch
  10
0
  20
0
  30
0
  210
0
  220
0
  230
1
  2
SOLID
  70
1
  71
0
  91
1
  92
7
  72
0
  73
1
  93
4
  10
25.8491236982474
  20
6.620914401828806
  10
25.184124968249943
  20
6.620914401828806
  10
25.184124968249943
  20
6.8209144018288015
  10
25.8491236982474
  20
6.8209144018288015
  97
1
  330
1174
  75
0
  76
1
  47
0.4128176842155181
  98
1
  10
34.90568961886538
  20
22.81183545379326
  450
0
  451
0
  460
0
  461
0
  452
1
  462
1
  453
2
  463
0
  63
5
  421
255
  463
1
  63
7
  421
16777215
  470
LINEAR
  1001
ACAD
  1010
0
  1020
0
  1030
0
  0
LWPOLYLINE
  5
1174
  100
AcDbEntity
  8
Top-Paste-Mask-Layer
  100
AcDbPolyline
  90
4
  70
1
  43
0.005080010160020321
  10
25.8491236982474
  20
6.620914401828806
  10
25.184124968249943
  20
6.620914401828806
  10
25.184124968249943
  20
6.8209144018288015
  10
25.8491236982474
  20
6.8209144018288015
  0
HATCH
  5
1177
  100
AcDbEntity
  8
Top-Paste-Mask-Layer
  100
AcDbHatch
  10
0
  20
0
  30
0
  210
0
  220
0
  230
1
  2
SOLID
  70
1
  71
0
  91
1
  92
7
  72
0
  73
1
  93
4
  10
26.223952247904503
  20
5.781112522225051
  10
26.0239522479045
  20
5.781112522225051
  10
26.0239522479045
  20
6.446111252222508
  10
26.223952247904503
  20
6.446111252222508
  97
1
  330
1176
  75
0
  76
1
  47
0.4128176842155181
  98
1
  10
34.90568961886538
  20
22.81183545379326
  450
0
  451
0
  460
0
  461
0
  452
1
  462
1
  453
2
  463
0
  63
5
  421
255
  463
1
  63
7
  421
16777215
  470
LINEAR
  1001
ACAD
  1010
0
  1020
0
  1030
0
  0
LWPOLYLINE
  5
1176
  100
AcDbEntity
  8
Top-Paste-Mask-Layer
  100
AcDbPolyline
  90
4
  70
1
  43
0.005080010160020321
  10
26.223952247904503
  20
5.781112522225051
  10
26.0239522479045
  20
5.781112522225051
  10
26.0239522479045
  20
6.446111252222508
  10
26.223952247904503
  20
6.446111252222508
  0
HATCH
  5
1179
  100
AcDbEntity
  8
Top-Paste-Mask-Layer
  100
AcDbHatch
  10
0
  20
0
  30
0
  210
0
  220
0
  230
1
  2
SOLID
  70
1
  71
0
  91
1
  92
7
  72
0
  73
1
  93
4
  10
26.6240030480061
  20
5.781112522225051
  10
26.4240030480061
  20
5.781112522225051
  10
26.4240030480061
  20
6.446111252222508
  10
26.6240030480061
  20
6.446111252222508
  97
1
  330
1178
  75
0
  76
1
  47
0.4128176842155181
  98
1
  10
34.90568961886538
  20
22.81183545379326
  450
0
  451
0
  460
0
  461
0
  452
1
  462
1
  453
2
  463
0
  63
5
  421
255
  463
1
  63
7
  421
16777215
  470
LINEAR
  1001
ACAD
  1010
0
  1020
0
  1030
0
  0
LWPOLYLINE
  5
1178
  100
AcDbEntity
  8
Top-Paste-Mask-Layer
  100
AcDbPolyline
  90
4
  70
1
  43
0.005080010160020321
  10
26.6240030480061
  20
5.781112522225051
  10
26.4240030480061
  20
5.781112522225051
  10
26.4240030480061
  20
6.446111252222508
  10
26.6240030480061
  20
6.446111252222508
  0
HATCH
  5
1181
  100
AcDbEntity
  8
Top-Paste-Mask-Layer
  100
AcDbHatch
  10
0
  20
0
  30
0
  210
0
  220
0
  230
1
  2
SOLID
  70
1
  71
0
  91
1
  92
7
  72
0
  73
1
  93
4
  10
27.024053848107698
  20
5.781112522225051
  10
26.824053848107702
  20
5.781112522225051
  10
26.824053848107702
  20
6.446111252222508
  10
27.024053848107698
  20
6.446111252222508
  97
1
  330
1180
  75
0
  76
1
  47
0.4128176842155181
  98
1
  10
34.90568961886538
  20
22.81183545379326
  450
0
  451
0
  460
0
  461
0
  452
1
  462
1
  453
2
  463
0
  63
5
  421
255
  463
1
  63
7
  421
16777215
  470
LINEAR
  1001
ACAD
  1010
0
  1020
0
  1030
0
  0
LWPOLYLINE
  5
1180
  100
AcDbEntity
  8
Top-Paste-Mask-Layer
  100
AcDbPolyline
  90
4
  70
1
  43
0.005080010160020321
  10
27.024053848107698
  20
5.781112522225051
  10
26.824053848107702
  20
5.781112522225051
  10
26.824053848107702
  20
6.446111252222508
  10
27.024053848107698
  20
6.446111252222508
  0
HATCH
  5
1183
  100
AcDbEntity
  8
Top-Paste-Mask-Layer
  100
AcDbHatch
  10
0
  20
0
  30
0
  210
0
  220
0
  230
1
  2
SOLID
  70
1
  71
0
  91
1
  92
7
  72
0
  73
1
  93
4
  10
27.4241046482093
  20
5.781112522225051
  10
27.2241046482093
  20
5.781112522225051
  10
27.2241046482093
  20
6.446111252222508
  10
27.4241046482093
  20
6.446111252222508
  97
1
  330
1182
  75
0
  76
1
  47
0.4128176842155181
  98
1
  10
34.90568961886538
  20
22.81183545379326
  450
0
  451
0
  460
0
  461
0
  452
1
  462
1
  453
2
  463
0
  63
5
  421
255
  463
1
  63
7
  421
16777215
  470
LINEAR
  1001
ACAD
  1010
0
  1020
0
  1030
0
  0
LWPOLYLINE
  5
1182
  100
AcDbEntity
  8
Top-Paste-Mask-Layer
  100
AcDbPolyline
  90
4
  70
1
  43
0.005080010160020321
  10
27.4241046482093
  20
5.781112522225051
  10
27.2241046482093
  20
5.781112522225051
  10
27.2241046482093
  20
6.446111252222508
  10
27.4241046482093
  20
6.446111252222508
  0
HATCH
  5
1185
  100
AcDbEntity
  8
Top-Paste-Mask-Layer
  100
AcDbHatch
  10
0
  20
0
  30
0
  210
0
  220
0
  230
1
  2
SOLID
  70
1
  71
0
  91
1
  92
7
  72
0
  73
1
  93
4
  10
27.8241554483109
  20
5.781112522225051
  10
27.6241554483109
  20
5.781112522225051
  10
27.6241554483109
  20
6.446111252222508
  10
27.8241554483109
  20
6.446111252222508
  97
1
  330
1184
  75
0
  76
1
  47
0.4128176842155181
  98
1
  10
34.90568961886538
  20
22.81183545379326
  450
0
  451
0
  460
0
  461
0
  452
1
  462
1
  453
2
  463
0
  63
5
  421
255
  463
1
  63
7
  421
16777215
  470
LINEAR
  1001
ACAD
  1010
0
  1020
0
  1030
0
  0
LWPOLYLINE
  5
1184
  100
AcDbEntity
  8
Top-Paste-Mask-Layer
  100
AcDbPolyline
  90
4
  70
1
  43
0.005080010160020321
  10
27.8241554483109
  20
5.781112522225051
  10
27.6241554483109
  20
5.781112522225051
  10
27.6241554483109
  20
6.446111252222508
  10
27.8241554483109
  20
6.446111252222508
  0
HATCH
  5
1187
  100
AcDbEntity
  8
Top-Paste-Mask-Layer
  100
AcDbHatch
  10
0
  20
0
  30
0
  210
0
  220
0
  230
1
  2
SOLID
  70
1
  71
0
  91
1
  92
7
  72
0
  73
1
  93
4
  10
28.66395732791467
  20
6.620914401828806
  10
27.9989585979172
  20
6.620914401828806
  10
27.9989585979172
  20
6.8209144018288015
  10
28.66395732791467
  20
6.8209144018288015
  97
1
  330
1186
  75
0
  76
1
  47
0.4128176842155181
  98
1
  10
34.90568961886538
  20
22.81183545379326
  450
0
  451
0
  460
0
  461
0
  452
1
  462
1
  453
2
  463
0
  63
5
  421
255
  463
1
  63
7
  421
16777215
  470
LINEAR
  1001
ACAD
  1010
0
  1020
0
  1030
0
  0
LWPOLYLINE
  5
1186
  100
AcDbEntity
  8
Top-Paste-Mask-Layer
  100
AcDbPolyline
  90
4
  70
1
  43
0.005080010160020321
  10
28.66395732791467
  20
6.620914401828806
  10
27.9989585979172
  20
6.620914401828806
  10
27.9989585979172
  20
6.8209144018288015
  10
28.66395732791467
  20
6.8209144018288015
  0
HATCH
  5
1189
  100
AcDbEntity
  8
Top-Paste-Mask-Layer
  100
AcDbHatch
  10
0
  20
0
  30
0
  210
0
  220
0
  230
1
  2
SOLID
  70
1
  71
0
  91
1
  92
7
  72
0
  73
1
  93
4
  10
28.66395732791467
  20
7.020965201930402
  10
27.9989585979172
  20
7.020965201930402
  10
27.9989585979172
  20
7.220965201930412
  10
28.66395732791467
  20
7.220965201930412
  97
1
  330
1188
  75
0
  76
1
  47
0.4128176842155181
  98
1
  10
34.90568961886538
  20
22.81183545379326
  450
0
  451
0
  460
0
  461
0
  452
1
  462
1
  453
2
  463
0
  63
5
  421
255
  463
1
  63
7
  421
16777215
  470
LINEAR
  1001
ACAD
  1010
0
  1020
0
  1030
0
  0
LWPOLYLINE
  5
1188
  100
AcDbEntity
  8
Top-Paste-Mask-Layer
  100
AcDbPolyline
  90
4
  70
1
  43
0.005080010160020321
  10
28.66395732791467
  20
7.020965201930402
  10
27.9989585979172
  20
7.020965201930402
  10
27.9989585979172
  20
7.220965201930412
  10
28.66395732791467
  20
7.220965201930412
  0
HATCH
  5
1191
  100
AcDbEntity
  8
Top-Paste-Mask-Layer
  100
AcDbHatch
  10
0
  20
0
  30
0
  210
0
  220
0
  230
1
  2
SOLID
  70
1
  71
0
  91
1
  92
7
  72
0
  73
1
  93
4
  10
28.66395732791467
  20
7.421016002032012
  10
27.9989585979172
  20
7.421016002032012
  10
27.9989585979172
  20
7.6210160020320075
  10
28.66395732791467
  20
7.6210160020320075
  97
1
  330
1190
  75
0
  76
1
  47
0.4128176842155181
  98
1
  10
34.90568961886538
  20
22.81183545379326
  450
0
  451
0
  460
0
  461
0
  452
1
  462
1
  453
2
  463
0
  63
5
  421
255
  463
1
  63
7
  421
16777215
  470
LINEAR
  1001
ACAD
  1010
0
  1020
0
  1030
0
  0
LWPOLYLINE
  5
1190
  100
AcDbEntity
  8
Top-Paste-Mask-Layer
  100
AcDbPolyline
  90
4
  70
1
  43
0.005080010160020321
  10
28.66395732791467
  20
7.421016002032012
  10
27.9989585979172
  20
7.421016002032012
  10
27.9989585979172
  20
7.6210160020320075
  10
28.66395732791467
  20
7.6210160020320075
  0
HATCH
  5
1193
  100
AcDbEntity
  8
Top-Paste-Mask-Layer
  100
AcDbHatch
  10
0
  20
0
  30
0
  210
0
  220
0
  230
1
  2
SOLID
  70
1
  71
0
  91
1
  92
7
  72
0
  73
1
  93
4
  10
28.66395732791467
  20
7.821066802133608
  10
27.9989585979172
  20
7.821066802133608
  10
27.9989585979172
  20
8.02106680213361
  10
28.66395732791467
  20
8.02106680213361
  97
1
  330
1192
  75
0
  76
1
  47
0.4128176842155181
  98
1
  10
34.90568961886538
  20
22.81183545379326
  450
0
  451
0
  460
0
  461
0
  452
1
  462
1
  453
2
  463
0
  63
5
  421
255
  463
1
  63
7
  421
16777215
  470
LINEAR
  1001
ACAD
  1010
0
  1020
0
  1030
0
  0
LWPOLYLINE
  5
1192
  100
AcDbEntity
  8
Top-Paste-Mask-Layer
  100
AcDbPolyline
  90
4
  70
1
  43
0.005080010160020321
  10
28.66395732791467
  20
7.821066802133608
  10
27.9989585979172
  20
7.821066802133608
  10
27.9989585979172
  20
8.02106680213361
  10
28.66395732791467
  20
8.02106680213361
  0
HATCH
  5
1195
  100
AcDbEntity
  8
Top-Paste-Mask-Layer
  100
AcDbHatch
  10
0
  20
0
  30
0
  210
0
  220
0
  230
1
  2
SOLID
  70
1
  71
0
  91
1
  92
7
  72
0
  73
1
  93
4
  10
28.66395732791467
  20
8.22111760223521
  10
27.9989585979172
  20
8.22111760223521
  10
27.9989585979172
  20
8.421117602235206
  10
28.66395732791467
  20
8.421117602235206
  97
1
  330
1194
  75
0
  76
1
  47
0.4128176842155181
  98
1
  10
34.90568961886538
  20
22.81183545379326
  450
0
  451
0
  460
0
  461
0
  452
1
  462
1
  453
2
  463
0
  63
5
  421
255
  463
1
  63
7
  421
16777215
  470
LINEAR
  1001
ACAD
  1010
0
  1020
0
  1030
0
  0
LWPOLYLINE
  5
1194
  100
AcDbEntity
  8
Top-Paste-Mask-Layer
  100
AcDbPolyline
  90
4
  70
1
  43
0.005080010160020321
  10
28.66395732791467
  20
8.22111760223521
  10
27.9989585979172
  20
8.22111760223521
  10
27.9989585979172
  20
8.421117602235206
  10
28.66395732791467
  20
8.421117602235206
  0
HATCH
  5
1197
  100
AcDbEntity
  8
Top-Paste-Mask-Layer
  100
AcDbHatch
  10
0
  20
0
  30
0
  210
0
  220
0
  230
1
  2
SOLID
  70
1
  71
0
  91
1
  92
7
  72
0
  73
1
  93
12
  10
20.52202184404369
  20
4.91202438404877
  10
21.322021844043693
  20
4.91202438404877
  10
21.37203454406909
  20
4.9620370840741685
  10
21.37203454406909
  20
5.190002540005082
  10
21.002032004064013
  20
5.190002540005082
  10
21.002032004064013
  20
5.52000000000001
  10
21.37203454406909
  20
5.52000000000001
  10
21.37203454406909
  20
5.762037084074173
  10
21.322021844043693
  20
5.812024384048776
  10
20.52202184404369
  20
5.812024384048776
  10
20.472034544069093
  20
5.762037084074173
  10
20.472034544069093
  20
4.9620370840741685
  97
1
  330
1196
  75
0
  76
1
  47
0.4128176842155181
  98
1
  10
34.90568961886538
  20
22.81183545379326
  450
0
  451
0
  460
0
  461
0
  452
1
  462
1
  453
2
  463
0
  63
5
  421
255
  463
1
  63
7
  421
16777215
  470
LINEAR
  1001
ACAD
  1010
0
  1020
0
  1030
0
  0
LWPOLYLINE
  5
1196
  100
AcDbEntity
  8
Top-Paste-Mask-Layer
  100
AcDbPolyline
  90
12
  70
1
  43
0.005080010160020321
  10
20.52202184404369
  20
4.91202438404877
  10
21.322021844043693
  20
4.91202438404877
  10
21.37203454406909
  20
4.9620370840741685
  10
21.37203454406909
  20
5.190002540005082
  10
21.002032004064013
  20
5.190002540005082
  10
21.002032004064013
  20
5.52000000000001
  10
21.37203454406909
  20
5.52000000000001
  10
21.37203454406909
  20
5.762037084074173
  10
21.322021844043693
  20
5.812024384048776
  10
20.52202184404369
  20
5.812024384048776
  10
20.472034544069093
  20
5.762037084074173
  10
20.472034544069093
  20
4.9620370840741685
  0
HATCH
  5
1199
  100
AcDbEntity
  8
Top-Paste-Mask-Layer
  100
AcDbHatch
  10
0
  20
0
  30
0
  210
0
  220
0
  230
1
  2
SOLID
  70
1
  71
0
  91
1
  92
7
  72
0
  73
1
  93
12
  10
22.07203454406909
  20
4.9620370840741685
  10
22.07203454406909
  20
5.190002540005082
  10
22.452019304038615
  20
5.190002540005082
  10
22.452019304038615
  20
5.520000000000003
  10
22.07203454406909
  20
5.520000000000003
  10
22.07203454406909
  20
5.762037084074173
  10
22.122021844043694
  20
5.812024384048776
  10
22.91201422402845
  20
5.812024384048776
  10
22.962026924053852
  20
5.762037084074166
  10
22.962026924053852
  20
4.9620370840741685
  10
22.91201422402845
  20
4.91202438404877
  10
22.12202184404369
  20
4.91202438404877
  97
1
  330
1198
  75
0
  76
1
  47
0.4128176842155181
  98
1
  10
34.90568961886538
  20
22.81183545379326
  450
0
  451
0
  460
0
  461
0
  452
1
  462
1
  453
2
  463
0
  63
5
  421
255
  463
1
  63
7
  421
16777215
  470
LINEAR
  1001
ACAD
  1010
0
  1020
0
  1030
0
  0
LWPOLYLINE
  5
1198
  100
AcDbEntity
  8
Top-Paste-Mask-Layer
  100
AcDbPolyline
  90
12
  70
1
  43
0.005080010160020321
  10
22.07203454406909
  20
4.9620370840741685
  10
22.07203454406909
  20
5.190002540005082
  10
22.452019304038615
  20
5.190002540005082
  10
22.452019304038615
  20
5.520000000000003
  10
22.07203454406909
  20
5.520000000000003
  10
22.07203454406909
  20
5.762037084074173
  10
22.122021844043694
  20
5.812024384048776
  10
22.91201422402845
  20
5.812024384048776
  10
22.962026924053852
  20
5.762037084074166
  10
22.962026924053852
  20
4.9620370840741685
  10
22.91201422402845
  20
4.91202438404877
  10
22.12202184404369
  20
4.91202438404877
  0
HATCH
  5
1201
  100
AcDbEntity
  8
Top-Paste-Mask-Layer
  100
AcDbHatch
  10
0
  20
0
  30
0
  210
0
  220
0
  230
1
  2
SOLID
  70
1
  71
0
  91
1
  92
7
  72
0
  73
1
  93
4
  10
22.007035814071628
  20
3.906144272288543
  10
22.007035814071628
  20
2.40614427228855
  10
22.707035814071627
  20
2.40614427228855
  10
22.707035814071627
  20
3.906144272288543
  97
1
  330
1200
  75
0
  76
1
  47
0.4128176842155181
  98
1
  10
34.90568961886538
  20
22.81183545379326
  450
0
  451
0
  460
0
  461
0
  452
1
  462
1
  453
2
  463
0
  63
5
  421
255
  463
1
  63
7
  421
16777215
  470
LINEAR
  1001
ACAD
  1010
0
  1020
0
  1030
0
  0
LWPOLYLINE
  5
1200
  100
AcDbEntity
  8
Top-Paste-Mask-Layer
  100
AcDbPolyline
  90
4
  70
1
  43
0.005080010160020321
  10
22.007035814071628
  20
3.906144272288543
  10
22.007035814071628
  20
2.40614427228855
  10
22.707035814071627
  20
2.40614427228855
  10
22.707035814071627
  20
3.906144272288543
  0
HATCH
  5
1203
  100
AcDbEntity
  8
Top-Paste-Mask-Layer
  100
AcDbHatch
  10
0
  20
0
  30
0
  210
0
  220
0
  230
1
  2
SOLID
  70
1
  71
0
  91
1
  92
7
  72
0
  73
1
  93
4
  10
23.28206756413513
  20
3.906144272288543
  10
23.28206756413513
  20
2.40614427228855
  10
23.88206756413513
  20
2.40614427228855
  10
23.88206756413513
  20
3.906144272288543
  97
1
  330
1202
  75
0
  76
1
  47
0.4128176842155181
  98
1
  10
34.90568961886538
  20
22.81183545379326
  450
0
  451
0
  460
0
  461
0
  452
1
  462
1
  453
2
  463
0
  63
5
  421
255
  463
1
  63
7
  421
16777215
  470
LINEAR
  1001
ACAD
  1010
0
  1020
0
  1030
0
  0
LWPOLYLINE
  5
1202
  100
AcDbEntity
  8
Top-Paste-Mask-Layer
  100
AcDbPolyline
  90
4
  70
1
  43
0.005080010160020321
  10
23.28206756413513
  20
3.906144272288543
  10
23.28206756413513
  20
2.40614427228855
  10
23.88206756413513
  20
2.40614427228855
  10
23.88206756413513
  20
3.906144272288543
  0
HATCH
  5
1205
  100
AcDbEntity
  8
Top-Paste-Mask-Layer
  100
AcDbHatch
  10
0
  20
0
  30
0
  210
0
  220
0
  230
1
  2
SOLID
  70
1
  71
0
  91
1
  92
7
  72
0
  73
1
  93
4
  10
25.157124714249427
  20
2.40614427228855
  10
25.157124714249427
  20
3.906144272288543
  10
24.457124714249428
  20
3.906144272288543
  10
24.457124714249428
  20
2.40614427228855
  97
1
  330
1204
  75
0
  76
1
  47
0.4128176842155181
  98
1
  10
34.90568961886538
  20
22.81183545379326
  450
0
  451
0
  460
0
  461
0
  452
1
  462
1
  453
2
  463
0
  63
5
  421
255
  463
1
  63
7
  421
16777215
  470
LINEAR
  1001
ACAD
  1010
0
  1020
0
  1030
0
  0
LWPOLYLINE
  5
1204
  100
AcDbEntity
  8
Top-Paste-Mask-Layer
  100
AcDbPolyline
  90
4
  70
1
  43
0.005080010160020321
  10
25.157124714249427
  20
2.40614427228855
  10
25.157124714249427
  20
3.906144272288543
  10
24.457124714249428
  20
3.906144272288543
  10
24.457124714249428
  20
2.40614427228855
  0
HATCH
  5
1207
  100
AcDbEntity
  8
Top-Paste-Mask-Layer
  100
AcDbHatch
  10
0
  20
0
  30
0
  210
0
  220
0
  230
1
  2
SOLID
  70
1
  71
0
  91
1
  92
7
  72
0
  73
1
  93
128
  10
21.448361696723392
  20
2.706093472186943
  10
21.430937261874526
  20
2.705204470408944
  10
21.413589027178055
  20
2.703477266954536
  10
21.396316992633988
  20
2.7008864617729245
  10
21.37922275844552
  20
2.697432054864109
  10
21.36230632461265
  20
2.6931140462280965
  10
21.345618491236984
  20
2.6879578359156753
  10
21.32923545847092
  20
2.6819888239776475
  10
21.313131826263653
  20
2.6752324104648224
  10
21.297409194818393
  20
2.6676377952755885
  10
21.28209296418593
  20
2.6593065786131618
  10
21.26720853441707
  20
2.6502133604267186
  10
21.25278130556261
  20
2.6403835407670897
  10
21.238862077724157
  20
2.6298425196850417
  10
21.225501651003302
  20
2.618615697231398
  10
21.212700025400054
  20
2.606753873507749
  10
21.200533401066807
  20
2.594257048514102
  10
21.18897637795276
  20
2.5811760223520466
  10
21.178105156210314
  20
2.5675107950215974
  10
21.167894335788674
  20
2.5533629667259348
  10
21.158445516891035
  20
2.5386817373634756
  10
21.1497078994158
  20
2.5235687071374215
  10
21.14175768351537
  20
2.5080492760985535
  10
21.13456946913894
  20
2.492148844297688
  10
21.128194056388114
  20
2.475892811785627
  10
21.122631445262893
  20
2.4593573787147562
  10
21.117907035814074
  20
2.4425425450850895
  10
21.114020828041657
  20
2.4255245110490264
  10
21.110998221996446
  20
2.4083540767081573
  10
21.108813817627635
  20
2.391031242062482
  10
21.107518415036832
  20
2.3736322072644143
  10
21.10708661417323
  20
2.356182372364742
  10
21.10708661417323
  20
1.8561823723647493
  10
21.107518415036832
  20
1.8387325374650771
  10
21.108813817627635
  20
1.8213335026670094
  10
21.110998221996446
  20
1.8040106680213412
  10
21.114020828041657
  20
1.786840233680472
  10
21.117907035814074
  20
1.769822199644402
  10
21.122631445262893
  20
1.7530073660147352
  10
21.128194056388114
  20
1.7364719329438643
  10
21.13456946913894
  20
1.7202159004318034
  10
21.14175768351537
  20
1.7043154686309379
  10
21.1497078994158
  20
1.688796037592077
  10
21.158445516891035
  20
1.6736830073660158
  10
21.167894335788674
  20
1.6590017780035566
  10
21.178105156210314
  20
1.644853949707901
  10
21.18897637795276
  20
1.6311887223774448
  10
21.200533401066807
  20
1.6181076962153895
  10
21.212700025400054
  20
1.6056108712217423
  10
21.225501651003302
  20
1.5937490474980933
  10
21.238862077724157
  20
1.5825222250444497
  10
21.25278130556261
  20
1.571981203962416
  10
21.26720853441707
  20
1.5621513843027728
  10
21.28209296418593
  20
1.5530581661163367
  10
21.297409194818393
  20
1.5447269494539029
  10
21.313131826263653
  20
1.537132334264669
  10
21.32923545847092
  20
1.530375920751844
  10
21.345618491236984
  20
1.5244069088138161
  10
21.36230632461265
  20
1.519250698501402
  10
21.37922275844552
  20
1.5149326898653825
  10
21.396316992633988
  20
1.511478282956567
  10
21.413589027178055
  20
1.5088874777749623
  10
21.430937261874526
  20
1.5071602743205545
  10
21.448361696723392
  20
1.5062712725425484
  10
21.465836931673866
  20
1.5062712725425484
  10
21.483261366522733
  20
1.5071602743205545
  10
21.500609601219203
  20
1.5088874777749623
  10
21.517881635763274
  20
1.511478282956567
  10
21.534975869951744
  20
1.5149326898653825
  10
21.55189230378461
  20
1.519250698501402
  10
21.568580137160275
  20
1.5244069088138161
  10
21.58496316992634
  20
1.530375920751844
  10
21.601066802133605
  20
1.537132334264669
  10
21.616789433578866
  20
1.5447269494539029
  10
21.632105664211327
  20
1.5530581661163367
  10
21.64699009398019
  20
1.5621513843027728
  10
21.661417322834648
  20
1.571981203962416
  10
21.6753365506731
  20
1.5825222250444497
  10
21.688696977393956
  20
1.5937490474980933
  10
21.701498602997205
  20
1.6056108712217423
  10
21.713665227330456
  20
1.6181076962153895
  10
21.725222250444503
  20
1.6311887223774448
  10
21.736093472186944
  20
1.644853949707901
  10
21.746304292608585
  20
1.6590017780035566
  10
21.755753111506223
  20
1.6736830073660158
  10
21.76449072898146
  20
1.688796037592077
  10
21.772440944881893
  20
1.7043154686309379
  10
21.77962915925832
  20
1.7202159004318034
  10
21.786004572009144
  20
1.7364719329438643
  10
21.79156718313437
  20
1.7530073660147352
  10
21.796291592583184
  20
1.769822199644402
  10
21.800177800355602
  20
1.786840233680472
  10
21.803200406400816
  20
1.8040106680213412
  10
21.805384810769624
  20
1.8213335026670094
  10
21.80668021336043
  20
1.8387325374650771
  10
21.80711201422403
  20
1.8561823723647493
  10
21.80711201422403
  20
2.356182372364742
  10
21.80668021336043
  20
2.3736322072644143
  10
21.805384810769624
  20
2.391031242062482
  10
21.803200406400816
  20
2.4083540767081573
  10
21.800177800355602
  20
2.4255245110490264
  10
21.796291592583184
  20
2.4425425450850895
  10
21.79156718313437
  20
2.4593573787147562
  10
21.786004572009144
  20
2.475892811785627
  10
21.77962915925832
  20
2.492148844297688
  10
21.772440944881893
  20
2.5080492760985535
  10
21.76449072898146
  20
2.5235687071374215
  10
21.755753111506223
  20
2.5386817373634756
  10
21.746304292608585
  20
2.5533629667259348
  10
21.736093472186944
  20
2.5675107950215974
  10
21.725222250444503
  20
2.5811760223520466
  10
21.713665227330456
  20
2.594257048514102
  10
21.701498602997205
  20
2.606753873507749
  10
21.688696977393956
  20
2.618615697231398
  10
21.6753365506731
  20
2.6298425196850417
  10
21.661417322834648
  20
2.6403835407670897
  10
21.64699009398019
  20
2.6502133604267186
  10
21.632105664211327
  20
2.6593065786131618
  10
21.616789433578866
  20
2.6676377952755885
  10
21.601066802133605
  20
2.6752324104648224
  10
21.58496316992634
  20
2.6819888239776475
  10
21.568580137160275
  20
2.6879578359156753
  10
21.55189230378461
  20
2.6931140462280965
  10
21.534975869951744
  20
2.697432054864109
  10
21.517881635763274
  20
2.7008864617729245
  10
21.500609601219203
  20
2.703477266954536
  10
21.483261366522733
  20
2.705204470408944
  10
21.465836931673866
  20
2.706093472186943
  97
1
  330
1206
  75
0
  76
1
  47
0.4128176842155181
  98
1
  10
34.90568961886538
  20
22.81183545379326
  450
0
  451
0
  460
0
  461
0
  452
1
  462
1
  453
2
  463
0
  63
5
  421
255
  463
1
  63
7
  421
16777215
  470
LINEAR
  1001
ACAD
  1010
0
  1020
0
  1030
0
  0
LWPOLYLINE
  5
1206
  100
AcDbEntity
  8
Top-Paste-Mask-Layer
  100
AcDbPolyline
  90
128
  70
1
  43
0.005080010160020321
  10
21.448361696723392
  20
2.706093472186943
  10
21.430937261874526
  20
2.705204470408944
  10
21.413589027178055
  20
2.703477266954536
  10
21.396316992633988
  20
2.7008864617729245
  10
21.37922275844552
  20
2.697432054864109
  10
21.36230632461265
  20
2.6931140462280965
  10
21.345618491236984
  20
2.6879578359156753
  10
21.32923545847092
  20
2.6819888239776475
  10
21.313131826263653
  20
2.6752324104648224
  10
21.297409194818393
  20
2.6676377952755885
  10
21.28209296418593
  20
2.6593065786131618
  10
21.26720853441707
  20
2.6502133604267186
  10
21.25278130556261
  20
2.6403835407670897
  10
21.238862077724157
  20
2.6298425196850417
  10
21.225501651003302
  20
2.618615697231398
  10
21.212700025400054
  20
2.606753873507749
  10
21.200533401066807
  20
2.594257048514102
  10
21.18897637795276
  20
2.5811760223520466
  10
21.178105156210314
  20
2.5675107950215974
  10
21.167894335788674
  20
2.5533629667259348
  10
21.158445516891035
  20
2.5386817373634756
  10
21.1497078994158
  20
2.5235687071374215
  10
21.14175768351537
  20
2.5080492760985535
  10
21.13456946913894
  20
2.492148844297688
  10
21.128194056388114
  20
2.475892811785627
  10
21.122631445262893
  20
2.4593573787147562
  10
21.117907035814074
  20
2.4425425450850895
  10
21.114020828041657
  20
2.4255245110490264
  10
21.110998221996446
  20
2.4083540767081573
  10
21.108813817627635
  20
2.391031242062482
  10
21.107518415036832
  20
2.3736322072644143
  10
21.10708661417323
  20
2.356182372364742
  10
21.10708661417323
  20
1.8561823723647493
  10
21.107518415036832
  20
1.8387325374650771
  10
21.108813817627635
  20
1.8213335026670094
  10
21.110998221996446
  20
1.8040106680213412
  10
21.114020828041657
  20
1.786840233680472
  10
21.117907035814074
  20
1.769822199644402
  10
21.122631445262893
  20
1.7530073660147352
  10
21.128194056388114
  20
1.7364719329438643
  10
21.13456946913894
  20
1.7202159004318034
  10
21.14175768351537
  20
1.7043154686309379
  10
21.1497078994158
  20
1.688796037592077
  10
21.158445516891035
  20
1.6736830073660158
  10
21.167894335788674
  20
1.6590017780035566
  10
21.178105156210314
  20
1.644853949707901
  10
21.18897637795276
  20
1.6311887223774448
  10
21.200533401066807
  20
1.6181076962153895
  10
21.212700025400054
  20
1.6056108712217423
  10
21.225501651003302
  20
1.5937490474980933
  10
21.238862077724157
  20
1.5825222250444497
  10
21.25278130556261
  20
1.571981203962416
  10
21.26720853441707
  20
1.5621513843027728
  10
21.28209296418593
  20
1.5530581661163367
  10
21.297409194818393
  20
1.5447269494539029
  10
21.313131826263653
  20
1.537132334264669
  10
21.32923545847092
  20
1.530375920751844
  10
21.345618491236984
  20
1.5244069088138161
  10
21.36230632461265
  20
1.519250698501402
  10
21.37922275844552
  20
1.5149326898653825
  10
21.396316992633988
  20
1.511478282956567
  10
21.413589027178055
  20
1.5088874777749623
  10
21.430937261874526
  20
1.5071602743205545
  10
21.448361696723392
  20
1.5062712725425484
  10
21.465836931673866
  20
1.5062712725425484
  10
21.483261366522733
  20
1.5071602743205545
  10
21.500609601219203
  20
1.5088874777749623
  10
21.517881635763274
  20
1.511478282956567
  10
21.534975869951744
  20
1.5149326898653825
  10
21.55189230378461
  20
1.519250698501402
  10
21.568580137160275
  20
1.5244069088138161
  10
21.58496316992634
  20
1.530375920751844
  10
21.601066802133605
  20
1.537132334264669
  10
21.616789433578866
  20
1.5447269494539029
  10
21.632105664211327
  20
1.5530581661163367
  10
21.64699009398019
  20
1.5621513843027728
  10
21.661417322834648
  20
1.571981203962416
  10
21.6753365506731
  20
1.5825222250444497
  10
21.688696977393956
  20
1.5937490474980933
  10
21.701498602997205
  20
1.6056108712217423
  10
21.713665227330456
  20
1.6181076962153895
  10
21.725222250444503
  20
1.6311887223774448
  10
21.736093472186944
  20
1.644853949707901
  10
21.746304292608585
  20
1.6590017780035566
  10
21.755753111506223
  20
1.6736830073660158
  10
21.76449072898146
  20
1.688796037592077
  10
21.772440944881893
  20
1.7043154686309379
  10
21.77962915925832
  20
1.7202159004318034
  10
21.786004572009144
  20
1.7364719329438643
  10
21.79156718313437
  20
1.7530073660147352
  10
21.796291592583184
  20
1.769822199644402
  10
21.800177800355602
  20
1.786840233680472
  10
21.803200406400816
  20
1.8040106680213412
  10
21.805384810769624
  20
1.8213335026670094
  10
21.80668021336043
  20
1.8387325374650771
  10
21.80711201422403
  20
1.8561823723647493
  10
21.80711201422403
  20
2.356182372364742
  10
21.80668021336043
  20
2.3736322072644143
  10
21.805384810769624
  20
2.391031242062482
  10
21.803200406400816
  20
2.4083540767081573
  10
21.800177800355602
  20
2.4255245110490264
  10
21.796291592583184
  20
2.4425425450850895
  10
21.79156718313437
  20
2.4593573787147562
  10
21.786004572009144
  20
2.475892811785627
  10
21.77962915925832
  20
2.492148844297688
  10
21.772440944881893
  20
2.5080492760985535
  10
21.76449072898146
  20
2.5235687071374215
  10
21.755753111506223
  20
2.5386817373634756
  10
21.746304292608585
  20
2.5533629667259348
  10
21.736093472186944
  20
2.5675107950215974
  10
21.725222250444503
  20
2.5811760223520466
  10
21.713665227330456
  20
2.594257048514102
  10
21.701498602997205
  20
2.606753873507749
  10
21.688696977393956
  20
2.618615697231398
  10
21.6753365506731
  20
2.6298425196850417
  10
21.661417322834648
  20
2.6403835407670897
  10
21.64699009398019
  20
2.6502133604267186
  10
21.632105664211327
  20
2.6593065786131618
  10
21.616789433578866
  20
2.6676377952755885
  10
21.601066802133605
  20
2.6752324104648224
  10
21.58496316992634
  20
2.6819888239776475
  10
21.568580137160275
  20
2.6879578359156753
  10
21.55189230378461
  20
2.6931140462280965
  10
21.534975869951744
  20
2.697432054864109
  10
21.517881635763274
  20
2.7008864617729245
  10
21.500609601219203
  20
2.703477266954536
  10
21.483261366522733
  20
2.705204470408944
  10
21.465836931673866
  20
2.706093472186943
  0
HATCH
  5
1209
  100
AcDbEntity
  8
Top-Paste-Mask-Layer
  100
AcDbHatch
  10
0
  20
0
  30
0
  210
0
  220
0
  230
1
  2
SOLID
  70
1
  71
0
  91
1
  92
7
  72
0
  73
1
  93
128
  10
25.698298196596394
  20
2.706093472186943
  10
25.680873761747527
  20
2.705204470408944
  10
25.663525527051057
  20
2.703477266954536
  10
25.646253492506986
  20
2.7008864617729245
  10
25.629159258318516
  20
2.697432054864109
  10
25.61224282448565
  20
2.6931140462280965
  10
25.59555499110998
  20
2.6879578359156753
  10
25.57917195834392
  20
2.6819888239776475
  10
25.563068326136655
  20
2.6752324104648224
  10
25.54734569469139
  20
2.6676377952755885
  10
25.532029464058933
  20
2.6593065786131618
  10
25.51714503429007
  20
2.6502133604267186
  10
25.502717805435612
  20
2.6403835407670897
  10
25.488798577597155
  20
2.6298425196850417
  10
25.475438150876304
  20
2.618615697231398
  10
25.46263652527305
  20
2.606753873507749
  10
25.450469900939805
  20
2.594257048514102
  10
25.438912877825757
  20
2.5811760223520466
  10
25.428041656083316
  20
2.5675107950215974
  10
25.417830835661675
  20
2.5533629667259348
  10
25.408382016764037
  20
2.5386817373634756
  10
25.3996443992888
  20
2.5235687071374215
  10
25.391694183388367
  20
2.5080492760985535
  10
25.38450596901194
  20
2.492148844297688
  10
25.378130556261116
  20
2.475892811785627
  10
25.37256794513589
  20
2.4593573787147562
  10
25.367843535687076
  20
2.4425425450850895
  10
25.363957327914658
  20
2.4255245110490264
  10
25.360934721869445
  20
2.4083540767081573
  10
25.358750317500636
  20
2.391031242062482
  10
25.35745491490983
  20
2.3736322072644143
  10
25.35702311404623
  20
2.356182372364742
  10
25.35702311404623
  20
1.8561823723647493
  10
25.35745491490983
  20
1.8387325374650771
  10
25.358750317500636
  20
1.8213335026670094
  10
25.360934721869445
  20
1.8040106680213412
  10
25.363957327914658
  20
1.786840233680472
  10
25.367843535687076
  20
1.769822199644402
  10
25.37256794513589
  20
1.7530073660147352
  10
25.378130556261116
  20
1.7364719329438643
  10
25.38450596901194
  20
1.7202159004318034
  10
25.391694183388367
  20
1.7043154686309379
  10
25.3996443992888
  20
1.688796037592077
  10
25.408382016764037
  20
1.6736830073660158
  10
25.417830835661675
  20
1.6590017780035566
  10
25.428041656083316
  20
1.644853949707901
  10
25.438912877825757
  20
1.6311887223774448
  10
25.450469900939805
  20
1.6181076962153895
  10
25.46263652527305
  20
1.6056108712217423
  10
25.475438150876304
  20
1.5937490474980933
  10
25.488798577597155
  20
1.5825222250444497
  10
25.502717805435612
  20
1.571981203962416
  10
25.51714503429007
  20
1.5621513843027728
  10
25.532029464058933
  20
1.5530581661163367
  10
25.54734569469139
  20
1.5447269494539029
  10
25.563068326136655
  20
1.537132334264669
  10
25.57917195834392
  20
1.530375920751844
  10
25.59555499110998
  20
1.5244069088138161
  10
25.61224282448565
  20
1.519250698501402
  10
25.629159258318516
  20
1.5149326898653825
  10
25.646253492506986
  20
1.511478282956567
  10
25.663525527051057
  20
1.5088874777749623
  10
25.680873761747527
  20
1.5071602743205545
  10
25.698298196596394
  20
1.5062712725425484
  10
25.715773431546864
  20
1.5062712725425484
  10
25.733197866395734
  20
1.5071602743205545
  10
25.750546101092205
  20
1.5088874777749623
  10
25.767818135636272
  20
1.511478282956567
  10
25.78491236982474
  20
1.5149326898653825
  10
25.801828803657607
  20
1.519250698501402
  10
25.818516637033277
  20
1.5244069088138161
  10
25.83489966979934
  20
1.530375920751844
  10
25.851003302006607
  20
1.537132334264669
  10
25.866725933451868
  20
1.5447269494539029
  10
25.88204216408433
  20
1.5530581661163367
  10
25.89692659385319
  20
1.5621513843027728
  10
25.911353822707646
  20
1.571981203962416
  10
25.925273050546103
  20
1.5825222250444497
  10
25.938633477266958
  20
1.5937490474980933
  10
25.951435102870207
  20
1.6056108712217423
  10
25.963601727203454
  20
1.6181076962153895
  10
25.9751587503175
  20
1.6311887223774448
  10
25.986029972059946
  20
1.644853949707901
  10
25.996240792481586
  20
1.6590017780035566
  10
26.005689611379225
  20
1.6736830073660158
  10
26.01442722885446
  20
1.688796037592077
  10
26.02237744475489
  20
1.7043154686309379
  10
26.029565659131322
  20
1.7202159004318034
  10
26.035941071882146
  20
1.7364719329438643
  10
26.041503683007367
  20
1.7530073660147352
  10
26.046228092456186
  20
1.769822199644402
  10
26.050114300228604
  20
1.786840233680472
  10
26.053136906273814
  20
1.8040106680213412
  10
26.055321310642622
  20
1.8213335026670094
  10
26.056616713233428
  20
1.8387325374650771
  10
26.05704851409703
  20
1.8561823723647493
  10
26.05704851409703
  20
2.356182372364742
  10
26.056616713233428
  20
2.3736322072644143
  10
26.055321310642622
  20
2.391031242062482
  10
26.053136906273814
  20
2.4083540767081573
  10
26.050114300228604
  20
2.4255245110490264
  10
26.046228092456186
  20
2.4425425450850895
  10
26.041503683007367
  20
2.4593573787147562
  10
26.035941071882146
  20
2.475892811785627
  10
26.029565659131322
  20
2.492148844297688
  10
26.02237744475489
  20
2.5080492760985535
  10
26.01442722885446
  20
2.5235687071374215
  10
26.005689611379225
  20
2.5386817373634756
  10
25.996240792481586
  20
2.5533629667259348
  10
25.986029972059946
  20
2.5675107950215974
  10
25.9751587503175
  20
2.5811760223520466
  10
25.963601727203454
  20
2.594257048514102
  10
25.951435102870207
  20
2.606753873507749
  10
25.938633477266958
  20
2.618615697231398
  10
25.925273050546103
  20
2.6298425196850417
  10
25.911353822707646
  20
2.6403835407670897
  10
25.89692659385319
  20
2.6502133604267186
  10
25.88204216408433
  20
2.6593065786131618
  10
25.866725933451868
  20
2.6676377952755885
  10
25.851003302006607
  20
2.6752324104648224
  10
25.83489966979934
  20
2.6819888239776475
  10
25.818516637033277
  20
2.6879578359156753
  10
25.801828803657607
  20
2.6931140462280965
  10
25.78491236982474
  20
2.697432054864109
  10
25.767818135636272
  20
2.7008864617729245
  10
25.750546101092205
  20
2.703477266954536
  10
25.733197866395734
  20
2.705204470408944
  10
25.715773431546864
  20
2.706093472186943
  97
1
  330
1208
  75
0
  76
1
  47
0.4128176842155181
  98
1
  10
34.90568961886538
  20
22.81183545379326
  450
0
  451
0
  460
0
  461
0
  452
1
  462
1
  453
2
  463
0
  63
5
  421
255
  463
1
  63
7
  421
16777215
  470
LINEAR
  1001
ACAD
  1010
0
  1020
0
  1030
0
  0
LWPOLYLINE
  5
1208
  100
AcDbEntity
  8
Top-Paste-Mask-Layer
  100
AcDbPolyline
  90
128
  70
1
  43
0.005080010160020321
  10
25.698298196596394
  20
2.706093472186943
  10
25.680873761747527
  20
2.705204470408944
  10
25.663525527051057
  20
2.703477266954536
  10
25.646253492506986
  20
2.7008864617729245
  10
25.629159258318516
  20
2.697432054864109
  10
25.61224282448565
  20
2.6931140462280965
  10
25.59555499110998
  20
2.6879578359156753
  10
25.57917195834392
  20
2.6819888239776475
  10
25.563068326136655
  20
2.6752324104648224
  10
25.54734569469139
  20
2.6676377952755885
  10
25.532029464058933
  20
2.6593065786131618
  10
25.51714503429007
  20
2.6502133604267186
  10
25.502717805435612
  20
2.6403835407670897
  10
25.488798577597155
  20
2.6298425196850417
  10
25.475438150876304
  20
2.618615697231398
  10
25.46263652527305
  20
2.606753873507749
  10
25.450469900939805
  20
2.594257048514102
  10
25.438912877825757
  20
2.5811760223520466
  10
25.428041656083316
  20
2.5675107950215974
  10
25.417830835661675
  20
2.5533629667259348
  10
25.408382016764037
  20
2.5386817373634756
  10
25.3996443992888
  20
2.5235687071374215
  10
25.391694183388367
  20
2.5080492760985535
  10
25.38450596901194
  20
2.492148844297688
  10
25.378130556261116
  20
2.475892811785627
  10
25.37256794513589
  20
2.4593573787147562
  10
25.367843535687076
  20
2.4425425450850895
  10
25.363957327914658
  20
2.4255245110490264
  10
25.360934721869445
  20
2.4083540767081573
  10
25.358750317500636
  20
2.391031242062482
  10
25.35745491490983
  20
2.3736322072644143
  10
25.35702311404623
  20
2.356182372364742
  10
25.35702311404623
  20
1.8561823723647493
  10
25.35745491490983
  20
1.8387325374650771
  10
25.358750317500636
  20
1.8213335026670094
  10
25.360934721869445
  20
1.8040106680213412
  10
25.363957327914658
  20
1.786840233680472
  10
25.367843535687076
  20
1.769822199644402
  10
25.37256794513589
  20
1.7530073660147352
  10
25.378130556261116
  20
1.7364719329438643
  10
25.38450596901194
  20
1.7202159004318034
  10
25.391694183388367
  20
1.7043154686309379
  10
25.3996443992888
  20
1.688796037592077
  10
25.408382016764037
  20
1.6736830073660158
  10
25.417830835661675
  20
1.6590017780035566
  10
25.428041656083316
  20
1.644853949707901
  10
25.438912877825757
  20
1.6311887223774448
  10
25.450469900939805
  20
1.6181076962153895
  10
25.46263652527305
  20
1.6056108712217423
  10
25.475438150876304
  20
1.5937490474980933
  10
25.488798577597155
  20
1.5825222250444497
  10
25.502717805435612
  20
1.571981203962416
  10
25.51714503429007
  20
1.5621513843027728
  10
25.532029464058933
  20
1.5530581661163367
  10
25.54734569469139
  20
1.5447269494539029
  10
25.563068326136655
  20
1.537132334264669
  10
25.57917195834392
  20
1.530375920751844
  10
25.59555499110998
  20
1.5244069088138161
  10
25.61224282448565
  20
1.519250698501402
  10
25.629159258318516
  20
1.5149326898653825
  10
25.646253492506986
  20
1.511478282956567
  10
25.663525527051057
  20
1.5088874777749623
  10
25.680873761747527
  20
1.5071602743205545
  10
25.698298196596394
  20
1.5062712725425484
  10
25.715773431546864
  20
1.5062712725425484
  10
25.733197866395734
  20
1.5071602743205545
  10
25.750546101092205
  20
1.5088874777749623
  10
25.767818135636272
  20
1.511478282956567
  10
25.78491236982474
  20
1.5149326898653825
  10
25.801828803657607
  20
1.519250698501402
  10
25.818516637033277
  20
1.5244069088138161
  10
25.83489966979934
  20
1.530375920751844
  10
25.851003302006607
  20
1.537132334264669
  10
25.866725933451868
  20
1.5447269494539029
  10
25.88204216408433
  20
1.5530581661163367
  10
25.89692659385319
  20
1.5621513843027728
  10
25.911353822707646
  20
1.571981203962416
  10
25.925273050546103
  20
1.5825222250444497
  10
25.938633477266958
  20
1.5937490474980933
  10
25.951435102870207
  20
1.6056108712217423
  10
25.963601727203454
  20
1.6181076962153895
  10
25.9751587503175
  20
1.6311887223774448
  10
25.986029972059946
  20
1.644853949707901
  10
25.996240792481586
  20
1.6590017780035566
  10
26.005689611379225
  20
1.6736830073660158
  10
26.01442722885446
  20
1.688796037592077
  10
26.02237744475489
  20
1.7043154686309379
  10
26.029565659131322
  20
1.7202159004318034
  10
26.035941071882146
  20
1.7364719329438643
  10
26.041503683007367
  20
1.7530073660147352
  10
26.046228092456186
  20
1.769822199644402
  10
26.050114300228604
  20
1.786840233680472
  10
26.053136906273814
  20
1.8040106680213412
  10
26.055321310642622
  20
1.8213335026670094
  10
26.056616713233428
  20
1.8387325374650771
  10
26.05704851409703
  20
1.8561823723647493
  10
26.05704851409703
  20
2.356182372364742
  10
26.056616713233428
  20
2.3736322072644143
  10
26.055321310642622
  20
2.391031242062482
  10
26.053136906273814
  20
2.4083540767081573
  10
26.050114300228604
  20
2.4255245110490264
  10
26.046228092456186
  20
2.4425425450850895
  10
26.041503683007367
  20
2.4593573787147562
  10
26.035941071882146
  20
2.475892811785627
  10
26.029565659131322
  20
2.492148844297688
  10
26.02237744475489
  20
2.5080492760985535
  10
26.01442722885446
  20
2.5235687071374215
  10
26.005689611379225
  20
2.5386817373634756
  10
25.996240792481586
  20
2.5533629667259348
  10
25.986029972059946
  20
2.5675107950215974
  10
25.9751587503175
  20
2.5811760223520466
  10
25.963601727203454
  20
2.594257048514102
  10
25.951435102870207
  20
2.606753873507749
  10
25.938633477266958
  20
2.618615697231398
  10
25.925273050546103
  20
2.6298425196850417
  10
25.911353822707646
  20
2.6403835407670897
  10
25.89692659385319
  20
2.6502133604267186
  10
25.88204216408433
  20
2.6593065786131618
  10
25.866725933451868
  20
2.6676377952755885
  10
25.851003302006607
  20
2.6752324104648224
  10
25.83489966979934
  20
2.6819888239776475
  10
25.818516637033277
  20
2.6879578359156753
  10
25.801828803657607
  20
2.6931140462280965
  10
25.78491236982474
  20
2.697432054864109
  10
25.767818135636272
  20
2.7008864617729245
  10
25.750546101092205
  20
2.703477266954536
  10
25.733197866395734
  20
2.705204470408944
  10
25.715773431546864
  20
2.706093472186943
  0
HATCH
  5
1211
  100
AcDbEntity
  8
Top-Paste-Mask-Layer
  100
AcDbHatch
  10
0
  20
0
  30
0
  210
0
  220
0
  230
1
  2
SOLID
  70
1
  71
0
  91
1
  92
7
  72
0
  73
1
  93
4
  10
26.082042164084328
  20
0.406118872237748
  10
26.082042164084328
  20
1.3061442722885488
  10
24.78204216408433
  20
1.3061442722885488
  10
24.78204216408433
  20
0.406118872237748
  97
1
  330
1210
  75
0
  76
1
  47
0.4128176842155181
  98
1
  10
34.90568961886538
  20
22.81183545379326
  450
0
  451
0
  460
0
  461
0
  452
1
  462
1
  453
2
  463
0
  63
5
  421
255
  463
1
  63
7
  421
16777215
  470
LINEAR
  1001
ACAD
  1010
0
  1020
0
  1030
0
  0
LWPOLYLINE
  5
1210
  100
AcDbEntity
  8
Top-Paste-Mask-Layer
  100
AcDbPolyline
  90
4
  70
1
  43
0.005080010160020321
  10
26.082042164084328
  20
0.406118872237748
  10
26.082042164084328
  20
1.3061442722885488
  10
24.78204216408433
  20
1.3061442722885488
  10
24.78204216408433
  20
0.406118872237748
  0
HATCH
  5
1213
  100
AcDbEntity
  8
Top-Paste-Mask-Layer
  100
AcDbHatch
  10
0
  20
0
  30
0
  210
0
  220
0
  230
1
  2
SOLID
  70
1
  71
0
  91
1
  92
7
  72
0
  73
1
  93
4
  10
21.082042164084328
  20
1.3061442722885488
  10
21.082042164084328
  20
0.406118872237748
  10
22.38204216408433
  20
0.406118872237748
  10
22.38204216408433
  20
1.3061442722885488
  97
1
  330
1212
  75
0
  76
1
  47
0.4128176842155181
  98
1
  10
34.90568961886538
  20
22.81183545379326
  450
0
  451
0
  460
0
  461
0
  452
1
  462
1
  453
2
  463
0
  63
5
  421
255
  463
1
  63
7
  421
16777215
  470
LINEAR
  1001
ACAD
  1010
0
  1020
0
  1030
0
  0
LWPOLYLINE
  5
1212
  100
AcDbEntity
  8
Top-Paste-Mask-Layer
  100
AcDbPolyline
  90
4
  70
1
  43
0.005080010160020321
  10
21.082042164084328
  20
1.3061442722885488
  10
21.082042164084328
  20
0.406118872237748
  10
22.38204216408433
  20
0.406118872237748
  10
22.38204216408433
  20
1.3061442722885488
  0
HATCH
  5
1215
  100
AcDbEntity
  8
Top-Paste-Mask-Layer
  100
AcDbHatch
  10
0
  20
0
  30
0
  210
0
  220
0
  230
1
  2
SOLID
  70
1
  71
0
  91
1
  92
7
  72
0
  73
1
  93
12
  10
29.920040640081286
  20
0.3400152400304819
  10
30.720040640081283
  20
0.3400152400304819
  10
30.77005334010668
  20
0.39002794005588015
  10
30.77005334010668
  20
0.6179933959867938
  10
30.400050800101607
  20
0.6179933959867938
  10
30.400050800101607
  20
0.9479908559817218
  10
30.77005334010668
  20
0.9479908559817218
  10
30.77005334010669
  20
1.1900279400558844
  10
30.720040640081283
  20
1.2400152400304876
  10
29.920040640081286
  20
1.2400152400304876
  10
29.870053340106683
  20
1.1900279400558844
  10
29.870053340106683
  20
0.39002794005588015
  97
1
  330
1214
  75
0
  76
1
  47
0.4128176842155181
  98
1
  10
34.90568961886538
  20
22.81183545379326
  450
0
  451
0
  460
0
  461
0
  452
1
  462
1
  453
2
  463
0
  63
5
  421
255
  463
1
  63
7
  421
16777215
  470
LINEAR
  1001
ACAD
  1010
0
  1020
0
  1030
0
  0
LWPOLYLINE
  5
1214
  100
AcDbEntity
  8
Top-Paste-Mask-Layer
  100
AcDbPolyline
  90
12
  70
1
  43
0.005080010160020321
  10
29.920040640081286
  20
0.3400152400304819
  10
30.720040640081283
  20
0.3400152400304819
  10
30.77005334010668
  20
0.39002794005588015
  10
30.77005334010668
  20
0.6179933959867938
  10
30.400050800101607
  20
0.6179933959867938
  10
30.400050800101607
  20
0.9479908559817218
  10
30.77005334010668
  20
0.9479908559817218
  10
30.77005334010669
  20
1.1900279400558844
  10
30.720040640081283
  20
1.2400152400304876
  10
29.920040640081286
  20
1.2400152400304876
  10
29.870053340106683
  20
1.1900279400558844
  10
29.870053340106683
  20
0.39002794005588015
  0
HATCH
  5
1217
  100
AcDbEntity
  8
Top-Paste-Mask-Layer
  100
AcDbHatch
  10
0
  20
0
  30
0
  210
0
  220
0
  230
1
  2
SOLID
  70
1
  71
0
  91
1
  92
7
  72
0
  73
1
  93
12
  10
31.47005334010669
  20
0.39002794005588015
  10
31.47005334010669
  20
0.6179933959867938
  10
31.8500381000762
  20
0.6179933959867938
  10
31.8500381000762
  20
0.9479908559817147
  10
31.47005334010669
  20
0.9479908559817147
  10
31.47005334010669
  20
1.1900279400558844
  10
31.520040640081287
  20
1.2400152400304876
  10
32.310033020066044
  20
1.2400152400304876
  10
32.36004572009144
  20
1.1900279400558773
  10
32.36004572009144
  20
0.39002794005588015
  10
32.310033020066044
  20
0.3400152400304819
  10
31.520040640081287
  20
0.3400152400304819
  97
1
  330
1216
  75
0
  76
1
  47
0.4128176842155181
  98
1
  10
34.90568961886538
  20
22.81183545379326
  450
0
  451
0
  460
0
  461
0
  452
1
  462
1
  453
2
  463
0
  63
5
  421
255
  463
1
  63
7
  421
16777215
  470
LINEAR
  1001
ACAD
  1010
0
  1020
0
  1030
0
  0
LWPOLYLINE
  5
1216
  100
AcDbEntity
  8
Top-Paste-Mask-Layer
  100
AcDbPolyline
  90
12
  70
1
  43
0.005080010160020321
  10
31.47005334010669
  20
0.39002794005588015
  10
31.47005334010669
  20
0.6179933959867938
  10
31.8500381000762
  20
0.6179933959867938
  10
31.8500381000762
  20
0.9479908559817147
  10
31.47005334010669
  20
0.9479908559817147
  10
31.47005334010669
  20
1.1900279400558844
  10
31.520040640081287
  20
1.2400152400304876
  10
32.310033020066044
  20
1.2400152400304876
  10
32.36004572009144
  20
1.1900279400558773
  10
32.36004572009144
  20
0.39002794005588015
  10
32.310033020066044
  20
0.3400152400304819
  10
31.520040640081287
  20
0.3400152400304819
  0
HATCH
  5
1219
  100
AcDbEntity
  8
Top-Paste-Mask-Layer
  100
AcDbHatch
  10
0
  20
0
  30
0
  210
0
  220
0
  230
1
  2
SOLID
  70
1
  71
0
  91
1
  92
7
  72
0
  73
1
  93
12
  10
26.87203454406909
  20
0.3400152400304819
  10
27.672034544069092
  20
0.3400152400304819
  10
27.722047244094494
  20
0.39002794005588015
  10
27.722047244094494
  20
0.6179933959867938
  10
27.352044704089412
  20
0.6179933959867938
  10
27.352044704089412
  20
0.9479908559817218
  10
27.722047244094494
  20
0.9479908559817218
  10
27.722047244094494
  20
1.1900279400558844
  10
27.672034544069092
  20
1.2400152400304876
  10
26.87203454406909
  20
1.2400152400304876
  10
26.82204724409449
  20
1.1900279400558844
  10
26.82204724409449
  20
0.39002794005588015
  97
1
  330
1218
  75
0
  76
1
  47
0.4128176842155181
  98
1
  10
34.90568961886538
  20
22.81183545379326
  450
0
  451
0
  460
0
  461
0
  452
1
  462
1
  453
2
  463
0
  63
5
  421
255
  463
1
  63
7
  421
16777215
  470
LINEAR
  1001
ACAD
  1010
0
  1020
0
  1030
0
  0
LWPOLYLINE
  5
1218
  100
AcDbEntity
  8
Top-Paste-Mask-Layer
  100
AcDbPolyline
  90
12
  70
1
  43
0.005080010160020321
  10
26.87203454406909
  20
0.3400152400304819
  10
27.672034544069092
  20
0.3400152400304819
  10
27.722047244094494
  20
0.39002794005588015
  10
27.722047244094494
  20
0.6179933959867938
  10
27.352044704089412
  20
0.6179933959867938
  10
27.352044704089412
  20
0.9479908559817218
  10
27.722047244094494
  20
0.9479908559817218
  10
27.722047244094494
  20
1.1900279400558844
  10
27.672034544069092
  20
1.2400152400304876
  10
26.87203454406909
  20
1.2400152400304876
  10
26.82204724409449
  20
1.1900279400558844
  10
26.82204724409449
  20
0.39002794005588015
  0
HATCH
  5
1221
  100
AcDbEntity
  8
Top-Paste-Mask-Layer
  100
AcDbHatch
  10
0
  20
0
  30
0
  210
0
  220
0
  230
1
  2
SOLID
  70
1
  71
0
  91
1
  92
7
  72
0
  73
1
  93
12
  10
28.422047244094497
  20
0.39002794005588015
  10
28.422047244094497
  20
0.6179933959867938
  10
28.802032004064014
  20
0.6179933959867938
  10
28.802032004064014
  20
0.9479908559817147
  10
28.422047244094497
  20
0.9479908559817147
  10
28.422047244094497
  20
1.1900279400558844
  10
28.472034544069093
  20
1.2400152400304876
  10
29.262026924053853
  20
1.2400152400304876
  10
29.31203962407925
  20
1.1900279400558773
  10
29.31203962407925
  20
0.39002794005588015
  10
29.262026924053853
  20
0.3400152400304819
  10
28.472034544069093
  20
0.3400152400304819
  97
1
  330
1220
  75
0
  76
1
  47
0.4128176842155181
  98
1
  10
34.90568961886538
  20
22.81183545379326
  450
0
  451
0
  460
0
  461
0
  452
1
  462
1
  453
2
  463
0
  63
5
  421
255
  463
1
  63
7
  421
16777215
  470
LINEAR
  1001
ACAD
  1010
0
  1020
0
  1030
0
  0
LWPOLYLINE
  5
1220
  100
AcDbEntity
  8
Top-Paste-Mask-Layer
  100
AcDbPolyline
  90
12
  70
1
  43
0.005080010160020321
  10
28.422047244094497
  20
0.39002794005588015
  10
28.422047244094497
  20
0.6179933959867938
  10
28.802032004064014
  20
0.6179933959867938
  10
28.802032004064014
  20
0.9479908559817147
  10
28.422047244094497
  20
0.9479908559817147
  10
28.422047244094497
  20
1.1900279400558844
  10
28.472034544069093
  20
1.2400152400304876
  10
29.262026924053853
  20
1.2400152400304876
  10
29.31203962407925
  20
1.1900279400558773
  10
29.31203962407925
  20
0.39002794005588015
  10
29.262026924053853
  20
0.3400152400304819
  10
28.472034544069093
  20
0.3400152400304819
  0
HATCH
  5
1223
  100
AcDbEntity
  8
Top-Paste-Mask-Layer
  100
AcDbHatch
  10
0
  20
0
  30
0
  210
0
  220
0
  230
1
  2
SOLID
  70
1
  71
0
  91
1
  92
7
  72
0
  73
1
  93
12
  10
17.324053848107702
  20
29.434046228092463
  10
16.524053848107698
  20
29.434046228092463
  10
16.4740411480823
  20
29.384033528067064
  10
16.4740411480823
  20
29.15606807213615
  10
16.84404368808738
  20
29.15606807213615
  10
16.84404368808738
  20
28.82607061214123
  10
16.4740411480823
  20
28.82607061214123
  10
16.4740411480823
  20
28.58403352806706
  10
16.524053848107698
  20
28.534046228092464
  10
17.324053848107702
  20
28.534046228092464
  10
17.3740411480823
  20
28.58403352806706
  10
17.3740411480823
  20
29.384033528067064
  97
1
  330
1222
  75
0
  76
1
  47
0.4128176842155181
  98
1
  10
34.90568961886538
  20
22.81183545379326
  450
0
  451
0
  460
0
  461
0
  452
1
  462
1
  453
2
  463
0
  63
5
  421
255
  463
1
  63
7
  421
16777215
  470
LINEAR
  1001
ACAD
  1010
0
  1020
0
  1030
0
  0
LWPOLYLINE
  5
1222
  100
AcDbEntity
  8
Top-Paste-Mask-Layer
  100
AcDbPolyline
  90
12
  70
1
  43
0.005080010160020321
  10
17.324053848107702
  20
29.434046228092463
  10
16.524053848107698
  20
29.434046228092463
  10
16.4740411480823
  20
29.384033528067064
  10
16.4740411480823
  20
29.15606807213615
  10
16.84404368808738
  20
29.15606807213615
  10
16.84404368808738
  20
28.82607061214123
  10
16.4740411480823
  20
28.82607061214123
  10
16.4740411480823
  20
28.58403352806706
  10
16.524053848107698
  20
28.534046228092464
  10
17.324053848107702
  20
28.534046228092464
  10
17.3740411480823
  20
28.58403352806706
  10
17.3740411480823
  20
29.384033528067064
  0
HATCH
  5
1225
  100
AcDbEntity
  8
Top-Paste-Mask-Layer
  100
AcDbHatch
  10
0
  20
0
  30
0
  210
0
  220
0
  230
1
  2
SOLID
  70
1
  71
0
  91
1
  92
7
  72
0
  73
1
  93
12
  10
14.934010668021337
  20
28.534071628143263
  10
15.734010668021341
  20
28.534071628143263
  10
15.78402336804674
  20
28.584084328168665
  10
15.78402336804674
  20
28.812049784099575
  10
15.41402082804166
  20
28.812049784099575
  10
15.41402082804166
  20
29.142047244094492
  10
15.78402336804674
  20
29.142047244094492
  10
15.78402336804674
  20
29.38408432816866
  10
15.734010668021341
  20
29.434071628143265
  10
14.934010668021337
  20
29.434071628143265
  10
14.884023368046737
  20
29.38408432816866
  10
14.884023368046737
  20
28.584084328168665
  97
1
  330
1224
  75
0
  76
1
  47
0.4128176842155181
  98
1
  10
34.90568961886538
  20
22.81183545379326
  450
0
  451
0
  460
0
  461
0
  452
1
  462
1
  453
2
  463
0
  63
5
  421
255
  463
1
  63
7
  421
16777215
  470
LINEAR
  1001
ACAD
  1010
0
  1020
0
  1030
0
  0
LWPOLYLINE
  5
1224
  100
AcDbEntity
  8
Top-Paste-Mask-Layer
  100
AcDbPolyline
  90
12
  70
1
  43
0.005080010160020321
  10
14.934010668021337
  20
28.534071628143263
  10
15.734010668021341
  20
28.534071628143263
  10
15.78402336804674
  20
28.584084328168665
  10
15.78402336804674
  20
28.812049784099575
  10
15.41402082804166
  20
28.812049784099575
  10
15.41402082804166
  20
29.142047244094492
  10
15.78402336804674
  20
29.142047244094492
  10
15.78402336804674
  20
29.38408432816866
  10
15.734010668021341
  20
29.434071628143265
  10
14.934010668021337
  20
29.434071628143265
  10
14.884023368046737
  20
29.38408432816866
  10
14.884023368046737
  20
28.584084328168665
  0
HATCH
  5
1227
  100
AcDbEntity
  8
Top-Paste-Mask-Layer
  100
AcDbHatch
  10
0
  20
0
  30
0
  210
0
  220
0
  230
1
  2
SOLID
  70
1
  71
0
  91
1
  92
7
  72
0
  73
1
  93
12
  10
43.128067056134114
  20
4.531023622047243
  10
43.92806705613411
  20
4.531023622047243
  10
43.97807975615951
  20
4.581036322072649
  10
43.97807975615951
  20
4.809001778003562
  10
43.608077216154435
  20
4.809001778003562
  10
43.608077216154435
  20
5.138999237998483
  10
43.97807975615951
  20
5.138999237998483
  10
43.97807975615952
  20
5.381036322072653
  10
43.92806705613411
  20
5.431023622047249
  10
43.128067056134114
  20
5.431023622047249
  10
43.07807975615952
  20
5.381036322072653
  10
43.07807975615952
  20
4.581036322072649
  97
1
  330
1226
  75
0
  76
1
  47
0.4128176842155181
  98
1
  10
34.90568961886538
  20
22.81183545379326
  450
0
  451
0
  460
0
  461
0
  452
1
  462
1
  453
2
  463
0
  63
5
  421
255
  463
1
  63
7
  421
16777215
  470
LINEAR
  1001
ACAD
  1010
0
  1020
0
  1030
0
  0
LWPOLYLINE
  5
1226
  100
AcDbEntity
  8
Top-Paste-Mask-Layer
  100
AcDbPolyline
  90
12
  70
1
  43
0.005080010160020321
  10
43.128067056134114
  20
4.531023622047243
  10
43.92806705613411
  20
4.531023622047243
  10
43.97807975615951
  20
4.581036322072649
  10
43.97807975615951
  20
4.809001778003562
  10
43.608077216154435
  20
4.809001778003562
  10
43.608077216154435
  20
5.138999237998483
  10
43.97807975615951
  20
5.138999237998483
  10
43.97807975615952
  20
5.381036322072653
  10
43.92806705613411
  20
5.431023622047249
  10
43.128067056134114
  20
5.431023622047249
  10
43.07807975615952
  20
5.381036322072653
  10
43.07807975615952
  20
4.581036322072649
  0
HATCH
  5
1229
  100
AcDbEntity
  8
Top-Paste-Mask-Layer
  100
AcDbHatch
  10
0
  20
0
  30
0
  210
0
  220
0
  230
1
  2
SOLID
  70
1
  71
0
  91
1
  92
7
  72
0
  73
1
  93
12
  10
44.67807975615952
  20
4.581036322072649
  10
44.67807975615952
  20
4.809001778003562
  10
45.058064516129036
  20
4.809001778003562
  10
45.058064516129036
  20
5.138999237998476
  10
44.67807975615952
  20
5.138999237998476
  10
44.67807975615952
  20
5.381036322072653
  10
44.728067056134115
  20
5.431023622047249
  10
45.518059436118875
  20
5.431023622047249
  10
45.56807213614427
  20
5.381036322072646
  10
45.56807213614427
  20
4.581036322072649
  10
45.518059436118875
  20
4.531023622047243
  10
44.728067056134115
  20
4.531023622047243
  97
1
  330
1228
  75
0
  76
1
  47
0.4128176842155181
  98
1
  10
34.90568961886538
  20
22.81183545379326
  450
0
  451
0
  460
0
  461
0
  452
1
  462
1
  453
2
  463
0
  63
5
  421
255
  463
1
  63
7
  421
16777215
  470
LINEAR
  1001
ACAD
  1010
0
  1020
0
  1030
0
  0
LWPOLYLINE
  5
1228
  100
AcDbEntity
  8
Top-Paste-Mask-Layer
  100
AcDbPolyline
  90
12
  70
1
  43
0.005080010160020321
  10
44.67807975615952
  20
4.581036322072649
  10
44.67807975615952
  20
4.809001778003562
  10
45.058064516129036
  20
4.809001778003562
  10
45.058064516129036
  20
5.138999237998476
  10
44.67807975615952
  20
5.138999237998476
  10
44.67807975615952
  20
5.381036322072653
  10
44.728067056134115
  20
5.431023622047249
  10
45.518059436118875
  20
5.431023622047249
  10
45.56807213614427
  20
5.381036322072646
  10
45.56807213614427
  20
4.581036322072649
  10
45.518059436118875
  20
4.531023622047243
  10
44.728067056134115
  20
4.531023622047243
  0
HATCH
  5
1231
  100
AcDbEntity
  8
Top-Paste-Mask-Layer
  100
AcDbHatch
  10
0
  20
0
  30
0
  210
0
  220
0
  230
1
  2
SOLID
  70
1
  71
0
  91
1
  92
7
  72
0
  73
1
  93
12
  10
28.5230378460757
  20
11.89703835407671
  10
29.323037846075696
  20
11.89703835407671
  10
29.373050546101094
  20
11.947051054102115
  10
29.373050546101094
  20
12.175016510033025
  10
29.00304800609602
  20
12.175016510033025
  10
29.00304800609602
  20
12.505013970027946
  10
29.373050546101094
  20
12.505013970027946
  10
29.3730505461011
  20
12.747051054102112
  10
29.323037846075696
  20
12.797038354076712
  10
28.5230378460757
  20
12.797038354076712
  10
28.473050546101096
  20
12.747051054102112
  10
28.473050546101096
  20
11.947051054102115
  97
1
  330
1230
  75
0
  76
1
  47
0.4128176842155181
  98
1
  10
34.90568961886538
  20
22.81183545379326
  450
0
  451
0
  460
0
  461
0
  452
1
  462
1
  453
2
  463
0
  63
5
  421
255
  463
1
  63
7
  421
16777215
  470
LINEAR
  1001
ACAD
  1010
0
  1020
0
  1030
0
  0
LWPOLYLINE
  5
1230
  100
AcDbEntity
  8
Top-Paste-Mask-Layer
  100
AcDbPolyline
  90
12
  70
1
  43
0.005080010160020321
  10
28.5230378460757
  20
11.89703835407671
  10
29.323037846075696
  20
11.89703835407671
  10
29.373050546101094
  20
11.947051054102115
  10
29.373050546101094
  20
12.175016510033025
  10
29.00304800609602
  20
12.175016510033025
  10
29.00304800609602
  20
12.505013970027946
  10
29.373050546101094
  20
12.505013970027946
  10
29.3730505461011
  20
12.747051054102112
  10
29.323037846075696
  20
12.797038354076712
  10
28.5230378460757
  20
12.797038354076712
  10
28.473050546101096
  20
12.747051054102112
  10
28.473050546101096
  20
11.947051054102115
  0
HATCH
  5
1233
  100
AcDbEntity
  8
Top-Paste-Mask-Layer
  100
AcDbHatch
  10
0
  20
0
  30
0
  210
0
  220
0
  230
1
  2
SOLID
  70
1
  71
0
  91
1
  92
7
  72
0
  73
1
  93
12
  10
30.073050546101097
  20
11.947051054102111
  10
30.073050546101097
  20
12.175016510033025
  10
30.453035306070614
  20
12.175016510033025
  10
30.453035306070614
  20
12.505013970027946
  10
30.073050546101097
  20
12.505013970027946
  10
30.073050546101097
  20
12.747051054102112
  10
30.1230378460757
  20
12.797038354076712
  10
30.91303022606046
  20
12.797038354076712
  10
30.96304292608586
  20
12.747051054102112
  10
30.96304292608586
  20
11.947051054102111
  10
30.91303022606046
  20
11.89703835407671
  10
30.1230378460757
  20
11.89703835407671
  97
1
  330
1232
  75
0
  76
1
  47
0.4128176842155181
  98
1
  10
34.90568961886538
  20
22.81183545379326
  450
0
  451
0
  460
0
  461
0
  452
1
  462
1
  453
2
  463
0
  63
5
  421
255
  463
1
  63
7
  421
16777215
  470
LINEAR
  1001
ACAD
  1010
0
  1020
0
  1030
0
  0
LWPOLYLINE
  5
1232
  100
AcDbEntity
  8
Top-Paste-Mask-Layer
  100
AcDbPolyline
  90
12
  70
1
  43
0.005080010160020321
  10
30.073050546101097
  20
11.947051054102111
  10
30.073050546101097
  20
12.175016510033025
  10
30.453035306070614
  20
12.175016510033025
  10
30.453035306070614
  20
12.505013970027946
  10
30.073050546101097
  20
12.505013970027946
  10
30.073050546101097
  20
12.747051054102112
  10
30.1230378460757
  20
12.797038354076712
  10
30.91303022606046
  20
12.797038354076712
  10
30.96304292608586
  20
12.747051054102112
  10
30.96304292608586
  20
11.947051054102111
  10
30.91303022606046
  20
11.89703835407671
  10
30.1230378460757
  20
11.89703835407671
  0
HATCH
  5
1235
  100
AcDbEntity
  8
Top-Paste-Mask-Layer
  100
AcDbHatch
  10
0
  20
0
  30
0
  210
0
  220
0
  230
1
  2
SOLID
  70
1
  71
0
  91
1
  92
7
  72
0
  73
1
  93
12
  10
30.913081026162057
  20
11.527010414020832
  10
30.11308102616206
  20
11.527010414020832
  10
30.063068326136662
  20
11.476997713995434
  10
30.063068326136662
  20
11.24903225806452
  10
30.433070866141737
  20
11.24903225806452
  10
30.433070866141737
  20
10.9190347980696
  10
30.063068326136662
  20
10.9190347980696
  10
30.063068326136662
  20
10.676997713995434
  10
30.11308102616206
  20
10.627010414020834
  10
30.913081026162057
  20
10.627010414020834
  10
30.96306832613666
  20
10.676997713995434
  10
30.96306832613666
  20
11.476997713995434
  97
1
  330
1234
  75
0
  76
1
  47
0.4128176842155181
  98
1
  10
34.90568961886538
  20
22.81183545379326
  450
0
  451
0
  460
0
  461
0
  452
1
  462
1
  453
2
  463
0
  63
5
  421
255
  463
1
  63
7
  421
16777215
  470
LINEAR
  1001
ACAD
  1010
0
  1020
0
  1030
0
  0
LWPOLYLINE
  5
1234
  100
AcDbEntity
  8
Top-Paste-Mask-Layer
  100
AcDbPolyline
  90
12
  70
1
  43
0.005080010160020321
  10
30.913081026162057
  20
11.527010414020832
  10
30.11308102616206
  20
11.527010414020832
  10
30.063068326136662
  20
11.476997713995434
  10
30.063068326136662
  20
11.24903225806452
  10
30.433070866141737
  20
11.24903225806452
  10
30.433070866141737
  20
10.9190347980696
  10
30.063068326136662
  20
10.9190347980696
  10
30.063068326136662
  20
10.676997713995434
  10
30.11308102616206
  20
10.627010414020834
  10
30.913081026162057
  20
10.627010414020834
  10
30.96306832613666
  20
10.676997713995434
  10
30.96306832613666
  20
11.476997713995434
  0
HATCH
  5
1237
  100
AcDbEntity
  8
Top-Paste-Mask-Layer
  100
AcDbHatch
  10
0
  20
0
  30
0
  210
0
  220
0
  230
1
  2
SOLID
  70
1
  71
0
  91
1
  92
7
  72
0
  73
1
  93
12
  10
29.363068326136652
  20
11.476997713995434
  10
29.363068326136652
  20
11.24903225806452
  10
28.983083566167142
  20
11.24903225806452
  10
28.983083566167142
  20
10.9190347980696
  10
29.363068326136652
  20
10.9190347980696
  10
29.363068326136652
  20
10.676997713995434
  10
29.313081026162056
  20
10.627010414020834
  10
28.523088646177296
  20
10.627010414020834
  10
28.473075946151898
  20
10.676997713995434
  10
28.473075946151898
  20
11.476997713995434
  10
28.523088646177296
  20
11.527010414020832
  10
29.313081026162056
  20
11.527010414020832
  97
1
  330
1236
  75
0
  76
1
  47
0.4128176842155181
  98
1
  10
34.90568961886538
  20
22.81183545379326
  450
0
  451
0
  460
0
  461
0
  452
1
  462
1
  453
2
  463
0
  63
5
  421
255
  463
1
  63
7
  421
16777215
  470
LINEAR
  1001
ACAD
  1010
0
  1020
0
  1030
0
  0
LWPOLYLINE
  5
1236
  100
AcDbEntity
  8
Top-Paste-Mask-Layer
  100
AcDbPolyline
  90
12
  70
1
  43
0.005080010160020321
  10
29.363068326136652
  20
11.476997713995434
  10
29.363068326136652
  20
11.24903225806452
  10
28.983083566167142
  20
11.24903225806452
  10
28.983083566167142
  20
10.9190347980696
  10
29.363068326136652
  20
10.9190347980696
  10
29.363068326136652
  20
10.676997713995434
  10
29.313081026162056
  20
10.627010414020834
  10
28.523088646177296
  20
10.627010414020834
  10
28.473075946151898
  20
10.676997713995434
  10
28.473075946151898
  20
11.476997713995434
  10
28.523088646177296
  20
11.527010414020832
  10
29.313081026162056
  20
11.527010414020832
  0
HATCH
  5
1239
  100
AcDbEntity
  8
Top-Paste-Mask-Layer
  100
AcDbHatch
  10
0
  20
0
  30
0
  210
0
  220
0
  230
1
  2
SOLID
  70
1
  71
0
  91
1
  92
7
  72
0
  73
1
  93
12
  10
29.412039624079252
  20
15.199044958089921
  10
30.21203962407925
  20
15.199044958089921
  10
30.262052324104648
  20
15.249057658115323
  10
30.262052324104648
  20
15.477023114046233
  10
29.892049784099573
  20
15.477023114046233
  10
29.892049784099573
  20
15.807020574041154
  10
30.262052324104648
  20
15.807020574041154
  10
30.262052324104655
  20
16.04905765811532
  10
30.21203962407925
  20
16.09904495808992
  10
29.412039624079252
  20
16.09904495808992
  10
29.36205232410465
  20
16.04905765811532
  10
29.36205232410465
  20
15.249057658115323
  97
1
  330
1238
  75
0
  76
1
  47
0.4128176842155181
  98
1
  10
34.90568961886538
  20
22.81183545379326
  450
0
  451
0
  460
0
  461
0
  452
1
  462
1
  453
2
  463
0
  63
5
  421
255
  463
1
  63
7
  421
16777215
  470
LINEAR
  1001
ACAD
  1010
0
  1020
0
  1030
0
  0
LWPOLYLINE
  5
1238
  100
AcDbEntity
  8
Top-Paste-Mask-Layer
  100
AcDbPolyline
  90
12
  70
1
  43
0.005080010160020321
  10
29.412039624079252
  20
15.199044958089921
  10
30.21203962407925
  20
15.199044958089921
  10
30.262052324104648
  20
15.249057658115323
  10
30.262052324104648
  20
15.477023114046233
  10
29.892049784099573
  20
15.477023114046233
  10
29.892049784099573
  20
15.807020574041154
  10
30.262052324104648
  20
15.807020574041154
  10
30.262052324104655
  20
16.04905765811532
  10
30.21203962407925
  20
16.09904495808992
  10
29.412039624079252
  20
16.09904495808992
  10
29.36205232410465
  20
16.04905765811532
  10
29.36205232410465
  20
15.249057658115323
  0
HATCH
  5
1241
  100
AcDbEntity
  8
Top-Paste-Mask-Layer
  100
AcDbHatch
  10
0
  20
0
  30
0
  210
0
  220
0
  230
1
  2
SOLID
  70
1
  71
0
  91
1
  92
7
  72
0
  73
1
  93
12
  10
30.962052324104658
  20
15.24905765811532
  10
30.962052324104658
  20
15.477023114046233
  10
31.342037084074175
  20
15.477023114046233
  10
31.342037084074175
  20
15.807020574041154
  10
30.962052324104658
  20
15.807020574041154
  10
30.962052324104658
  20
16.04905765811532
  10
31.012039624079254
  20
16.09904495808992
  10
31.802032004064014
  20
16.09904495808992
  10
31.852044704089412
  20
16.04905765811532
  10
31.852044704089412
  20
15.24905765811532
  10
31.802032004064014
  20
15.199044958089921
  10
31.012039624079254
  20
15.199044958089921
  97
1
  330
1240
  75
0
  76
1
  47
0.4128176842155181
  98
1
  10
34.90568961886538
  20
22.81183545379326
  450
0
  451
0
  460
0
  461
0
  452
1
  462
1
  453
2
  463
0
  63
5
  421
255
  463
1
  63
7
  421
16777215
  470
LINEAR
  1001
ACAD
  1010
0
  1020
0
  1030
0
  0
LWPOLYLINE
  5
1240
  100
AcDbEntity
  8
Top-Paste-Mask-Layer
  100
AcDbPolyline
  90
12
  70
1
  43
0.005080010160020321
  10
30.962052324104658
  20
15.24905765811532
  10
30.962052324104658
  20
15.477023114046233
  10
31.342037084074175
  20
15.477023114046233
  10
31.342037084074175
  20
15.807020574041154
  10
30.962052324104658
  20
15.807020574041154
  10
30.962052324104658
  20
16.04905765811532
  10
31.012039624079254
  20
16.09904495808992
  10
31.802032004064014
  20
16.09904495808992
  10
31.852044704089412
  20
16.04905765811532
  10
31.852044704089412
  20
15.24905765811532
  10
31.802032004064014
  20
15.199044958089921
  10
31.012039624079254
  20
15.199044958089921
  0
HATCH
  5
1243
  100
AcDbEntity
  8
Top-Paste-Mask-Layer
  100
AcDbHatch
  10
0
  20
0
  30
0
  210
0
  220
0
  230
1
  2
SOLID
  70
1
  71
0
  91
1
  92
7
  72
0
  73
1
  93
12
  10
32.46004572009144
  20
15.199044958089921
  10
33.26004572009144
  20
15.199044958089921
  10
33.31005842011684
  20
15.249057658115323
  10
33.31005842011684
  20
15.477023114046233
  10
32.940055880111764
  20
15.477023114046233
  10
32.940055880111764
  20
15.807020574041154
  10
33.31005842011684
  20
15.807020574041154
  10
33.310058420116846
  20
16.04905765811532
  10
33.26004572009144
  20
16.09904495808992
  10
32.46004572009144
  20
16.09904495808992
  10
32.41005842011684
  20
16.04905765811532
  10
32.41005842011684
  20
15.249057658115323
  97
1
  330
1242
  75
0
  76
1
  47
0.4128176842155181
  98
1
  10
34.90568961886538
  20
22.81183545379326
  450
0
  451
0
  460
0
  461
0
  452
1
  462
1
  453
2
  463
0
  63
5
  421
255
  463
1
  63
7
  421
16777215
  470
LINEAR
  1001
ACAD
  1010
0
  1020
0
  1030
0
  0
LWPOLYLINE
  5
1242
  100
AcDbEntity
  8
Top-Paste-Mask-Layer
  100
AcDbPolyline
  90
12
  70
1
  43
0.005080010160020321
  10
32.46004572009144
  20
15.199044958089921
  10
33.26004572009144
  20
15.199044958089921
  10
33.31005842011684
  20
15.249057658115323
  10
33.31005842011684
  20
15.477023114046233
  10
32.940055880111764
  20
15.477023114046233
  10
32.940055880111764
  20
15.807020574041154
  10
33.31005842011684
  20
15.807020574041154
  10
33.310058420116846
  20
16.04905765811532
  10
33.26004572009144
  20
16.09904495808992
  10
32.46004572009144
  20
16.09904495808992
  10
32.41005842011684
  20
16.04905765811532
  10
32.41005842011684
  20
15.249057658115323
  0
HATCH
  5
1245
  100
AcDbEntity
  8
Top-Paste-Mask-Layer
  100
AcDbHatch
  10
0
  20
0
  30
0
  210
0
  220
0
  230
1
  2
SOLID
  70
1
  71
0
  91
1
  92
7
  72
0
  73
1
  93
12
  10
34.01005842011684
  20
15.24905765811532
  10
34.01005842011684
  20
15.477023114046233
  10
34.39004318008636
  20
15.477023114046233
  10
34.39004318008636
  20
15.807020574041154
  10
34.01005842011684
  20
15.807020574041154
  10
34.01005842011684
  20
16.04905765811532
  10
34.060045720091445
  20
16.09904495808992
  10
34.850038100076205
  20
16.09904495808992
  10
34.9000508001016
  20
16.04905765811532
  10
34.9000508001016
  20
15.24905765811532
  10
34.850038100076205
  20
15.199044958089921
  10
34.060045720091445
  20
15.199044958089921
  97
1
  330
1244
  75
0
  76
1
  47
0.4128176842155181
  98
1
  10
34.90568961886538
  20
22.81183545379326
  450
0
  451
0
  460
0
  461
0
  452
1
  462
1
  453
2
  463
0
  63
5
  421
255
  463
1
  63
7
  421
16777215
  470
LINEAR
  1001
ACAD
  1010
0
  1020
0
  1030
0
  0
LWPOLYLINE
  5
1244
  100
AcDbEntity
  8
Top-Paste-Mask-Layer
  100
AcDbPolyline
  90
12
  70
1
  43
0.005080010160020321
  10
34.01005842011684
  20
15.24905765811532
  10
34.01005842011684
  20
15.477023114046233
  10
34.39004318008636
  20
15.477023114046233
  10
34.39004318008636
  20
15.807020574041154
  10
34.01005842011684
  20
15.807020574041154
  10
34.01005842011684
  20
16.04905765811532
  10
34.060045720091445
  20
16.09904495808992
  10
34.850038100076205
  20
16.09904495808992
  10
34.9000508001016
  20
16.04905765811532
  10
34.9000508001016
  20
15.24905765811532
  10
34.850038100076205
  20
15.199044958089921
  10
34.060045720091445
  20
15.199044958089921
  0
HATCH
  5
1247
  100
AcDbEntity
  8
Top-Paste-Mask-Layer
  100
AcDbHatch
  10
0
  20
0
  30
0
  210
0
  220
0
  230
1
  2
SOLID
  70
1
  71
0
  91
1
  92
7
  72
0
  73
1
  93
12
  10
19.506019812039625
  20
10.500035560071122
  10
20.30601981203963
  20
10.500035560071122
  10
20.356032512065028
  20
10.550048260096528
  10
20.356032512065028
  20
10.778013716027438
  10
19.98602997205995
  20
10.778013716027438
  10
19.98602997205995
  20
11.108011176022355
  10
20.356032512065028
  20
11.108011176022355
  10
20.356032512065028
  20
11.350048260096525
  10
20.30601981203963
  20
11.400035560071125
  10
19.506019812039625
  20
11.400035560071125
  10
19.456032512065025
  20
11.350048260096525
  10
19.456032512065025
  20
10.550048260096528
  97
1
  330
1246
  75
0
  76
1
  47
0.4128176842155181
  98
1
  10
34.90568961886538
  20
22.81183545379326
  450
0
  451
0
  460
0
  461
0
  452
1
  462
1
  453
2
  463
0
  63
5
  421
255
  463
1
  63
7
  421
16777215
  470
LINEAR
  1001
ACAD
  1010
0
  1020
0
  1030
0
  0
LWPOLYLINE
  5
1246
  100
AcDbEntity
  8
Top-Paste-Mask-Layer
  100
AcDbPolyline
  90
12
  70
1
  43
0.005080010160020321
  10
19.506019812039625
  20
10.500035560071122
  10
20.30601981203963
  20
10.500035560071122
  10
20.356032512065028
  20
10.550048260096528
  10
20.356032512065028
  20
10.778013716027438
  10
19.98602997205995
  20
10.778013716027438
  10
19.98602997205995
  20
11.108011176022355
  10
20.356032512065028
  20
11.108011176022355
  10
20.356032512065028
  20
11.350048260096525
  10
20.30601981203963
  20
11.400035560071125
  10
19.506019812039625
  20
11.400035560071125
  10
19.456032512065025
  20
11.350048260096525
  10
19.456032512065025
  20
10.550048260096528
  0
HATCH
  5
1249
  100
AcDbEntity
  8
Top-Paste-Mask-Layer
  100
AcDbHatch
  10
0
  20
0
  30
0
  210
0
  220
0
  230
1
  2
SOLID
  70
1
  71
0
  91
1
  92
7
  72
0
  73
1
  93
12
  10
21.056032512065027
  20
10.550048260096524
  10
21.056032512065027
  20
10.778013716027438
  10
21.43601727203455
  20
10.778013716027438
  10
21.43601727203455
  20
11.108011176022355
  10
21.056032512065027
  20
11.108011176022355
  10
21.056032512065027
  20
11.350048260096525
  10
21.10601981203963
  20
11.400035560071125
  10
21.896012192024386
  20
11.400035560071125
  10
21.94602489204979
  20
11.350048260096525
  10
21.94602489204979
  20
10.550048260096524
  10
21.896012192024386
  20
10.500035560071122
  10
21.106019812039627
  20
10.500035560071122
  97
1
  330
1248
  75
0
  76
1
  47
0.4128176842155181
  98
1
  10
34.90568961886538
  20
22.81183545379326
  450
0
  451
0
  460
0
  461
0
  452
1
  462
1
  453
2
  463
0
  63
5
  421
255
  463
1
  63
7
  421
16777215
  470
LINEAR
  1001
ACAD
  1010
0
  1020
0
  1030
0
  0
LWPOLYLINE
  5
1248
  100
AcDbEntity
  8
Top-Paste-Mask-Layer
  100
AcDbPolyline
  90
12
  70
1
  43
0.005080010160020321
  10
21.056032512065027
  20
10.550048260096524
  10
21.056032512065027
  20
10.778013716027438
  10
21.43601727203455
  20
10.778013716027438
  10
21.43601727203455
  20
11.108011176022355
  10
21.056032512065027
  20
11.108011176022355
  10
21.056032512065027
  20
11.350048260096525
  10
21.10601981203963
  20
11.400035560071125
  10
21.896012192024386
  20
11.400035560071125
  10
21.94602489204979
  20
11.350048260096525
  10
21.94602489204979
  20
10.550048260096524
  10
21.896012192024386
  20
10.500035560071122
  10
21.106019812039627
  20
10.500035560071122
  0
HATCH
  5
1251
  100
AcDbEntity
  8
Top-Paste-Mask-Layer
  100
AcDbHatch
  10
0
  20
0
  30
0
  210
0
  220
0
  230
1
  2
SOLID
  70
1
  71
0
  91
1
  92
7
  72
0
  73
1
  93
25
  10
51.191313182626374
  20
3.0833477266954645
  10
51.191313182626374
  20
2.6826873253746584
  10
51.19154178308358
  20
2.6824587249174527
  10
51.64132588265177
  20
2.6824587249174527
  10
51.64147828295658
  20
2.6823063246126537
  10
51.64147828295658
  20
2.432319024638055
  10
51.641554483108976
  20
2.4322428244856553
  10
51.19225298450598
  20
2.4322428244856553
  10
51.19197358394718
  20
2.432522225044451
  10
51.19197358394718
  20
2.032903225806457
  10
51.192049784099574
  20
2.0328270256540577
  10
51.64117348234697
  20
2.0328270256540577
  10
51.64135128270257
  20
2.0326492252984565
  10
51.64135128270257
  20
1.7829921259842578
  10
51.641884683769376
  20
1.7824587249174613
  10
51.192075184150376
  20
1.7824587249174613
  10
51.19192278384558
  20
1.7823063246126551
  10
51.19192278384558
  20
1.3836779273558548
  10
51.19243078486158
  20
1.3831699263398605
  10
51.641122682245374
  20
1.3831699263398605
  10
51.641122682245374
  20
1.3918059436118924
  10
52.041300482600974
  20
1.3918059436118924
  10
52.04157988315978
  20
1.3915265430530894
  10
52.04157988315978
  20
3.091043942087886
  10
52.04168148336297
  20
3.0911455422910947
  97
1
  330
1250
  75
0
  76
1
  47
0.4128176842155181
  98
1
  10
34.90568961886538
  20
22.81183545379326
  450
0
  451
0
  460
0
  461
0
  452
1
  462
1
  453
2
  463
0
  63
5
  421
255
  463
1
  63
7
  421
16777215
  470
LINEAR
  1001
ACAD
  1010
0
  1020
0
  1030
0
  0
LWPOLYLINE
  5
1250
  100
AcDbEntity
  8
Top-Paste-Mask-Layer
  100
AcDbPolyline
  90
25
  70
1
  43
0.005080010160020321
  10
51.191313182626374
  20
3.0833477266954645
  10
51.191313182626374
  20
2.6826873253746584
  10
51.19154178308358
  20
2.6824587249174527
  10
51.64132588265177
  20
2.6824587249174527
  10
51.64147828295658
  20
2.6823063246126537
  10
51.64147828295658
  20
2.432319024638055
  10
51.641554483108976
  20
2.4322428244856553
  10
51.19225298450598
  20
2.4322428244856553
  10
51.19197358394718
  20
2.432522225044451
  10
51.19197358394718
  20
2.032903225806457
  10
51.192049784099574
  20
2.0328270256540577
  10
51.64117348234697
  20
2.0328270256540577
  10
51.64135128270257
  20
2.0326492252984565
  10
51.64135128270257
  20
1.7829921259842578
  10
51.641884683769376
  20
1.7824587249174613
  10
51.192075184150376
  20
1.7824587249174613
  10
51.19192278384558
  20
1.7823063246126551
  10
51.19192278384558
  20
1.3836779273558548
  10
51.19243078486158
  20
1.3831699263398605
  10
51.641122682245374
  20
1.3831699263398605
  10
51.641122682245374
  20
1.3918059436118924
  10
52.041300482600974
  20
1.3918059436118924
  10
52.04157988315978
  20
1.3915265430530894
  10
52.04157988315978
  20
3.091043942087886
  10
52.04168148336297
  20
3.0911455422910947
  0
HATCH
  5
1253
  100
AcDbEntity
  8
Top-Paste-Mask-Layer
  100
AcDbHatch
  10
0
  20
0
  30
0
  210
0
  220
0
  230
1
  2
SOLID
  70
1
  71
0
  91
1
  92
7
  72
0
  73
1
  93
22
  10
52.448412496825
  20
3.204886969773945
  10
54.44899669799341
  20
3.2060553721107468
  10
54.4490982981966
  20
3.0587350774701605
  10
54.864897129794265
  20
3.058557277114552
  10
54.866319532639075
  20
2.659217678435354
  10
54.448463296926604
  20
2.660055880111763
  10
54.4478282956566
  20
2.409636779273569
  10
54.86672593345188
  20
2.4092557785115503
  10
54.865836931673876
  20
2.009865379730755
  10
54.4482346964694
  20
2.009154178308364
  10
54.447955295910596
  20
1.7584556769113604
  10
54.86570993141987
  20
1.7582016764033526
  10
54.86537973075947
  20
1.3598780797561574
  10
54.447650495301005
  20
1.3603606807213708
  10
54.4482346964694
  20
1.270266700533405
  10
54.4472440944882
  20
1.1090271780543617
  10
54.867411734823484
  20
1.1084175768351514
  10
54.86532893065787
  20
0.7091287782575506
  10
54.44726949453899
  20
0.7065125730251509
  10
54.4484378968758
  20
0.6065633731267539
  10
52.44958089916181
  20
0.6031851663703378
  10
52.4486918973838
  20
3.0370180340360733
  97
1
  330
1252
  75
0
  76
1
  47
0.4128176842155181
  98
1
  10
34.90568961886538
  20
22.81183545379326
  450
0
  451
0
  460
0
  461
0
  452
1
  462
1
  453
2
  463
0
  63
5
  421
255
  463
1
  63
7
  421
16777215
  470
LINEAR
  1001
ACAD
  1010
0
  1020
0
  1030
0
  0
LWPOLYLINE
  5
1252
  100
AcDbEntity
  8
Top-Paste-Mask-Layer
  100
AcDbPolyline
  90
22
  70
1
  43
0.005080010160020321
  10
52.448412496825
  20
3.204886969773945
  10
54.44899669799341
  20
3.2060553721107468
  10
54.4490982981966
  20
3.0587350774701605
  10
54.864897129794265
  20
3.058557277114552
  10
54.866319532639075
  20
2.659217678435354
  10
54.448463296926604
  20
2.660055880111763
  10
54.4478282956566
  20
2.409636779273569
  10
54.86672593345188
  20
2.4092557785115503
  10
54.865836931673876
  20
2.009865379730755
  10
54.4482346964694
  20
2.009154178308364
  10
54.447955295910596
  20
1.7584556769113604
  10
54.86570993141987
  20
1.7582016764033526
  10
54.86537973075947
  20
1.3598780797561574
  10
54.447650495301005
  20
1.3603606807213708
  10
54.4482346964694
  20
1.270266700533405
  10
54.4472440944882
  20
1.1090271780543617
  10
54.867411734823484
  20
1.1084175768351514
  10
54.86532893065787
  20
0.7091287782575506
  10
54.44726949453899
  20
0.7065125730251509
  10
54.4484378968758
  20
0.6065633731267539
  10
52.44958089916181
  20
0.6031851663703378
  10
52.4486918973838
  20
3.0370180340360733
  0
HATCH
  5
1255
  100
AcDbEntity
  8
Top-Paste-Mask-Layer
  100
AcDbHatch
  10
0
  20
0
  30
0
  210
0
  220
0
  230
1
  2
SOLID
  70
1
  71
0
  91
1
  92
7
  72
0
  73
1
  93
7
  10
51.998577597155204
  20
1.1418694437388908
  10
51.1985775971552
  20
1.1418694437388908
  10
51.1984505969012
  20
1.141742443484894
  10
51.1984505969012
  20
0.7420980441960978
  10
51.198298196596404
  20
0.7419456438912917
  10
51.99880619761241
  20
0.7419456438912917
  10
51.998907797815605
  20
0.7418440436880971
  97
1
  330
1254
  75
0
  76
1
  47
0.4128176842155181
  98
1
  10
34.90568961886538
  20
22.81183545379326
  450
0
  451
0
  460
0
  461
0
  452
1
  462
1
  453
2
  463
0
  63
5
  421
255
  463
1
  63
7
  421
16777215
  470
LINEAR
  1001
ACAD
  1010
0
  1020
0
  1030
0
  0
LWPOLYLINE
  5
1254
  100
AcDbEntity
  8
Top-Paste-Mask-Layer
  100
AcDbPolyline
  90
7
  70
1
  43
0.005080010160020321
  10
51.998577597155204
  20
1.1418694437388908
  10
51.1985775971552
  20
1.1418694437388908
  10
51.1984505969012
  20
1.141742443484894
  10
51.1984505969012
  20
0.7420980441960978
  10
51.198298196596404
  20
0.7419456438912917
  10
51.99880619761241
  20
0.7419456438912917
  10
51.998907797815605
  20
0.7418440436880971
  0
HATCH
  5
1257
  100
AcDbEntity
  8
Top-Paste-Mask-Layer
  100
AcDbHatch
  10
0
  20
0
  30
0
  210
0
  220
0
  230
1
  2
SOLID
  70
1
  71
0
  91
1
  92
7
  72
0
  73
1
  93
25
  10
16.392684785369575
  20
24.97422910845822
  10
16.392684785369575
  20
25.374889509779024
  10
16.392456184912373
  20
25.375118110236226
  10
15.94267208534417
  20
25.375118110236226
  10
15.942519685039372
  20
25.37527051054103
  10
15.942519685039372
  20
25.625257810515627
  10
15.942443484886969
  20
25.625334010668027
  10
16.391744983489968
  20
25.625334010668027
  10
16.39202438404877
  20
25.625054610109224
  10
16.39202438404877
  20
26.024673609347225
  10
16.391948183896368
  20
26.024749809499625
  10
15.942824485648973
  20
26.024749809499625
  10
15.942646685293372
  20
26.024927609855226
  10
15.942646685293372
  20
26.274584709169424
  10
15.942113284226568
  20
26.275118110236228
  10
16.39192278384557
  20
26.275118110236228
  10
16.392075184150368
  20
26.275270510541027
  10
16.392075184150368
  20
26.67389890779782
  10
16.391567183134367
  20
26.674406908813822
  10
15.94287528575057
  20
26.674406908813822
  10
15.94287528575057
  20
26.66577089154179
  10
15.54269748539497
  20
26.66577089154179
  10
15.542418084836168
  20
26.66605029210059
  10
15.542418084836168
  20
24.966532893065793
  10
15.54231648463297
  20
24.96643129286259
  97
1
  330
1256
  75
0
  76
1
  47
0.4128176842155181
  98
1
  10
34.90568961886538
  20
22.81183545379326
  450
0
  451
0
  460
0
  461
0
  452
1
  462
1
  453
2
  463
0
  63
5
  421
255
  463
1
  63
7
  421
16777215
  470
LINEAR
  1001
ACAD
  1010
0
  1020
0
  1030
0
  0
LWPOLYLINE
  5
1256
  100
AcDbEntity
  8
Top-Paste-Mask-Layer
  100
AcDbPolyline
  90
25
  70
1
  43
0.005080010160020321
  10
16.392684785369575
  20
24.97422910845822
  10
16.392684785369575
  20
25.374889509779024
  10
16.392456184912373
  20
25.375118110236226
  10
15.94267208534417
  20
25.375118110236226
  10
15.942519685039372
  20
25.37527051054103
  10
15.942519685039372
  20
25.625257810515627
  10
15.942443484886969
  20
25.625334010668027
  10
16.391744983489968
  20
25.625334010668027
  10
16.39202438404877
  20
25.625054610109224
  10
16.39202438404877
  20
26.024673609347225
  10
16.391948183896368
  20
26.024749809499625
  10
15.942824485648973
  20
26.024749809499625
  10
15.942646685293372
  20
26.024927609855226
  10
15.942646685293372
  20
26.274584709169424
  10
15.942113284226568
  20
26.275118110236228
  10
16.39192278384557
  20
26.275118110236228
  10
16.392075184150368
  20
26.275270510541027
  10
16.392075184150368
  20
26.67389890779782
  10
16.391567183134367
  20
26.674406908813822
  10
15.94287528575057
  20
26.674406908813822
  10
15.94287528575057
  20
26.66577089154179
  10
15.54269748539497
  20
26.66577089154179
  10
15.542418084836168
  20
26.66605029210059
  10
15.542418084836168
  20
24.966532893065793
  10
15.54231648463297
  20
24.96643129286259
  0
HATCH
  5
1259
  100
AcDbEntity
  8
Top-Paste-Mask-Layer
  100
AcDbHatch
  10
0
  20
0
  30
0
  210
0
  220
0
  230
1
  2
SOLID
  70
1
  71
0
  91
1
  92
7
  72
0
  73
1
  93
22
  10
15.135585471170945
  20
24.852689865379734
  10
13.13500127000254
  20
24.851521463042932
  10
13.134899669799342
  20
24.99884175768352
  10
12.719100838201676
  20
24.99901955803912
  10
12.71767843535687
  20
25.39835915671832
  10
13.135534671069344
  20
25.397520955041916
  10
13.136169672339346
  20
25.647940055880117
  10
12.71727203454407
  20
25.648321056642118
  10
12.71816103632207
  20
26.047711455422917
  10
13.135763271526542
  20
26.048422656845318
  10
13.136042672085342
  20
26.299121158242322
  10
12.718288036576073
  20
26.299375158750323
  10
12.718618237236473
  20
26.697698755397518
  10
13.136347472694947
  20
26.697216154432315
  10
13.135763271526542
  20
26.787310134620277
  10
13.136753873507747
  20
26.94854965709932
  10
12.716586233172468
  20
26.949159258318524
  10
12.718669037338074
  20
27.34844805689612
  10
13.136728473456948
  20
27.35106426212853
  10
13.135560071120143
  20
27.45101346202693
  10
15.13441706883414
  20
27.454391668783344
  10
15.135306070612138
  20
25.02055880111761
  97
1
  330
1258
  75
0
  76
1
  47
0.4128176842155181
  98
1
  10
34.90568961886538
  20
22.81183545379326
  450
0
  451
0
  460
0
  461
0
  452
1
  462
1
  453
2
  463
0
  63
5
  421
255
  463
1
  63
7
  421
16777215
  470
LINEAR
  1001
ACAD
  1010
0
  1020
0
  1030
0
  0
LWPOLYLINE
  5
1258
  100
AcDbEntity
  8
Top-Paste-Mask-Layer
  100
AcDbPolyline
  90
22
  70
1
  43
0.005080010160020321
  10
15.135585471170945
  20
24.852689865379734
  10
13.13500127000254
  20
24.851521463042932
  10
13.134899669799342
  20
24.99884175768352
  10
12.719100838201676
  20
24.99901955803912
  10
12.71767843535687
  20
25.39835915671832
  10
13.135534671069344
  20
25.397520955041916
  10
13.136169672339346
  20
25.647940055880117
  10
12.71727203454407
  20
25.648321056642118
  10
12.71816103632207
  20
26.047711455422917
  10
13.135763271526542
  20
26.048422656845318
  10
13.136042672085342
  20
26.299121158242322
  10
12.718288036576073
  20
26.299375158750323
  10
12.718618237236473
  20
26.697698755397518
  10
13.136347472694947
  20
26.697216154432315
  10
13.135763271526542
  20
26.787310134620277
  10
13.136753873507747
  20
26.94854965709932
  10
12.716586233172468
  20
26.949159258318524
  10
12.718669037338074
  20
27.34844805689612
  10
13.136728473456948
  20
27.35106426212853
  10
13.135560071120143
  20
27.45101346202693
  10
15.13441706883414
  20
27.454391668783344
  10
15.135306070612138
  20
25.02055880111761
  0
HATCH
  5
1261
  100
AcDbEntity
  8
Top-Paste-Mask-Layer
  100
AcDbHatch
  10
0
  20
0
  30
0
  210
0
  220
0
  230
1
  2
SOLID
  70
1
  71
0
  91
1
  92
7
  72
0
  73
1
  93
7
  10
15.585420370840744
  20
26.915707391414788
  10
16.38542037084074
  20
26.915707391414788
  10
16.38554737109474
  20
26.91583439166879
  10
16.38554737109474
  20
27.315478790957588
  10
16.385699771399544
  20
27.315631191262387
  10
15.585191770383542
  20
27.315631191262387
  10
15.58509017018034
  20
27.31573279146559
  97
1
  330
1260
  75
0
  76
1
  47
0.4128176842155181
  98
1
  10
34.90568961886538
  20
22.81183545379326
  450
0
  451
0
  460
0
  461
0
  452
1
  462
1
  453
2
  463
0
  63
5
  421
255
  463
1
  63
7
  421
16777215
  470
LINEAR
  1001
ACAD
  1010
0
  1020
0
  1030
0
  0
LWPOLYLINE
  5
1260
  100
AcDbEntity
  8
Top-Paste-Mask-Layer
  100
AcDbPolyline
  90
7
  70
1
  43
0.005080010160020321
  10
15.585420370840744
  20
26.915707391414788
  10
16.38542037084074
  20
26.915707391414788
  10
16.38554737109474
  20
26.91583439166879
  10
16.38554737109474
  20
27.315478790957588
  10
16.385699771399544
  20
27.315631191262387
  10
15.585191770383542
  20
27.315631191262387
  10
15.58509017018034
  20
27.31573279146559
  0
HATCH
  5
1263
  100
AcDbEntity
  8
Top-Paste-Mask-Layer
  100
AcDbHatch
  10
0
  20
0
  30
0
  210
0
  220
0
  230
1
  2
SOLID
  70
1
  71
0
  91
1
  92
7
  72
0
  73
1
  93
12
  10
27.78323596647194
  20
16.136713233426477
  10
26.983235966471938
  20
16.136713233426477
  10
26.93322326644654
  20
16.086700533401075
  10
26.93322326644654
  20
15.858735077470161
  10
27.303225806451618
  20
15.858735077470161
  10
27.303225806451618
  20
15.528737617475244
  10
26.93322326644654
  20
15.528737617475244
  10
26.93322326644654
  20
15.286700533401074
  10
26.983235966471938
  20
15.236713233426475
  10
27.78323596647194
  20
15.236713233426475
  10
27.83322326644654
  20
15.286700533401074
  10
27.83322326644654
  20
16.086700533401075
  97
1
  330
1262
  75
0
  76
1
  47
0.4128176842155181
  98
1
  10
34.90568961886538
  20
22.81183545379326
  450
0
  451
0
  460
0
  461
0
  452
1
  462
1
  453
2
  463
0
  63
5
  421
255
  463
1
  63
7
  421
16777215
  470
LINEAR
  1001
ACAD
  1010
0
  1020
0
  1030
0
  0
LWPOLYLINE
  5
1262
  100
AcDbEntity
  8
Top-Paste-Mask-Layer
  100
AcDbPolyline
  90
12
  70
1
  43
0.005080010160020321
  10
27.78323596647194
  20
16.136713233426477
  10
26.983235966471938
  20
16.136713233426477
  10
26.93322326644654
  20
16.086700533401075
  10
26.93322326644654
  20
15.858735077470161
  10
27.303225806451618
  20
15.858735077470161
  10
27.303225806451618
  20
15.528737617475244
  10
26.93322326644654
  20
15.528737617475244
  10
26.93322326644654
  20
15.286700533401074
  10
26.983235966471938
  20
15.236713233426475
  10
27.78323596647194
  20
15.236713233426475
  10
27.83322326644654
  20
15.286700533401074
  10
27.83322326644654
  20
16.086700533401075
  0
HATCH
  5
1265
  100
AcDbEntity
  8
Top-Paste-Mask-Layer
  100
AcDbHatch
  10
0
  20
0
  30
0
  210
0
  220
0
  230
1
  2
SOLID
  70
1
  71
0
  91
1
  92
7
  72
0
  73
1
  93
12
  10
26.23322326644654
  20
16.086700533401075
  10
26.23322326644654
  20
15.858735077470161
  10
25.853238506477016
  20
15.858735077470161
  10
25.853238506477016
  20
15.528737617475244
  10
26.23322326644654
  20
15.528737617475244
  10
26.23322326644654
  20
15.286700533401074
  10
26.18323596647194
  20
15.236713233426475
  10
25.393243586487177
  20
15.236713233426475
  10
25.34323088646178
  20
15.286700533401074
  10
25.34323088646178
  20
16.086700533401075
  10
25.393243586487177
  20
16.136713233426477
  10
26.18323596647194
  20
16.136713233426477
  97
1
  330
1264
  75
0
  76
1
  47
0.4128176842155181
  98
1
  10
34.90568961886538
  20
22.81183545379326
  450
0
  451
0
  460
0
  461
0
  452
1
  462
1
  453
2
  463
0
  63
5
  421
255
  463
1
  63
7
  421
16777215
  470
LINEAR
  1001
ACAD
  1010
0
  1020
0
  1030
0
  0
LWPOLYLINE
  5
1264
  100
AcDbEntity
  8
Top-Paste-Mask-Layer
  100
AcDbPolyline
  90
12
  70
1
  43
0.005080010160020321
  10
26.23322326644654
  20
16.086700533401075
  10
26.23322326644654
  20
15.858735077470161
  10
25.853238506477016
  20
15.858735077470161
  10
25.853238506477016
  20
15.528737617475244
  10
26.23322326644654
  20
15.528737617475244
  10
26.23322326644654
  20
15.286700533401074
  10
26.18323596647194
  20
15.236713233426475
  10
25.393243586487177
  20
15.236713233426475
  10
25.34323088646178
  20
15.286700533401074
  10
25.34323088646178
  20
16.086700533401075
  10
25.393243586487177
  20
16.136713233426477
  10
26.18323596647194
  20
16.136713233426477
  0
HATCH
  5
1267
  100
AcDbEntity
  8
Top-Paste-Mask-Layer
  100
AcDbHatch
  10
0
  20
0
  30
0
  210
0
  220
0
  230
1
  2
SOLID
  70
1
  71
0
  91
1
  92
7
  72
0
  73
1
  93
12
  10
24.944069088138182
  20
11.400010160020326
  10
24.14406908813818
  20
11.400010160020326
  10
24.09405638811278
  20
11.349997459994928
  10
24.09405638811278
  20
11.12203200406401
  10
24.46405892811786
  20
11.12203200406401
  10
24.46405892811786
  20
10.792034544069093
  10
24.09405638811278
  20
10.792034544069093
  10
24.09405638811278
  20
10.549997459994923
  10
24.14406908813818
  20
10.500010160020324
  10
24.944069088138182
  20
10.500010160020324
  10
24.99405638811278
  20
10.549997459994923
  10
24.99405638811278
  20
11.349997459994928
  97
1
  330
1266
  75
0
  76
1
  47
0.4128176842155181
  98
1
  10
34.90568961886538
  20
22.81183545379326
  450
0
  451
0
  460
0
  461
0
  452
1
  462
1
  453
2
  463
0
  63
5
  421
255
  463
1
  63
7
  421
16777215
  470
LINEAR
  1001
ACAD
  1010
0
  1020
0
  1030
0
  0
LWPOLYLINE
  5
1266
  100
AcDbEntity
  8
Top-Paste-Mask-Layer
  100
AcDbPolyline
  90
12
  70
1
  43
0.005080010160020321
  10
24.944069088138182
  20
11.400010160020326
  10
24.14406908813818
  20
11.400010160020326
  10
24.09405638811278
  20
11.349997459994928
  10
24.09405638811278
  20
11.12203200406401
  10
24.46405892811786
  20
11.12203200406401
  10
24.46405892811786
  20
10.792034544069093
  10
24.09405638811278
  20
10.792034544069093
  10
24.09405638811278
  20
10.549997459994923
  10
24.14406908813818
  20
10.500010160020324
  10
24.944069088138182
  20
10.500010160020324
  10
24.99405638811278
  20
10.549997459994923
  10
24.99405638811278
  20
11.349997459994928
  0
HATCH
  5
1269
  100
AcDbEntity
  8
Top-Paste-Mask-Layer
  100
AcDbHatch
  10
0
  20
0
  30
0
  210
0
  220
0
  230
1
  2
SOLID
  70
1
  71
0
  91
1
  92
7
  72
0
  73
1
  93
12
  10
23.39405638811278
  20
11.349997459994928
  10
23.39405638811278
  20
11.12203200406401
  10
23.01407162814326
  20
11.12203200406401
  10
23.01407162814326
  20
10.792034544069093
  10
23.39405638811278
  20
10.792034544069093
  10
23.39405638811278
  20
10.549997459994923
  10
23.34406908813818
  20
10.500010160020324
  10
22.55407670815342
  20
10.500010160020324
  10
22.50406400812802
  20
10.549997459994923
  10
22.50406400812802
  20
11.349997459994928
  10
22.55407670815342
  20
11.400010160020326
  10
23.34406908813818
  20
11.400010160020326
  97
1
  330
1268
  75
0
  76
1
  47
0.4128176842155181
  98
1
  10
34.90568961886538
  20
22.81183545379326
  450
0
  451
0
  460
0
  461
0
  452
1
  462
1
  453
2
  463
0
  63
5
  421
255
  463
1
  63
7
  421
16777215
  470
LINEAR
  1001
ACAD
  1010
0
  1020
0
  1030
0
  0
LWPOLYLINE
  5
1268
  100
AcDbEntity
  8
Top-Paste-Mask-Layer
  100
AcDbPolyline
  90
12
  70
1
  43
0.005080010160020321
  10
23.39405638811278
  20
11.349997459994928
  10
23.39405638811278
  20
11.12203200406401
  10
23.01407162814326
  20
11.12203200406401
  10
23.01407162814326
  20
10.792034544069093
  10
23.39405638811278
  20
10.792034544069093
  10
23.39405638811278
  20
10.549997459994923
  10
23.34406908813818
  20
10.500010160020324
  10
22.55407670815342
  20
10.500010160020324
  10
22.50406400812802
  20
10.549997459994923
  10
22.50406400812802
  20
11.349997459994928
  10
22.55407670815342
  20
11.400010160020326
  10
23.34406908813818
  20
11.400010160020326
  0
HATCH
  5
1271
  100
AcDbEntity
  8
Top-Paste-Mask-Layer
  100
AcDbHatch
  10
0
  20
0
  30
0
  210
0
  220
0
  230
1
  2
SOLID
  70
1
  71
0
  91
1
  92
7
  72
0
  73
1
  93
12
  10
33.83408686817374
  20
5.5579984759969605
  10
33.034086868173745
  20
5.5579984759969605
  10
32.98407416814834
  20
5.507985775971555
  10
32.98407416814834
  20
5.2800203200406415
  10
33.354076708153414
  20
5.2800203200406415
  10
33.354076708153414
  20
4.950022860045721
  10
32.98407416814834
  20
4.950022860045721
  10
32.98407416814834
  20
4.707985775971551
  10
33.034086868173745
  20
4.657998475996955
  10
33.83408686817374
  20
4.657998475996955
  10
33.88407416814834
  20
4.707985775971551
  10
33.88407416814834
  20
5.507985775971555
  97
1
  330
1270
  75
0
  76
1
  47
0.4128176842155181
  98
1
  10
34.90568961886538
  20
22.81183545379326
  450
0
  451
0
  460
0
  461
0
  452
1
  462
1
  453
2
  463
0
  63
5
  421
255
  463
1
  63
7
  421
16777215
  470
LINEAR
  1001
ACAD
  1010
0
  1020
0
  1030
0
  0
LWPOLYLINE
  5
1270
  100
AcDbEntity
  8
Top-Paste-Mask-Layer
  100
AcDbPolyline
  90
12
  70
1
  43
0.005080010160020321
  10
33.83408686817374
  20
5.5579984759969605
  10
33.034086868173745
  20
5.5579984759969605
  10
32.98407416814834
  20
5.507985775971555
  10
32.98407416814834
  20
5.2800203200406415
  10
33.354076708153414
  20
5.2800203200406415
  10
33.354076708153414
  20
4.950022860045721
  10
32.98407416814834
  20
4.950022860045721
  10
32.98407416814834
  20
4.707985775971551
  10
33.034086868173745
  20
4.657998475996955
  10
33.83408686817374
  20
4.657998475996955
  10
33.88407416814834
  20
4.707985775971551
  10
33.88407416814834
  20
5.507985775971555
  0
HATCH
  5
1273
  100
AcDbEntity
  8
Top-Paste-Mask-Layer
  100
AcDbHatch
  10
0
  20
0
  30
0
  210
0
  220
0
  230
1
  2
SOLID
  70
1
  71
0
  91
1
  92
7
  72
0
  73
1
  93
12
  10
32.28407416814834
  20
5.507985775971555
  10
32.28407416814834
  20
5.2800203200406415
  10
31.904089408178823
  20
5.2800203200406415
  10
31.904089408178823
  20
4.950022860045721
  10
32.28407416814834
  20
4.950022860045721
  10
32.28407416814834
  20
4.707985775971551
  10
32.23408686817373
  20
4.657998475996955
  10
31.444094488188984
  20
4.657998475996955
  10
31.39408178816358
  20
4.707985775971551
  10
31.39408178816358
  20
5.507985775971555
  10
31.444094488188984
  20
5.5579984759969605
  10
32.23408686817373
  20
5.5579984759969605
  97
1
  330
1272
  75
0
  76
1
  47
0.4128176842155181
  98
1
  10
34.90568961886538
  20
22.81183545379326
  450
0
  451
0
  460
0
  461
0
  452
1
  462
1
  453
2
  463
0
  63
5
  421
255
  463
1
  63
7
  421
16777215
  470
LINEAR
  1001
ACAD
  1010
0
  1020
0
  1030
0
  0
LWPOLYLINE
  5
1272
  100
AcDbEntity
  8
Top-Paste-Mask-Layer
  100
AcDbPolyline
  90
12
  70
1
  43
0.005080010160020321
  10
32.28407416814834
  20
5.507985775971555
  10
32.28407416814834
  20
5.2800203200406415
  10
31.904089408178823
  20
5.2800203200406415
  10
31.904089408178823
  20
4.950022860045721
  10
32.28407416814834
  20
4.950022860045721
  10
32.28407416814834
  20
4.707985775971551
  10
32.23408686817373
  20
4.657998475996955
  10
31.444094488188984
  20
4.657998475996955
  10
31.39408178816358
  20
4.707985775971551
  10
31.39408178816358
  20
5.507985775971555
  10
31.444094488188984
  20
5.5579984759969605
  10
32.23408686817373
  20
5.5579984759969605
  0
HATCH
  5
1275
  100
AcDbEntity
  8
Top-Paste-Mask-Layer
  100
AcDbHatch
  10
0
  20
0
  30
0
  210
0
  220
0
  230
1
  2
SOLID
  70
1
  71
0
  91
1
  92
7
  72
0
  73
1
  93
12
  10
31.44404368808738
  20
6.182026924053851
  10
32.24404368808737
  20
6.182026924053851
  10
32.29405638811277
  20
6.232039624079249
  10
32.29405638811277
  20
6.460005080010163
  10
31.9240538481077
  20
6.460005080010163
  10
31.9240538481077
  20
6.790002540005091
  10
32.29405638811277
  20
6.790002540005091
  10
32.29405638811278
  20
7.032039624079253
  10
32.24404368808737
  20
7.0820269240538565
  10
31.44404368808738
  20
7.0820269240538565
  10
31.394056388112784
  20
7.032039624079253
  10
31.394056388112784
  20
6.232039624079249
  97
1
  330
1274
  75
0
  76
1
  47
0.4128176842155181
  98
1
  10
34.90568961886538
  20
22.81183545379326
  450
0
  451
0
  460
0
  461
0
  452
1
  462
1
  453
2
  463
0
  63
5
  421
255
  463
1
  63
7
  421
16777215
  470
LINEAR
  1001
ACAD
  1010
0
  1020
0
  1030
0
  0
LWPOLYLINE
  5
1274
  100
AcDbEntity
  8
Top-Paste-Mask-Layer
  100
AcDbPolyline
  90
12
  70
1
  43
0.005080010160020321
  10
31.44404368808738
  20
6.182026924053851
  10
32.24404368808737
  20
6.182026924053851
  10
32.29405638811277
  20
6.232039624079249
  10
32.29405638811277
  20
6.460005080010163
  10
31.9240538481077
  20
6.460005080010163
  10
31.9240538481077
  20
6.790002540005091
  10
32.29405638811277
  20
6.790002540005091
  10
32.29405638811278
  20
7.032039624079253
  10
32.24404368808737
  20
7.0820269240538565
  10
31.44404368808738
  20
7.0820269240538565
  10
31.394056388112784
  20
7.032039624079253
  10
31.394056388112784
  20
6.232039624079249
  0
HATCH
  5
1277
  100
AcDbEntity
  8
Top-Paste-Mask-Layer
  100
AcDbHatch
  10
0
  20
0
  30
0
  210
0
  220
0
  230
1
  2
SOLID
  70
1
  71
0
  91
1
  92
7
  72
0
  73
1
  93
12
  10
33.83408686817374
  20
7.082001524003054
  10
33.034086868173745
  20
7.082001524003054
  10
32.98407416814834
  20
7.031988823977656
  10
32.98407416814834
  20
6.804023368046742
  10
33.354076708153414
  20
6.804023368046742
  10
33.354076708153414
  20
6.474025908051814
  10
32.98407416814834
  20
6.474025908051814
  10
32.98407416814833
  20
6.231988823977645
  10
33.034086868173745
  20
6.182001524003049
  10
33.83408686817374
  20
6.182001524003049
  10
33.88407416814834
  20
6.231988823977645
  10
33.88407416814834
  20
7.031988823977656
  97
1
  330
1276
  75
0
  76
1
  47
0.4128176842155181
  98
1
  10
34.90568961886538
  20
22.81183545379326
  450
0
  451
0
  460
0
  461
0
  452
1
  462
1
  453
2
  463
0
  63
5
  421
255
  463
1
  63
7
  421
16777215
  470
LINEAR
  1001
ACAD
  1010
0
  1020
0
  1030
0
  0
LWPOLYLINE
  5
1276
  100
AcDbEntity
  8
Top-Paste-Mask-Layer
  100
AcDbPolyline
  90
12
  70
1
  43
0.005080010160020321
  10
33.83408686817374
  20
7.082001524003054
  10
33.034086868173745
  20
7.082001524003054
  10
32.98407416814834
  20
7.031988823977656
  10
32.98407416814834
  20
6.804023368046742
  10
33.354076708153414
  20
6.804023368046742
  10
33.354076708153414
  20
6.474025908051814
  10
32.98407416814834
  20
6.474025908051814
  10
32.98407416814833
  20
6.231988823977645
  10
33.034086868173745
  20
6.182001524003049
  10
33.83408686817374
  20
6.182001524003049
  10
33.88407416814834
  20
6.231988823977645
  10
33.88407416814834
  20
7.031988823977656
  0
HATCH
  5
1279
  100
AcDbEntity
  8
Top-Paste-Mask-Layer
  100
AcDbHatch
  10
0
  20
0
  30
0
  210
0
  220
0
  230
1
  2
SOLID
  70
1
  71
0
  91
1
  92
7
  72
0
  73
1
  93
4
  10
55.949110998222
  20
7.821041402082798
  10
55.049110998222
  20
7.821041402082798
  10
55.049110998222
  20
8.621041402082803
  10
55.949110998222
  20
8.621041402082803
  97
1
  330
1278
  75
0
  76
1
  47
0.4128176842155181
  98
1
  10
34.90568961886538
  20
22.81183545379326
  450
0
  451
0
  460
0
  461
0
  452
1
  462
1
  453
2
  463
0
  63
5
  421
255
  463
1
  63
7
  421
16777215
  470
LINEAR
  1001
ACAD
  1010
0
  1020
0
  1030
0
  0
LWPOLYLINE
  5
1278
  100
AcDbEntity
  8
Top-Paste-Mask-Layer
  100
AcDbPolyline
  90
4
  70
1
  43
0
  10
55.949110998222
  20
7.821041402082798
  10
55.049110998222
  20
7.821041402082798
  10
55.049110998222
  20
8.621041402082803
  10
55.949110998222
  20
8.621041402082803
  0
HATCH
  5
1281
  100
AcDbEntity
  8
Top-Paste-Mask-Layer
  100
AcDbHatch
  10
0
  20
0
  30
0
  210
0
  220
0
  230
1
  2
SOLID
  70
1
  71
0
  91
1
  92
7
  72
0
  73
1
  93
4
  10
55.949110998222
  20
6.4209906019812095
  10
55.049110998222005
  20
6.4209906019812095
  10
55.049110998222005
  20
7.220990601981221
  10
55.949110998222
  20
7.220990601981221
  97
1
  330
1280
  75
0
  76
1
  47
0.4128176842155181
  98
1
  10
34.90568961886538
  20
22.81183545379326
  450
0
  451
0
  460
0
  461
0
  452
1
  462
1
  453
2
  463
0
  63
5
  421
255
  463
1
  63
7
  421
16777215
  470
LINEAR
  1001
ACAD
  1010
0
  1020
0
  1030
0
  0
LWPOLYLINE
  5
1280
  100
AcDbEntity
  8
Top-Paste-Mask-Layer
  100
AcDbPolyline
  90
4
  70
1
  43
0
  10
55.949110998222
  20
6.4209906019812095
  10
55.049110998222005
  20
6.4209906019812095
  10
55.049110998222005
  20
7.220990601981221
  10
55.949110998222
  20
7.220990601981221
  0
HATCH
  5
1283
  100
AcDbEntity
  8
Top-Paste-Mask-Layer
  100
AcDbHatch
  10
0
  20
0
  30
0
  210
0
  220
0
  230
1
  2
SOLID
  70
1
  71
0
  91
1
  92
7
  72
0
  73
1
  93
4
  10
53.630073660147325
  20
8.275016510033034
  10
53.630073660147325
  20
7.275016510033026
  10
50.57007874015749
  20
7.275016510033026
  10
50.57007874015749
  20
8.275016510033034
  97
1
  330
1282
  75
0
  76
1
  47
0.4128176842155181
  98
1
  10
34.90568961886538
  20
22.81183545379326
  450
0
  451
0
  460
0
  461
0
  452
1
  462
1
  453
2
  463
0
  63
5
  421
255
  463
1
  63
7
  421
16777215
  470
LINEAR
  1001
ACAD
  1010
0
  1020
0
  1030
0
  0
LWPOLYLINE
  5
1282
  100
AcDbEntity
  8
Top-Paste-Mask-Layer
  100
AcDbPolyline
  90
4
  70
1
  43
0
  10
53.630073660147325
  20
8.275016510033034
  10
53.630073660147325
  20
7.275016510033026
  10
50.57007874015749
  20
7.275016510033026
  10
50.57007874015749
  20
8.275016510033034
  0
HATCH
  5
1285
  100
AcDbEntity
  8
Top-Paste-Mask-Layer
  100
AcDbHatch
  10
0
  20
0
  30
0
  210
0
  220
0
  230
1
  2
SOLID
  70
1
  71
0
  91
1
  92
7
  72
0
  73
1
  93
4
  10
48.49011938023877
  20
8.275016510033034
  10
48.49011938023877
  20
7.275016510033026
  10
45.43012446024893
  20
7.275016510033026
  10
45.43012446024893
  20
8.275016510033034
  97
1
  330
1284
  75
0
  76
1
  47
0.4128176842155181
  98
1
  10
34.90568961886538
  20
22.81183545379326
  450
0
  451
0
  460
0
  461
0
  452
1
  462
1
  453
2
  463
0
  63
5
  421
255
  463
1
  63
7
  421
16777215
  470
LINEAR
  1001
ACAD
  1010
0
  1020
0
  1030
0
  0
LWPOLYLINE
  5
1284
  100
AcDbEntity
  8
Top-Paste-Mask-Layer
  100
AcDbPolyline
  90
4
  70
1
  43
0
  10
48.49011938023877
  20
8.275016510033034
  10
48.49011938023877
  20
7.275016510033026
  10
45.43012446024893
  20
7.275016510033026
  10
45.43012446024893
  20
8.275016510033034
  0
HATCH
  5
1287
  100
AcDbEntity
  8
Top-Paste-Mask-Layer
  100
AcDbHatch
  10
0
  20
0
  30
0
  210
0
  220
0
  230
1
  2
SOLID
  70
1
  71
0
  91
1
  92
7
  72
0
  73
1
  93
4
  10
44.623114046228096
  20
10.119022098044201
  10
44.623114046228096
  20
11.0190220980442
  10
45.4231140462281
  20
11.0190220980442
  10
45.4231140462281
  20
10.119022098044201
  97
1
  330
1286
  75
0
  76
1
  47
0.4128176842155181
  98
1
  10
34.90568961886538
  20
22.81183545379326
  450
0
  451
0
  460
0
  461
0
  452
1
  462
1
  453
2
  463
0
  63
5
  421
255
  463
1
  63
7
  421
16777215
  470
LINEAR
  1001
ACAD
  1010
0
  1020
0
  1030
0
  0
LWPOLYLINE
  5
1286
  100
AcDbEntity
  8
Top-Paste-Mask-Layer
  100
AcDbPolyline
  90
4
  70
1
  43
0
  10
44.623114046228096
  20
10.119022098044201
  10
44.623114046228096
  20
11.0190220980442
  10
45.4231140462281
  20
11.0190220980442
  10
45.4231140462281
  20
10.119022098044201
  0
HATCH
  5
1289
  100
AcDbEntity
  8
Top-Paste-Mask-Layer
  100
AcDbHatch
  10
0
  20
0
  30
0
  210
0
  220
0
  230
1
  2
SOLID
  70
1
  71
0
  91
1
  92
7
  72
0
  73
1
  93
4
  10
43.22306324612649
  20
10.119022098044201
  10
43.22306324612649
  20
11.0190220980442
  10
44.0230632461265
  20
11.0190220980442
  10
44.0230632461265
  20
10.119022098044201
  97
1
  330
1288
  75
0
  76
1
  47
0.4128176842155181
  98
1
  10
34.90568961886538
  20
22.81183545379326
  450
0
  451
0
  460
0
  461
0
  452
1
  462
1
  453
2
  463
0
  63
5
  421
255
  463
1
  63
7
  421
16777215
  470
LINEAR
  1001
ACAD
  1010
0
  1020
0
  1030
0
  0
LWPOLYLINE
  5
1288
  100
AcDbEntity
  8
Top-Paste-Mask-Layer
  100
AcDbPolyline
  90
4
  70
1
  43
0
  10
43.22306324612649
  20
10.119022098044201
  10
43.22306324612649
  20
11.0190220980442
  10
44.0230632461265
  20
11.0190220980442
  10
44.0230632461265
  20
10.119022098044201
  0
HATCH
  5
1291
  100
AcDbEntity
  8
Top-Paste-Mask-Layer
  100
AcDbHatch
  10
0
  20
0
  30
0
  210
0
  220
0
  230
1
  2
SOLID
  70
1
  71
0
  91
1
  92
7
  72
0
  73
1
  93
4
  10
44.02306324612649
  20
6.955013970027949
  10
44.02306324612649
  20
6.05501397002795
  10
43.223063246126486
  20
6.05501397002795
  10
43.223063246126486
  20
6.955013970027949
  97
1
  330
1290
  75
0
  76
1
  47
0.4128176842155181
  98
1
  10
34.90568961886538
  20
22.81183545379326
  450
0
  451
0
  460
0
  461
0
  452
1
  462
1
  453
2
  463
0
  63
5
  421
255
  463
1
  63
7
  421
16777215
  470
LINEAR
  1001
ACAD
  1010
0
  1020
0
  1030
0
  0
LWPOLYLINE
  5
1290
  100
AcDbEntity
  8
Top-Paste-Mask-Layer
  100
AcDbPolyline
  90
4
  70
1
  43
0
  10
44.02306324612649
  20
6.955013970027949
  10
44.02306324612649
  20
6.05501397002795
  10
43.223063246126486
  20
6.05501397002795
  10
43.223063246126486
  20
6.955013970027949
  0
HATCH
  5
1293
  100
AcDbEntity
  8
Top-Paste-Mask-Layer
  100
AcDbHatch
  10
0
  20
0
  30
0
  210
0
  220
0
  230
1
  2
SOLID
  70
1
  71
0
  91
1
  92
7
  72
0
  73
1
  93
4
  10
45.42311404622809
  20
6.955013970027949
  10
45.42311404622809
  20
6.05501397002795
  10
44.62311404622809
  20
6.05501397002795
  10
44.62311404622809
  20
6.955013970027949
  97
1
  330
1292
  75
0
  76
1
  47
0.4128176842155181
  98
1
  10
34.90568961886538
  20
22.81183545379326
  450
0
  451
0
  460
0
  461
0
  452
1
  462
1
  453
2
  463
0
  63
5
  421
255
  463
1
  63
7
  421
16777215
  470
LINEAR
  1001
ACAD
  1010
0
  1020
0
  1030
0
  0
LWPOLYLINE
  5
1292
  100
AcDbEntity
  8
Top-Paste-Mask-Layer
  100
AcDbPolyline
  90
4
  70
1
  43
0
  10
45.42311404622809
  20
6.955013970027949
  10
45.42311404622809
  20
6.05501397002795
  10
44.62311404622809
  20
6.05501397002795
  10
44.62311404622809
  20
6.955013970027949
  0
HATCH
  5
1295
  100
AcDbEntity
  8
Top-Paste-Mask-Layer
  100
AcDbHatch
  10
0
  20
0
  30
0
  210
0
  220
0
  230
1
  2
SOLID
  70
1
  71
0
  91
1
  92
7
  72
0
  73
1
  93
4
  10
32.93909067818136
  20
10.500022860045725
  10
32.93909067818136
  20
11.400022860045723
  10
33.73909067818136
  20
11.400022860045723
  10
33.73909067818136
  20
10.500022860045725
  97
1
  330
1294
  75
0
  76
1
  47
0.4128176842155181
  98
1
  10
34.90568961886538
  20
22.81183545379326
  450
0
  451
0
  460
0
  461
0
  452
1
  462
1
  453
2
  463
0
  63
5
  421
255
  463
1
  63
7
  421
16777215
  470
LINEAR
  1001
ACAD
  1010
0
  1020
0
  1030
0
  0
LWPOLYLINE
  5
1294
  100
AcDbEntity
  8
Top-Paste-Mask-Layer
  100
AcDbPolyline
  90
4
  70
1
  43
0
  10
32.93909067818136
  20
10.500022860045725
  10
32.93909067818136
  20
11.400022860045723
  10
33.73909067818136
  20
11.400022860045723
  10
33.73909067818136
  20
10.500022860045725
  0
HATCH
  5
1297
  100
AcDbEntity
  8
Top-Paste-Mask-Layer
  100
AcDbHatch
  10
0
  20
0
  30
0
  210
0
  220
0
  230
1
  2
SOLID
  70
1
  71
0
  91
1
  92
7
  72
0
  73
1
  93
4
  10
31.53903987807976
  20
10.500022860045725
  10
31.53903987807976
  20
11.400022860045723
  10
32.33903987807976
  20
11.400022860045723
  10
32.33903987807976
  20
10.500022860045725
  97
1
  330
1296
  75
0
  76
1
  47
0.4128176842155181
  98
1
  10
34.90568961886538
  20
22.81183545379326
  450
0
  451
0
  460
0
  461
0
  452
1
  462
1
  453
2
  463
0
  63
5
  421
255
  463
1
  63
7
  421
16777215
  470
LINEAR
  1001
ACAD
  1010
0
  1020
0
  1030
0
  0
LWPOLYLINE
  5
1296
  100
AcDbEntity
  8
Top-Paste-Mask-Layer
  100
AcDbPolyline
  90
4
  70
1
  43
0
  10
31.53903987807976
  20
10.500022860045725
  10
31.53903987807976
  20
11.400022860045723
  10
32.33903987807976
  20
11.400022860045723
  10
32.33903987807976
  20
10.500022860045725
  0
HATCH
  5
1299
  100
AcDbEntity
  8
Top-Paste-Mask-Layer
  100
AcDbHatch
  10
0
  20
0
  30
0
  210
0
  220
0
  230
1
  2
SOLID
  70
1
  71
0
  91
1
  92
7
  72
0
  73
1
  93
8
  10
34.970027940055886
  20
12.343977647955299
  10
34.8184679951213
  20
12.43148082296165
  10
34.8184679951213
  20
12.606487172974347
  10
34.970027940055886
  20
12.693990347980698
  10
36.42900685801372
  20
12.693990347980698
  10
36.58056680294831
  20
12.606487172974347
  10
36.58056680294831
  20
12.43148082296165
  10
36.42900685801372
  20
12.343977647955299
  97
1
  330
1298
  75
0
  76
1
  47
0.4128176842155181
  98
1
  10
34.90568961886538
  20
22.81183545379326
  450
0
  451
0
  460
0
  461
0
  452
1
  462
1
  453
2
  463
0
  63
5
  421
255
  463
1
  63
7
  421
16777215
  470
LINEAR
  1001
ACAD
  1010
0
  1020
0
  1030
0
  0
LWPOLYLINE
  5
1298
  100
AcDbEntity
  8
Top-Paste-Mask-Layer
  100
AcDbPolyline
  90
8
  70
1
  43
0
  10
34.970027940055886
  20
12.343977647955299
  10
34.8184679951213
  20
12.43148082296165
  10
34.8184679951213
  20
12.606487172974347
  10
34.970027940055886
  20
12.693990347980698
  10
36.42900685801372
  20
12.693990347980698
  10
36.58056680294831
  20
12.606487172974347
  10
36.58056680294831
  20
12.43148082296165
  10
36.42900685801372
  20
12.343977647955299
  0
HATCH
  5
1301
  100
AcDbEntity
  8
Top-Paste-Mask-Layer
  100
AcDbHatch
  10
0
  20
0
  30
0
  210
0
  220
0
  230
1
  2
SOLID
  70
1
  71
0
  91
1
  92
7
  72
0
  73
1
  93
8
  10
34.97002794005588
  20
11.693990347980701
  10
34.818467995121296
  20
11.781493522987049
  10
34.818467995121296
  20
11.95649987299975
  10
34.97002794005588
  20
12.044003048006097
  10
36.429006858013715
  20
12.044003048006097
  10
36.580566802948304
  20
11.95649987299975
  10
36.580566802948304
  20
11.781493522987049
  10
36.429006858013715
  20
11.693990347980701
  97
1
  330
1300
  75
0
  76
1
  47
0.4128176842155181
  98
1
  10
34.90568961886538
  20
22.81183545379326
  450
0
  451
0
  460
0
  461
0
  452
1
  462
1
  453
2
  463
0
  63
5
  421
255
  463
1
  63
7
  421
16777215
  470
LINEAR
  1001
ACAD
  1010
0
  1020
0
  1030
0
  0
LWPOLYLINE
  5
1300
  100
AcDbEntity
  8
Top-Paste-Mask-Layer
  100
AcDbPolyline
  90
8
  70
1
  43
0
  10
34.97002794005588
  20
11.693990347980701
  10
34.818467995121296
  20
11.781493522987049
  10
34.818467995121296
  20
11.95649987299975
  10
34.97002794005588
  20
12.044003048006097
  10
36.429006858013715
  20
12.044003048006097
  10
36.580566802948304
  20
11.95649987299975
  10
36.580566802948304
  20
11.781493522987049
  10
36.429006858013715
  20
11.693990347980701
  0
HATCH
  5
1303
  100
AcDbEntity
  8
Top-Paste-Mask-Layer
  100
AcDbHatch
  10
0
  20
0
  30
0
  210
0
  220
0
  230
1
  2
SOLID
  70
1
  71
0
  91
1
  92
7
  72
0
  73
1
  93
8
  10
34.970027940055886
  20
11.0440030480061
  10
34.8184679951213
  20
11.131506223012451
  10
34.8184679951213
  20
11.306512573025149
  10
34.970027940055886
  20
11.3940157480315
  10
36.42900685801372
  20
11.3940157480315
  10
36.58056680294831
  20
11.306512573025149
  10
36.58056680294831
  20
11.131506223012451
  10
36.42900685801372
  20
11.0440030480061
  97
1
  330
1302
  75
0
  76
1
  47
0.4128176842155181
  98
1
  10
34.90568961886538
  20
22.81183545379326
  450
0
  451
0
  460
0
  461
0
  452
1
  462
1
  453
2
  463
0
  63
5
  421
255
  463
1
  63
7
  421
16777215
  470
LINEAR
  1001
ACAD
  1010
0
  1020
0
  1030
0
  0
LWPOLYLINE
  5
1302
  100
AcDbEntity
  8
Top-Paste-Mask-Layer
  100
AcDbPolyline
  90
8
  70
1
  43
0
  10
34.970027940055886
  20
11.0440030480061
  10
34.8184679951213
  20
11.131506223012451
  10
34.8184679951213
  20
11.306512573025149
  10
34.970027940055886
  20
11.3940157480315
  10
36.42900685801372
  20
11.3940157480315
  10
36.58056680294831
  20
11.306512573025149
  10
36.58056680294831
  20
11.131506223012451
  10
36.42900685801372
  20
11.0440030480061
  0
HATCH
  5
1305
  100
AcDbEntity
  8
Top-Paste-Mask-Layer
  100
AcDbHatch
  10
0
  20
0
  30
0
  210
0
  220
0
  230
1
  2
SOLID
  70
1
  71
0
  91
1
  92
7
  72
0
  73
1
  93
8
  10
34.97002794005588
  20
10.394015748031503
  10
34.818467995121296
  20
10.48151892303785
  10
34.818467995121296
  20
10.656525273050548
  10
34.97002794005588
  20
10.744028448056898
  10
36.429006858013715
  20
10.744028448056898
  10
36.580566802948304
  20
10.656525273050548
  10
36.580566802948304
  20
10.48151892303785
  10
36.429006858013715
  20
10.394015748031503
  97
1
  330
1304
  75
0
  76
1
  47
0.4128176842155181
  98
1
  10
34.90568961886538
  20
22.81183545379326
  450
0
  451
0
  460
0
  461
0
  452
1
  462
1
  453
2
  463
0
  63
5
  421
255
  463
1
  63
7
  421
16777215
  470
LINEAR
  1001
ACAD
  1010
0
  1020
0
  1030
0
  0
LWPOLYLINE
  5
1304
  100
AcDbEntity
  8
Top-Paste-Mask-Layer
  100
AcDbPolyline
  90
8
  70
1
  43
0
  10
34.97002794005588
  20
10.394015748031503
  10
34.818467995121296
  20
10.48151892303785
  10
34.818467995121296
  20
10.656525273050548
  10
34.97002794005588
  20
10.744028448056898
  10
36.429006858013715
  20
10.744028448056898
  10
36.580566802948304
  20
10.656525273050548
  10
36.580566802948304
  20
10.48151892303785
  10
36.429006858013715
  20
10.394015748031503
  0
HATCH
  5
1307
  100
AcDbEntity
  8
Top-Paste-Mask-Layer
  100
AcDbHatch
  10
0
  20
0
  30
0
  210
0
  220
0
  230
1
  2
SOLID
  70
1
  71
0
  91
1
  92
7
  72
0
  73
1
  93
8
  10
34.970027940055886
  20
9.744028448056902
  10
34.8184679951213
  20
9.831531623063253
  10
34.8184679951213
  20
10.00653797307595
  10
34.970027940055886
  20
10.094041148082297
  10
36.42900685801372
  20
10.094041148082297
  10
36.58056680294831
  20
10.00653797307595
  10
36.58056680294831
  20
9.831531623063253
  10
36.42900685801372
  20
9.744028448056902
  97
1
  330
1306
  75
0
  76
1
  47
0.4128176842155181
  98
1
  10
34.90568961886538
  20
22.81183545379326
  450
0
  451
0
  460
0
  461
0
  452
1
  462
1
  453
2
  463
0
  63
5
  421
255
  463
1
  63
7
  421
16777215
  470
LINEAR
  1001
ACAD
  1010
0
  1020
0
  1030
0
  0
LWPOLYLINE
  5
1306
  100
AcDbEntity
  8
Top-Paste-Mask-Layer
  100
AcDbPolyline
  90
8
  70
1
  43
0
  10
34.970027940055886
  20
9.744028448056902
  10
34.8184679951213
  20
9.831531623063253
  10
34.8184679951213
  20
10.00653797307595
  10
34.970027940055886
  20
10.094041148082297
  10
36.42900685801372
  20
10.094041148082297
  10
36.58056680294831
  20
10.00653797307595
  10
36.58056680294831
  20
9.831531623063253
  10
36.42900685801372
  20
9.744028448056902
  0
HATCH
  5
1309
  100
AcDbEntity
  8
Top-Paste-Mask-Layer
  100
AcDbHatch
  10
0
  20
0
  30
0
  210
0
  220
0
  230
1
  2
SOLID
  70
1
  71
0
  91
1
  92
7
  72
0
  73
1
  93
8
  10
34.97002794005587
  20
9.094041148082304
  10
34.81846799512129
  20
9.181544323088652
  10
34.81846799512129
  20
9.35655067310135
  10
34.97002794005587
  20
9.4440538481077
  10
36.429006858013715
  20
9.4440538481077
  10
36.580566802948304
  20
9.35655067310135
  10
36.580566802948304
  20
9.181544323088652
  10
36.429006858013715
  20
9.094041148082304
  97
1
  330
1308
  75
0
  76
1
  47
0.4128176842155181
  98
1
  10
34.90568961886538
  20
22.81183545379326
  450
0
  451
0
  460
0
  461
0
  452
1
  462
1
  453
2
  463
0
  63
5
  421
255
  463
1
  63
7
  421
16777215
  470
LINEAR
  1001
ACAD
  1010
0
  1020
0
  1030
0
  0
LWPOLYLINE
  5
1308
  100
AcDbEntity
  8
Top-Paste-Mask-Layer
  100
AcDbPolyline
  90
8
  70
1
  43
0
  10
34.97002794005587
  20
9.094041148082304
  10
34.81846799512129
  20
9.181544323088652
  10
34.81846799512129
  20
9.35655067310135
  10
34.97002794005587
  20
9.4440538481077
  10
36.429006858013715
  20
9.4440538481077
  10
36.580566802948304
  20
9.35655067310135
  10
36.580566802948304
  20
9.181544323088652
  10
36.429006858013715
  20
9.094041148082304
  0
HATCH
  5
1311
  100
AcDbEntity
  8
Top-Paste-Mask-Layer
  100
AcDbHatch
  10
0
  20
0
  30
0
  210
0
  220
0
  230
1
  2
SOLID
  70
1
  71
0
  91
1
  92
7
  72
0
  73
1
  93
8
  10
34.970027940055886
  20
8.444053848107707
  10
34.8184679951213
  20
8.531557023114047
  10
34.8184679951213
  20
8.706563373126748
  10
34.970027940055886
  20
8.794066548133102
  10
36.42900685801372
  20
8.794066548133102
  10
36.58056680294831
  20
8.706563373126748
  10
36.58056680294831
  20
8.531557023114047
  10
36.42900685801372
  20
8.444053848107707
  97
1
  330
1310
  75
0
  76
1
  47
0.4128176842155181
  98
1
  10
34.90568961886538
  20
22.81183545379326
  450
0
  451
0
  460
0
  461
0
  452
1
  462
1
  453
2
  463
0
  63
5
  421
255
  463
1
  63
7
  421
16777215
  470
LINEAR
  1001
ACAD
  1010
0
  1020
0
  1030
0
  0
LWPOLYLINE
  5
1310
  100
AcDbEntity
  8
Top-Paste-Mask-Layer
  100
AcDbPolyline
  90
8
  70
1
  43
0
  10
34.970027940055886
  20
8.444053848107707
  10
34.8184679951213
  20
8.531557023114047
  10
34.8184679951213
  20
8.706563373126748
  10
34.970027940055886
  20
8.794066548133102
  10
36.42900685801372
  20
8.794066548133102
  10
36.58056680294831
  20
8.706563373126748
  10
36.58056680294831
  20
8.531557023114047
  10
36.42900685801372
  20
8.444053848107707
  0
HATCH
  5
1313
  100
AcDbEntity
  8
Top-Paste-Mask-Layer
  100
AcDbHatch
  10
0
  20
0
  30
0
  210
0
  220
0
  230
1
  2
SOLID
  70
1
  71
0
  91
1
  92
7
  72
0
  73
1
  93
8
  10
40.27914655829312
  20
12.343977647955303
  10
40.12758661335854
  20
12.431480822961653
  10
40.12758661335854
  20
12.60648717297435
  10
40.27914655829312
  20
12.693990347980701
  10
41.738125476250964
  20
12.693990347980701
  10
41.889685421185554
  20
12.60648717297435
  10
41.889685421185554
  20
12.431480822961653
  10
41.738125476250964
  20
12.343977647955303
  97
1
  330
1312
  75
0
  76
1
  47
0.4128176842155181
  98
1
  10
34.90568961886538
  20
22.81183545379326
  450
0
  451
0
  460
0
  461
0
  452
1
  462
1
  453
2
  463
0
  63
5
  421
255
  463
1
  63
7
  421
16777215
  470
LINEAR
  1001
ACAD
  1010
0
  1020
0
  1030
0
  0
LWPOLYLINE
  5
1312
  100
AcDbEntity
  8
Top-Paste-Mask-Layer
  100
AcDbPolyline
  90
8
  70
1
  43
0
  10
40.27914655829312
  20
12.343977647955303
  10
40.12758661335854
  20
12.431480822961653
  10
40.12758661335854
  20
12.60648717297435
  10
40.27914655829312
  20
12.693990347980701
  10
41.738125476250964
  20
12.693990347980701
  10
41.889685421185554
  20
12.60648717297435
  10
41.889685421185554
  20
12.431480822961653
  10
41.738125476250964
  20
12.343977647955303
  0
HATCH
  5
1315
  100
AcDbEntity
  8
Top-Paste-Mask-Layer
  100
AcDbHatch
  10
0
  20
0
  30
0
  210
0
  220
0
  230
1
  2
SOLID
  70
1
  71
0
  91
1
  92
7
  72
0
  73
1
  93
8
  10
40.279146558293114
  20
11.693990347980701
  10
40.127586613358524
  20
11.781493522987049
  10
40.127586613358524
  20
11.95649987299975
  10
40.279146558293114
  20
12.044003048006097
  10
41.73812547625095
  20
12.044003048006097
  10
41.88968542118554
  20
11.95649987299975
  10
41.88968542118554
  20
11.781493522987049
  10
41.73812547625095
  20
11.693990347980701
  97
1
  330
1314
  75
0
  76
1
  47
0.4128176842155181
  98
1
  10
34.90568961886538
  20
22.81183545379326
  450
0
  451
0
  460
0
  461
0
  452
1
  462
1
  453
2
  463
0
  63
5
  421
255
  463
1
  63
7
  421
16777215
  470
LINEAR
  1001
ACAD
  1010
0
  1020
0
  1030
0
  0
LWPOLYLINE
  5
1314
  100
AcDbEntity
  8
Top-Paste-Mask-Layer
  100
AcDbPolyline
  90
8
  70
1
  43
0
  10
40.279146558293114
  20
11.693990347980701
  10
40.127586613358524
  20
11.781493522987049
  10
40.127586613358524
  20
11.95649987299975
  10
40.279146558293114
  20
12.044003048006097
  10
41.73812547625095
  20
12.044003048006097
  10
41.88968542118554
  20
11.95649987299975
  10
41.88968542118554
  20
11.781493522987049
  10
41.73812547625095
  20
11.693990347980701
  0
HATCH
  5
1317
  100
AcDbEntity
  8
Top-Paste-Mask-Layer
  100
AcDbHatch
  10
0
  20
0
  30
0
  210
0
  220
0
  230
1
  2
SOLID
  70
1
  71
0
  91
1
  92
7
  72
0
  73
1
  93
8
  10
40.27914655829312
  20
11.0440030480061
  10
40.12758661335854
  20
11.131506223012451
  10
40.12758661335854
  20
11.306512573025149
  10
40.27914655829312
  20
11.3940157480315
  10
41.73812547625096
  20
11.3940157480315
  10
41.88968542118555
  20
11.306512573025149
  10
41.88968542118555
  20
11.131506223012451
  10
41.73812547625096
  20
11.0440030480061
  97
1
  330
1316
  75
0
  76
1
  47
0.4128176842155181
  98
1
  10
34.90568961886538
  20
22.81183545379326
  450
0
  451
0
  460
0
  461
0
  452
1
  462
1
  453
2
  463
0
  63
5
  421
255
  463
1
  63
7
  421
16777215
  470
LINEAR
  1001
ACAD
  1010
0
  1020
0
  1030
0
  0
LWPOLYLINE
  5
1316
  100
AcDbEntity
  8
Top-Paste-Mask-Layer
  100
AcDbPolyline
  90
8
  70
1
  43
0
  10
40.27914655829312
  20
11.0440030480061
  10
40.12758661335854
  20
11.131506223012451
  10
40.12758661335854
  20
11.306512573025149
  10
40.27914655829312
  20
11.3940157480315
  10
41.73812547625096
  20
11.3940157480315
  10
41.88968542118555
  20
11.306512573025149
  10
41.88968542118555
  20
11.131506223012451
  10
41.73812547625096
  20
11.0440030480061
  0
HATCH
  5
1319
  100
AcDbEntity
  8
Top-Paste-Mask-Layer
  100
AcDbHatch
  10
0
  20
0
  30
0
  210
0
  220
0
  230
1
  2
SOLID
  70
1
  71
0
  91
1
  92
7
  72
0
  73
1
  93
8
  10
40.279146558293114
  20
10.394015748031503
  10
40.127586613358524
  20
10.48151892303785
  10
40.127586613358524
  20
10.656525273050548
  10
40.279146558293114
  20
10.744028448056898
  10
41.73812547625095
  20
10.744028448056898
  10
41.88968542118554
  20
10.656525273050548
  10
41.88968542118554
  20
10.48151892303785
  10
41.73812547625095
  20
10.394015748031503
  97
1
  330
1318
  75
0
  76
1
  47
0.4128176842155181
  98
1
  10
34.90568961886538
  20
22.81183545379326
  450
0
  451
0
  460
0
  461
0
  452
1
  462
1
  453
2
  463
0
  63
5
  421
255
  463
1
  63
7
  421
16777215
  470
LINEAR
  1001
ACAD
  1010
0
  1020
0
  1030
0
  0
LWPOLYLINE
  5
1318
  100
AcDbEntity
  8
Top-Paste-Mask-Layer
  100
AcDbPolyline
  90
8
  70
1
  43
0
  10
40.279146558293114
  20
10.394015748031503
  10
40.127586613358524
  20
10.48151892303785
  10
40.127586613358524
  20
10.656525273050548
  10
40.279146558293114
  20
10.744028448056898
  10
41.73812547625095
  20
10.744028448056898
  10
41.88968542118554
  20
10.656525273050548
  10
41.88968542118554
  20
10.48151892303785
  10
41.73812547625095
  20
10.394015748031503
  0
HATCH
  5
1321
  100
AcDbEntity
  8
Top-Paste-Mask-Layer
  100
AcDbHatch
  10
0
  20
0
  30
0
  210
0
  220
0
  230
1
  2
SOLID
  70
1
  71
0
  91
1
  92
7
  72
0
  73
1
  93
8
  10
40.27914655829312
  20
9.744028448056902
  10
40.12758661335854
  20
9.831531623063253
  10
40.12758661335854
  20
10.00653797307595
  10
40.27914655829312
  20
10.094041148082297
  10
41.73812547625096
  20
10.094041148082297
  10
41.88968542118555
  20
10.00653797307595
  10
41.88968542118555
  20
9.831531623063253
  10
41.73812547625096
  20
9.744028448056902
  97
1
  330
1320
  75
0
  76
1
  47
0.4128176842155181
  98
1
  10
34.90568961886538
  20
22.81183545379326
  450
0
  451
0
  460
0
  461
0
  452
1
  462
1
  453
2
  463
0
  63
5
  421
255
  463
1
  63
7
  421
16777215
  470
LINEAR
  1001
ACAD
  1010
0
  1020
0
  1030
0
  0
LWPOLYLINE
  5
1320
  100
AcDbEntity
  8
Top-Paste-Mask-Layer
  100
AcDbPolyline
  90
8
  70
1
  43
0
  10
40.27914655829312
  20
9.744028448056902
  10
40.12758661335854
  20
9.831531623063253
  10
40.12758661335854
  20
10.00653797307595
  10
40.27914655829312
  20
10.094041148082297
  10
41.73812547625096
  20
10.094041148082297
  10
41.88968542118555
  20
10.00653797307595
  10
41.88968542118555
  20
9.831531623063253
  10
41.73812547625096
  20
9.744028448056902
  0
HATCH
  5
1323
  100
AcDbEntity
  8
Top-Paste-Mask-Layer
  100
AcDbHatch
  10
0
  20
0
  30
0
  210
0
  220
0
  230
1
  2
SOLID
  70
1
  71
0
  91
1
  92
7
  72
0
  73
1
  93
8
  10
40.27914655829311
  20
9.094041148082304
  10
40.12758661335852
  20
9.181544323088652
  10
40.12758661335852
  20
9.35655067310135
  10
40.27914655829311
  20
9.4440538481077
  10
41.73812547625095
  20
9.4440538481077
  10
41.88968542118554
  20
9.35655067310135
  10
41.88968542118554
  20
9.181544323088652
  10
41.73812547625095
  20
9.094041148082304
  97
1
  330
1322
  75
0
  76
1
  47
0.4128176842155181
  98
1
  10
34.90568961886538
  20
22.81183545379326
  450
0
  451
0
  460
0
  461
0
  452
1
  462
1
  453
2
  463
0
  63
5
  421
255
  463
1
  63
7
  421
16777215
  470
LINEAR
  1001
ACAD
  1010
0
  1020
0
  1030
0
  0
LWPOLYLINE
  5
1322
  100
AcDbEntity
  8
Top-Paste-Mask-Layer
  100
AcDbPolyline
  90
8
  70
1
  43
0
  10
40.27914655829311
  20
9.094041148082304
  10
40.12758661335852
  20
9.181544323088652
  10
40.12758661335852
  20
9.35655067310135
  10
40.27914655829311
  20
9.4440538481077
  10
41.73812547625095
  20
9.4440538481077
  10
41.88968542118554
  20
9.35655067310135
  10
41.88968542118554
  20
9.181544323088652
  10
41.73812547625095
  20
9.094041148082304
  0
HATCH
  5
1325
  100
AcDbEntity
  8
Top-Paste-Mask-Layer
  100
AcDbHatch
  10
0
  20
0
  30
0
  210
0
  220
0
  230
1
  2
SOLID
  70
1
  71
0
  91
1
  92
7
  72
0
  73
1
  93
8
  10
40.27914655829311
  20
8.444053848107714
  10
40.12758661335852
  20
8.531557023114054
  10
40.12758661335852
  20
8.706563373126755
  10
40.27914655829311
  20
8.79406654813311
  10
41.73812547625095
  20
8.79406654813311
  10
41.88968542118554
  20
8.706563373126755
  10
41.88968542118554
  20
8.531557023114054
  10
41.73812547625095
  20
8.444053848107714
  97
1
  330
1324
  75
0
  76
1
  47
0.4128176842155181
  98
1
  10
34.90568961886538
  20
22.81183545379326
  450
0
  451
0
  460
0
  461
0
  452
1
  462
1
  453
2
  463
0
  63
5
  421
255
  463
1
  63
7
  421
16777215
  470
LINEAR
  1001
ACAD
  1010
0
  1020
0
  1030
0
  0
LWPOLYLINE
  5
1324
  100
AcDbEntity
  8
Top-Paste-Mask-Layer
  100
AcDbPolyline
  90
8
  70
1
  43
0
  10
40.27914655829311
  20
8.444053848107714
  10
40.12758661335852
  20
8.531557023114054
  10
40.12758661335852
  20
8.706563373126755
  10
40.27914655829311
  20
8.79406654813311
  10
41.73812547625095
  20
8.79406654813311
  10
41.88968542118554
  20
8.706563373126755
  10
41.88968542118554
  20
8.531557023114054
  10
41.73812547625095
  20
8.444053848107714
  0
HATCH
  5
1327
  100
AcDbEntity
  8
Top-Paste-Mask-Layer
  100
AcDbHatch
  10
0
  20
0
  30
0
  210
0
  220
0
  230
1
  2
SOLID
  70
1
  71
0
  91
1
  92
7
  72
0
  73
1
  93
4
  10
37.02907035814072
  20
12.069022098044197
  10
39.67908305816612
  20
12.069022098044197
  10
39.67908305816612
  20
9.0690220980442
  10
37.02907035814072
  20
9.0690220980442
  97
1
  330
1326
  75
0
  76
1
  47
0.4128176842155181
  98
1
  10
34.90568961886538
  20
22.81183545379326
  450
0
  451
0
  460
0
  461
0
  452
1
  462
1
  453
2
  463
0
  63
5
  421
255
  463
1
  63
7
  421
16777215
  470
LINEAR
  1001
ACAD
  1010
0
  1020
0
  1030
0
  0
LWPOLYLINE
  5
1326
  100
AcDbEntity
  8
Top-Paste-Mask-Layer
  100
AcDbPolyline
  90
4
  70
1
  43
0
  10
37.02907035814072
  20
12.069022098044197
  10
39.67908305816612
  20
12.069022098044197
  10
39.67908305816612
  20
9.0690220980442
  10
37.02907035814072
  20
9.0690220980442
  0
HATCH
  5
1329
  100
AcDbEntity
  8
Top-Paste-Mask-Layer
  100
AcDbHatch
  10
0
  20
0
  30
0
  210
0
  220
0
  230
1
  2
SOLID
  70
1
  71
0
  91
1
  92
7
  72
0
  73
1
  93
4
  10
3.326873253746508
  20
9.669022098044202
  10
3.3268732537465073
  20
3.8490068580137162
  10
0.40287020574041055
  20
3.8490068580137162
  10
0.40287020574041144
  20
9.669022098044202
  97
1
  330
1328
  75
0
  76
1
  47
0.4128176842155181
  98
1
  10
34.90568961886538
  20
22.81183545379326
  450
0
  451
0
  460
0
  461
0
  452
1
  462
1
  453
2
  463
0
  63
5
  421
255
  463
1
  63
7
  421
16777215
  470
LINEAR
  1001
ACAD
  1010
0
  1020
0
  1030
0
  0
LWPOLYLINE
  5
1328
  100
AcDbEntity
  8
Top-Paste-Mask-Layer
  100
AcDbPolyline
  90
4
  70
1
  43
0
  10
3.326873253746508
  20
9.669022098044202
  10
3.3268732537465073
  20
3.8490068580137162
  10
0.40287020574041055
  20
3.8490068580137162
  10
0.40287020574041144
  20
9.669022098044202
  0
HATCH
  5
1331
  100
AcDbEntity
  8
Top-Paste-Mask-Layer
  100
AcDbHatch
  10
0
  20
0
  30
0
  210
0
  220
0
  230
1
  2
SOLID
  70
1
  71
0
  91
1
  92
7
  72
0
  73
1
  93
4
  10
14.583159766319532
  20
9.669022098044202
  10
14.583159766319532
  20
3.8490068580137233
  10
11.659156718313437
  20
3.8490068580137233
  10
11.659156718313437
  20
9.669022098044202
  97
1
  330
1330
  75
0
  76
1
  47
0.4128176842155181
  98
1
  10
34.90568961886538
  20
22.81183545379326
  450
0
  451
0
  460
0
  461
0
  452
1
  462
1
  453
2
  463
0
  63
5
  421
255
  463
1
  63
7
  421
16777215
  470
LINEAR
  1001
ACAD
  1010
0
  1020
0
  1030
0
  0
LWPOLYLINE
  5
1330
  100
AcDbEntity
  8
Top-Paste-Mask-Layer
  100
AcDbPolyline
  90
4
  70
1
  43
0
  10
14.583159766319532
  20
9.669022098044202
  10
14.583159766319532
  20
3.8490068580137233
  10
11.659156718313437
  20
3.8490068580137233
  10
11.659156718313437
  20
9.669022098044202
  0
HATCH
  5
1333
  100
AcDbEntity
  8
Top-Paste-Mask-Layer
  100
AcDbHatch
  10
0
  20
0
  30
0
  210
0
  220
0
  230
1
  2
SOLID
  70
1
  71
0
  91
1
  92
7
  72
0
  73
1
  93
14
  10
26.635039370078747
  20
24.941932943865886
  10
26.70872539799731
  20
25.21693294386589
  10
26.91003937007875
  20
25.41824691594733
  10
27.185039370078748
  20
25.49193294386589
  10
27.460039370078746
  20
25.41824691594733
  10
27.66135334216019
  20
25.21693294386589
  10
27.73503937007875
  20
24.941932943865886
  10
27.73503937007875
  20
24.04193294386589
  10
27.66135334216019
  20
23.766932943865893
  10
27.460039370078746
  20
23.56561897178445
  10
27.185039370078748
  20
23.49193294386589
  10
26.91003937007875
  20
23.56561897178445
  10
26.70872539799731
  20
23.766932943865893
  10
26.635039370078747
  20
24.04193294386589
  97
1
  330
1332
  75
0
  76
1
  47
0.4128176842155181
  98
1
  10
34.90568961886538
  20
22.81183545379326
  450
0
  451
0
  460
0
  461
0
  452
1
  462
1
  453
2
  463
0
  63
5
  421
255
  463
1
  63
7
  421
16777215
  470
LINEAR
  1001
ACAD
  1010
0
  1020
0
  1030
0
  0
LWPOLYLINE
  5
1332
  100
AcDbEntity
  8
Top-Paste-Mask-Layer
  100
AcDbPolyline
  90
14
  70
1
  43
0
  10
26.635039370078747
  20
24.941932943865886
  10
26.70872539799731
  20
25.21693294386589
  10
26.91003937007875
  20
25.41824691594733
  10
27.185039370078748
  20
25.49193294386589
  10
27.460039370078746
  20
25.41824691594733
  10
27.66135334216019
  20
25.21693294386589
  10
27.73503937007875
  20
24.941932943865886
  10
27.73503937007875
  20
24.04193294386589
  10
27.66135334216019
  20
23.766932943865893
  10
27.460039370078746
  20
23.56561897178445
  10
27.185039370078748
  20
23.49193294386589
  10
26.91003937007875
  20
23.56561897178445
  10
26.70872539799731
  20
23.766932943865893
  10
26.635039370078747
  20
24.04193294386589
  0
HATCH
  5
1335
  100
AcDbEntity
  8
Top-Paste-Mask-Layer
  100
AcDbHatch
  10
0
  20
0
  30
0
  210
0
  220
0
  230
1
  2
SOLID
  70
1
  71
0
  91
1
  92
7
  72
0
  73
1
  93
14
  10
17.985052070104146
  20
24.941932943865886
  10
18.058738098022705
  20
25.21693294386589
  10
18.260052070104148
  20
25.41824691594733
  10
18.535052070104147
  20
25.49193294386589
  10
18.810052070104145
  20
25.41824691594733
  10
19.01136604218559
  20
25.21693294386589
  10
19.085052070104148
  20
24.941932943865886
  10
19.085052070104148
  20
24.04193294386589
  10
19.01136604218559
  20
23.766932943865893
  10
18.810052070104145
  20
23.56561897178445
  10
18.535052070104147
  20
23.49193294386589
  10
18.260052070104148
  20
23.56561897178445
  10
18.058738098022705
  20
23.766932943865893
  10
17.985052070104146
  20
24.04193294386589
  97
1
  330
1334
  75
0
  76
1
  47
0.4128176842155181
  98
1
  10
34.90568961886538
  20
22.81183545379326
  450
0
  451
0
  460
0
  461
0
  452
1
  462
1
  453
2
  463
0
  63
5
  421
255
  463
1
  63
7
  421
16777215
  470
LINEAR
  1001
ACAD
  1010
0
  1020
0
  1030
0
  0
LWPOLYLINE
  5
1334
  100
AcDbEntity
  8
Top-Paste-Mask-Layer
  100
AcDbPolyline
  90
14
  70
1
  43
0
  10
17.985052070104146
  20
24.941932943865886
  10
18.058738098022705
  20
25.21693294386589
  10
18.260052070104148
  20
25.41824691594733
  10
18.535052070104147
  20
25.49193294386589
  10
18.810052070104145
  20
25.41824691594733
  10
19.01136604218559
  20
25.21693294386589
  10
19.085052070104148
  20
24.941932943865886
  10
19.085052070104148
  20
24.04193294386589
  10
19.01136604218559
  20
23.766932943865893
  10
18.810052070104145
  20
23.56561897178445
  10
18.535052070104147
  20
23.49193294386589
  10
18.260052070104148
  20
23.56561897178445
  10
18.058738098022705
  20
23.766932943865893
  10
17.985052070104146
  20
24.04193294386589
  0
HATCH
  5
1337
  100
AcDbEntity
  8
Top-Paste-Mask-Layer
  100
AcDbHatch
  10
0
  20
0
  30
0
  210
0
  220
0
  230
1
  2
SOLID
  70
1
  71
0
  91
1
  92
7
  72
0
  73
1
  93
14
  10
26.585039370078743
  20
28.992085344170697
  10
26.665424127808077
  20
29.292085344170694
  10
26.88503937007874
  20
29.511700586441357
  10
27.18503937007874
  20
29.592085344170695
  10
27.48503937007874
  20
29.511700586441357
  10
27.704654612349405
  20
29.292085344170694
  10
27.785039370078746
  20
28.992085344170697
  10
27.785039370078746
  20
28.392085344170695
  10
27.704654612349405
  20
28.09208534417069
  10
27.48503937007874
  20
27.872470101900028
  10
27.18503937007874
  20
27.792085344170694
  10
26.88503937007874
  20
27.87247010190003
  10
26.665424127808077
  20
28.09208534417069
  10
26.585039370078743
  20
28.392085344170695
  97
1
  330
1336
  75
0
  76
1
  47
0.4128176842155181
  98
1
  10
34.90568961886538
  20
22.81183545379326
  450
0
  451
0
  460
0
  461
0
  452
1
  462
1
  453
2
  463
0
  63
5
  421
255
  463
1
  63
7
  421
16777215
  470
LINEAR
  1001
ACAD
  1010
0
  1020
0
  1030
0
  0
LWPOLYLINE
  5
1336
  100
AcDbEntity
  8
Top-Paste-Mask-Layer
  100
AcDbPolyline
  90
14
  70
1
  43
0
  10
26.585039370078743
  20
28.992085344170697
  10
26.665424127808077
  20
29.292085344170694
  10
26.88503937007874
  20
29.511700586441357
  10
27.18503937007874
  20
29.592085344170695
  10
27.48503937007874
  20
29.511700586441357
  10
27.704654612349405
  20
29.292085344170694
  10
27.785039370078746
  20
28.992085344170697
  10
27.785039370078746
  20
28.392085344170695
  10
27.704654612349405
  20
28.09208534417069
  10
27.48503937007874
  20
27.872470101900028
  10
27.18503937007874
  20
27.792085344170694
  10
26.88503937007874
  20
27.87247010190003
  10
26.665424127808077
  20
28.09208534417069
  10
26.585039370078743
  20
28.392085344170695
  0
HATCH
  5
1339
  100
AcDbEntity
  8
Top-Paste-Mask-Layer
  100
AcDbHatch
  10
0
  20
0
  30
0
  210
0
  220
0
  230
1
  2
SOLID
  70
1
  71
0
  91
1
  92
7
  72
0
  73
1
  93
14
  10
17.93505207010414
  20
28.992085344170697
  10
18.015436827833476
  20
29.292085344170694
  10
18.23505207010414
  20
29.51170058644136
  10
18.53505207010414
  20
29.592085344170698
  10
18.83505207010414
  20
29.511700586441357
  10
19.054667312374804
  20
29.292085344170694
  10
19.13505207010414
  20
28.992085344170697
  10
19.13505207010414
  20
28.392085344170695
  10
19.054667312374804
  20
28.092085344170695
  10
18.83505207010414
  20
27.872470101900035
  10
18.53505207010414
  20
27.792085344170694
  10
18.23505207010414
  20
27.872470101900035
  10
18.015436827833476
  20
28.092085344170695
  10
17.93505207010414
  20
28.392085344170695
  97
1
  330
1338
  75
0
  76
1
  47
0.4128176842155181
  98
1
  10
34.90568961886538
  20
22.81183545379326
  450
0
  451
0
  460
0
  461
0
  452
1
  462
1
  453
2
  463
0
  63
5
  421
255
  463
1
  63
7
  421
16777215
  470
LINEAR
  1001
ACAD
  1010
0
  1020
0
  1030
0
  0
LWPOLYLINE
  5
1338
  100
AcDbEntity
  8
Top-Paste-Mask-Layer
  100
AcDbPolyline
  90
14
  70
1
  43
0
  10
17.93505207010414
  20
28.992085344170697
  10
18.015436827833476
  20
29.292085344170694
  10
18.23505207010414
  20
29.51170058644136
  10
18.53505207010414
  20
29.592085344170698
  10
18.83505207010414
  20
29.511700586441357
  10
19.054667312374804
  20
29.292085344170694
  10
19.13505207010414
  20
28.992085344170697
  10
19.13505207010414
  20
28.392085344170695
  10
19.054667312374804
  20
28.092085344170695
  10
18.83505207010414
  20
27.872470101900035
  10
18.53505207010414
  20
27.792085344170694
  10
18.23505207010414
  20
27.872470101900035
  10
18.015436827833476
  20
28.092085344170695
  10
17.93505207010414
  20
28.392085344170695
  0
HATCH
  5
1341
  100
AcDbEntity
  8
Top-Paste-Mask-Layer
  100
AcDbHatch
  10
0
  20
0
  30
0
  210
0
  220
0
  230
1
  2
SOLID
  70
1
  71
0
  91
1
  92
7
  72
0
  73
1
  93
4
  10
10.795580391160783
  20
17.503147066294137
  10
10.795580391160783
  20
20.981150622301254
  10
16.395580391160788
  20
20.981150622301254
  10
16.395580391160788
  20
17.503147066294137
  97
1
  330
1340
  75
0
  76
1
  47
0.4128176842155181
  98
1
  10
34.90568961886538
  20
22.81183545379326
  450
0
  451
0
  460
0
  461
0
  452
1
  462
1
  453
2
  463
0
  63
5
  421
255
  463
1
  63
7
  421
16777215
  470
LINEAR
  1001
ACAD
  1010
0
  1020
0
  1030
0
  0
LWPOLYLINE
  5
1340
  100
AcDbEntity
  8
Top-Paste-Mask-Layer
  100
AcDbPolyline
  90
4
  70
1
  43
0
  10
10.795580391160783
  20
17.503147066294137
  10
10.795580391160783
  20
20.981150622301254
  10
16.395580391160788
  20
20.981150622301254
  10
16.395580391160788
  20
17.503147066294137
  0
HATCH
  5
1343
  100
AcDbEntity
  8
Top-Paste-Mask-Layer
  100
AcDbHatch
  10
0
  20
0
  30
0
  210
0
  220
0
  230
1
  2
SOLID
  70
1
  71
0
  91
1
  92
7
  72
0
  73
1
  93
4
  10
13.791173482346966
  20
15.397025654051316
  10
13.791173482346966
  20
17.0690347980696
  10
14.91616713233427
  20
17.0690347980696
  10
14.91616713233427
  20
15.397025654051316
  97
1
  330
1342
  75
0
  76
1
  47
0.4128176842155181
  98
1
  10
34.90568961886538
  20
22.81183545379326
  450
0
  451
0
  460
0
  461
0
  452
1
  462
1
  453
2
  463
0
  63
5
  421
255
  463
1
  63
7
  421
16777215
  470
LINEAR
  1001
ACAD
  1010
0
  1020
0
  1030
0
  0
LWPOLYLINE
  5
1342
  100
AcDbEntity
  8
Top-Paste-Mask-Layer
  100
AcDbPolyline
  90
4
  70
1
  43
0
  10
13.791173482346966
  20
15.397025654051316
  10
13.791173482346966
  20
17.0690347980696
  10
14.91616713233427
  20
17.0690347980696
  10
14.91616713233427
  20
15.397025654051316
  0
HATCH
  5
1345
  100
AcDbEntity
  8
Top-Paste-Mask-Layer
  100
AcDbHatch
  10
0
  20
0
  30
0
  210
0
  220
0
  230
1
  2
SOLID
  70
1
  71
0
  91
1
  92
7
  72
0
  73
1
  93
4
  10
12.22960375920752
  20
15.395095250190508
  10
12.22960375920752
  20
17.067104394208794
  10
13.35459740919482
  20
17.067104394208794
  10
13.35459740919482
  20
15.395095250190508
  97
1
  330
1344
  75
0
  76
1
  47
0.4128176842155181
  98
1
  10
34.90568961886538
  20
22.81183545379326
  450
0
  451
0
  460
0
  461
0
  452
1
  462
1
  453
2
  463
0
  63
5
  421
255
  463
1
  63
7
  421
16777215
  470
LINEAR
  1001
ACAD
  1010
0
  1020
0
  1030
0
  0
LWPOLYLINE
  5
1344
  100
AcDbEntity
  8
Top-Paste-Mask-Layer
  100
AcDbPolyline
  90
4
  70
1
  43
0
  10
12.22960375920752
  20
15.395095250190508
  10
12.22960375920752
  20
17.067104394208794
  10
13.35459740919482
  20
17.067104394208794
  10
13.35459740919482
  20
15.395095250190508
  0
HATCH
  5
1347
  100
AcDbEntity
  8
Top-Paste-Mask-Layer
  100
AcDbHatch
  10
0
  20
0
  30
0
  210
0
  220
0
  230
1
  2
SOLID
  70
1
  71
0
  91
1
  92
7
  72
0
  73
1
  93
4
  10
15.38397256794514
  20
15.394892049784104
  10
15.38397256794514
  20
16.6948920497841
  10
16.38397256794514
  20
16.6948920497841
  10
16.38397256794514
  20
15.394892049784104
  97
1
  330
1346
  75
0
  76
1
  47
0.4128176842155181
  98
1
  10
34.90568961886538
  20
22.81183545379326
  450
0
  451
0
  460
0
  461
0
  452
1
  462
1
  453
2
  463
0
  63
5
  421
255
  463
1
  63
7
  421
16777215
  470
LINEAR
  1001
ACAD
  1010
0
  1020
0
  1030
0
  0
LWPOLYLINE
  5
1346
  100
AcDbEntity
  8
Top-Paste-Mask-Layer
  100
AcDbPolyline
  90
4
  70
1
  43
0
  10
15.38397256794514
  20
15.394892049784104
  10
15.38397256794514
  20
16.6948920497841
  10
16.38397256794514
  20
16.6948920497841
  10
16.38397256794514
  20
15.394892049784104
  0
HATCH
  5
1349
  100
AcDbEntity
  8
Top-Paste-Mask-Layer
  100
AcDbHatch
  10
0
  20
0
  30
0
  210
0
  220
0
  230
1
  2
SOLID
  70
1
  71
0
  91
1
  92
7
  72
0
  73
1
  93
4
  10
10.795326390652782
  20
15.3931140462281
  10
10.795326390652782
  20
16.693114046228096
  10
11.795326390652786
  20
16.693114046228096
  10
11.795326390652786
  20
15.3931140462281
  97
1
  330
1348
  75
0
  76
1
  47
0.4128176842155181
  98
1
  10
34.90568961886538
  20
22.81183545379326
  450
0
  451
0
  460
0
  461
0
  452
1
  462
1
  453
2
  463
0
  63
5
  421
255
  463
1
  63
7
  421
16777215
  470
LINEAR
  1001
ACAD
  1010
0
  1020
0
  1030
0
  0
LWPOLYLINE
  5
1348
  100
AcDbEntity
  8
Top-Paste-Mask-Layer
  100
AcDbPolyline
  90
4
  70
1
  43
0
  10
10.795326390652782
  20
15.3931140462281
  10
10.795326390652782
  20
16.693114046228096
  10
11.795326390652786
  20
16.693114046228096
  10
11.795326390652786
  20
15.3931140462281
  0
HATCH
  5
1351
  100
AcDbEntity
  8
Top-Paste-Mask-Layer
  100
AcDbHatch
  10
0
  20
0
  30
0
  210
0
  220
0
  230
1
  2
SOLID
  70
1
  71
0
  91
1
  92
7
  72
0
  73
1
  93
8
  10
9.675946151892305
  20
15.277035814071631
  10
9.578949986843092
  20
15.333036576073159
  10
9.578949986843092
  20
15.445038100076204
  10
9.675946151892305
  20
15.501038862077728
  10
10.301955803911607
  20
15.501038862077728
  10
10.39895196896082
  20
15.445038100076204
  10
10.39895196896082
  20
15.333036576073159
  10
10.301955803911607
  20
15.277035814071631
  97
1
  330
1350
  75
0
  76
1
  47
0.4128176842155181
  98
1
  10
34.90568961886538
  20
22.81183545379326
  450
0
  451
0
  460
0
  461
0
  452
1
  462
1
  453
2
  463
0
  63
5
  421
255
  463
1
  63
7
  421
16777215
  470
LINEAR
  1001
ACAD
  1010
0
  1020
0
  1030
0
  0
LWPOLYLINE
  5
1350
  100
AcDbEntity
  8
Top-Paste-Mask-Layer
  100
AcDbPolyline
  90
8
  70
1
  43
0
  10
9.675946151892305
  20
15.277035814071631
  10
9.578949986843092
  20
15.333036576073159
  10
9.578949986843092
  20
15.445038100076204
  10
9.675946151892305
  20
15.501038862077728
  10
10.301955803911607
  20
15.501038862077728
  10
10.39895196896082
  20
15.445038100076204
  10
10.39895196896082
  20
15.333036576073159
  10
10.301955803911607
  20
15.277035814071631
  0
HATCH
  5
1353
  100
AcDbEntity
  8
Top-Paste-Mask-Layer
  100
AcDbHatch
  10
0
  20
0
  30
0
  210
0
  220
0
  230
1
  2
SOLID
  70
1
  71
0
  91
1
  92
7
  72
0
  73
1
  93
8
  10
9.675946151892305
  20
15.67703581407163
  10
9.578949986843092
  20
15.733036576073157
  10
9.578949986843092
  20
15.845038100076202
  10
9.675946151892305
  20
15.901038862077726
  10
10.301955803911607
  20
15.901038862077726
  10
10.39895196896082
  20
15.845038100076202
  10
10.39895196896082
  20
15.733036576073157
  10
10.301955803911607
  20
15.67703581407163
  97
1
  330
1352
  75
0
  76
1
  47
0.4128176842155181
  98
1
  10
34.90568961886538
  20
22.81183545379326
  450
0
  451
0
  460
0
  461
0
  452
1
  462
1
  453
2
  463
0
  63
5
  421
255
  463
1
  63
7
  421
16777215
  470
LINEAR
  1001
ACAD
  1010
0
  1020
0
  1030
0
  0
LWPOLYLINE
  5
1352
  100
AcDbEntity
  8
Top-Paste-Mask-Layer
  100
AcDbPolyline
  90
8
  70
1
  43
0
  10
9.675946151892305
  20
15.67703581407163
  10
9.578949986843092
  20
15.733036576073157
  10
9.578949986843092
  20
15.845038100076202
  10
9.675946151892305
  20
15.901038862077726
  10
10.301955803911607
  20
15.901038862077726
  10
10.39895196896082
  20
15.845038100076202
  10
10.39895196896082
  20
15.733036576073157
  10
10.301955803911607
  20
15.67703581407163
  0
HATCH
  5
1355
  100
AcDbEntity
  8
Top-Paste-Mask-Layer
  100
AcDbHatch
  10
0
  20
0
  30
0
  210
0
  220
0
  230
1
  2
SOLID
  70
1
  71
0
  91
1
  92
7
  72
0
  73
1
  93
8
  10
9.675946151892305
  20
16.077035814071635
  10
9.578949986843092
  20
16.13303657607316
  10
9.578949986843092
  20
16.245038100076204
  10
9.675946151892305
  20
16.301038862077732
  10
10.301955803911607
  20
16.301038862077732
  10
10.39895196896082
  20
16.245038100076204
  10
10.39895196896082
  20
16.13303657607316
  10
10.301955803911607
  20
16.077035814071635
  97
1
  330
1354
  75
0
  76
1
  47
0.4128176842155181
  98
1
  10
34.90568961886538
  20
22.81183545379326
  450
0
  451
0
  460
0
  461
0
  452
1
  462
1
  453
2
  463
0
  63
5
  421
255
  463
1
  63
7
  421
16777215
  470
LINEAR
  1001
ACAD
  1010
0
  1020
0
  1030
0
  0
LWPOLYLINE
  5
1354
  100
AcDbEntity
  8
Top-Paste-Mask-Layer
  100
AcDbPolyline
  90
8
  70
1
  43
0
  10
9.675946151892305
  20
16.077035814071635
  10
9.578949986843092
  20
16.13303657607316
  10
9.578949986843092
  20
16.245038100076204
  10
9.675946151892305
  20
16.301038862077732
  10
10.301955803911607
  20
16.301038862077732
  10
10.39895196896082
  20
16.245038100076204
  10
10.39895196896082
  20
16.13303657607316
  10
10.301955803911607
  20
16.077035814071635
  0
HATCH
  5
1357
  100
AcDbEntity
  8
Top-Paste-Mask-Layer
  100
AcDbHatch
  10
0
  20
0
  30
0
  210
0
  220
0
  230
1
  2
SOLID
  70
1
  71
0
  91
1
  92
7
  72
0
  73
1
  93
8
  10
9.675946151892305
  20
16.477035814071634
  10
9.578949986843092
  20
16.533036576073158
  10
9.578949986843092
  20
16.645038100076203
  10
9.675946151892305
  20
16.70103886207773
  10
10.301955803911607
  20
16.70103886207773
  10
10.39895196896082
  20
16.645038100076203
  10
10.39895196896082
  20
16.533036576073158
  10
10.301955803911607
  20
16.477035814071634
  97
1
  330
1356
  75
0
  76
1
  47
0.4128176842155181
  98
1
  10
34.90568961886538
  20
22.81183545379326
  450
0
  451
0
  460
0
  461
0
  452
1
  462
1
  453
2
  463
0
  63
5
  421
255
  463
1
  63
7
  421
16777215
  470
LINEAR
  1001
ACAD
  1010
0
  1020
0
  1030
0
  0
LWPOLYLINE
  5
1356
  100
AcDbEntity
  8
Top-Paste-Mask-Layer
  100
AcDbPolyline
  90
8
  70
1
  43
0
  10
9.675946151892305
  20
16.477035814071634
  10
9.578949986843092
  20
16.533036576073158
  10
9.578949986843092
  20
16.645038100076203
  10
9.675946151892305
  20
16.70103886207773
  10
10.301955803911607
  20
16.70103886207773
  10
10.39895196896082
  20
16.645038100076203
  10
10.39895196896082
  20
16.533036576073158
  10
10.301955803911607
  20
16.477035814071634
  0
HATCH
  5
1359
  100
AcDbEntity
  8
Top-Paste-Mask-Layer
  100
AcDbHatch
  10
0
  20
0
  30
0
  210
0
  220
0
  230
1
  2
SOLID
  70
1
  71
0
  91
1
  92
7
  72
0
  73
1
  93
8
  10
9.675946151892305
  20
16.877035814071633
  10
9.578949986843092
  20
16.933036576073157
  10
9.578949986843092
  20
17.0450381000762
  10
9.675946151892305
  20
17.10103886207773
  10
10.301955803911607
  20
17.10103886207773
  10
10.39895196896082
  20
17.0450381000762
  10
10.39895196896082
  20
16.933036576073157
  10
10.301955803911607
  20
16.877035814071633
  97
1
  330
1358
  75
0
  76
1
  47
0.4128176842155181
  98
1
  10
34.90568961886538
  20
22.81183545379326
  450
0
  451
0
  460
0
  461
0
  452
1
  462
1
  453
2
  463
0
  63
5
  421
255
  463
1
  63
7
  421
16777215
  470
LINEAR
  1001
ACAD
  1010
0
  1020
0
  1030
0
  0
LWPOLYLINE
  5
1358
  100
AcDbEntity
  8
Top-Paste-Mask-Layer
  100
AcDbPolyline
  90
8
  70
1
  43
0
  10
9.675946151892305
  20
16.877035814071633
  10
9.578949986843092
  20
16.933036576073157
  10
9.578949986843092
  20
17.0450381000762
  10
9.675946151892305
  20
17.10103886207773
  10
10.301955803911607
  20
17.10103886207773
  10
10.39895196896082
  20
17.0450381000762
  10
10.39895196896082
  20
16.933036576073157
  10
10.301955803911607
  20
16.877035814071633
  0
HATCH
  5
1361
  100
AcDbEntity
  8
Top-Paste-Mask-Layer
  100
AcDbHatch
  10
0
  20
0
  30
0
  210
0
  220
0
  230
1
  2
SOLID
  70
1
  71
0
  91
1
  92
7
  72
0
  73
1
  93
8
  10
9.675946151892305
  20
17.27703581407163
  10
9.578949986843092
  20
17.33303657607316
  10
9.578949986843092
  20
17.4450381000762
  10
9.675946151892305
  20
17.501038862077728
  10
10.301955803911607
  20
17.501038862077728
  10
10.39895196896082
  20
17.4450381000762
  10
10.39895196896082
  20
17.33303657607316
  10
10.301955803911607
  20
17.27703581407163
  97
1
  330
1360
  75
0
  76
1
  47
0.4128176842155181
  98
1
  10
34.90568961886538
  20
22.81183545379326
  450
0
  451
0
  460
0
  461
0
  452
1
  462
1
  453
2
  463
0
  63
5
  421
255
  463
1
  63
7
  421
16777215
  470
LINEAR
  1001
ACAD
  1010
0
  1020
0
  1030
0
  0
LWPOLYLINE
  5
1360
  100
AcDbEntity
  8
Top-Paste-Mask-Layer
  100
AcDbPolyline
  90
8
  70
1
  43
0
  10
9.675946151892305
  20
17.27703581407163
  10
9.578949986843092
  20
17.33303657607316
  10
9.578949986843092
  20
17.4450381000762
  10
9.675946151892305
  20
17.501038862077728
  10
10.301955803911607
  20
17.501038862077728
  10
10.39895196896082
  20
17.4450381000762
  10
10.39895196896082
  20
17.33303657607316
  10
10.301955803911607
  20
17.27703581407163
  0
HATCH
  5
1363
  100
AcDbEntity
  8
Top-Paste-Mask-Layer
  100
AcDbHatch
  10
0
  20
0
  30
0
  210
0
  220
0
  230
1
  2
SOLID
  70
1
  71
0
  91
1
  92
7
  72
0
  73
1
  93
8
  10
9.675946151892305
  20
17.677035814071633
  10
9.578949986843092
  20
17.73303657607316
  10
9.578949986843092
  20
17.845038100076206
  10
9.675946151892305
  20
17.90103886207773
  10
10.301955803911607
  20
17.90103886207773
  10
10.39895196896082
  20
17.845038100076206
  10
10.39895196896082
  20
17.73303657607316
  10
10.301955803911607
  20
17.677035814071633
  97
1
  330
1362
  75
0
  76
1
  47
0.4128176842155181
  98
1
  10
34.90568961886538
  20
22.81183545379326
  450
0
  451
0
  460
0
  461
0
  452
1
  462
1
  453
2
  463
0
  63
5
  421
255
  463
1
  63
7
  421
16777215
  470
LINEAR
  1001
ACAD
  1010
0
  1020
0
  1030
0
  0
LWPOLYLINE
  5
1362
  100
AcDbEntity
  8
Top-Paste-Mask-Layer
  100
AcDbPolyline
  90
8
  70
1
  43
0
  10
9.675946151892305
  20
17.677035814071633
  10
9.578949986843092
  20
17.73303657607316
  10
9.578949986843092
  20
17.845038100076206
  10
9.675946151892305
  20
17.90103886207773
  10
10.301955803911607
  20
17.90103886207773
  10
10.39895196896082
  20
17.845038100076206
  10
10.39895196896082
  20
17.73303657607316
  10
10.301955803911607
  20
17.677035814071633
  0
HATCH
  5
1365
  100
AcDbEntity
  8
Top-Paste-Mask-Layer
  100
AcDbHatch
  10
0
  20
0
  30
0
  210
0
  220
0
  230
1
  2
SOLID
  70
1
  71
0
  91
1
  92
7
  72
0
  73
1
  93
8
  10
9.675946151892305
  20
18.077035814071632
  10
9.578949986843092
  20
18.13303657607316
  10
9.578949986843092
  20
18.245038100076204
  10
9.675946151892305
  20
18.30103886207773
  10
10.301955803911607
  20
18.30103886207773
  10
10.39895196896082
  20
18.245038100076204
  10
10.39895196896082
  20
18.13303657607316
  10
10.301955803911607
  20
18.077035814071632
  97
1
  330
1364
  75
0
  76
1
  47
0.4128176842155181
  98
1
  10
34.90568961886538
  20
22.81183545379326
  450
0
  451
0
  460
0
  461
0
  452
1
  462
1
  453
2
  463
0
  63
5
  421
255
  463
1
  63
7
  421
16777215
  470
LINEAR
  1001
ACAD
  1010
0
  1020
0
  1030
0
  0
LWPOLYLINE
  5
1364
  100
AcDbEntity
  8
Top-Paste-Mask-Layer
  100
AcDbPolyline
  90
8
  70
1
  43
0
  10
9.675946151892305
  20
18.077035814071632
  10
9.578949986843092
  20
18.13303657607316
  10
9.578949986843092
  20
18.245038100076204
  10
9.675946151892305
  20
18.30103886207773
  10
10.301955803911607
  20
18.30103886207773
  10
10.39895196896082
  20
18.245038100076204
  10
10.39895196896082
  20
18.13303657607316
  10
10.301955803911607
  20
18.077035814071632
  0
HATCH
  5
1367
  100
AcDbEntity
  8
Top-Paste-Mask-Layer
  100
AcDbHatch
  10
0
  20
0
  30
0
  210
0
  220
0
  230
1
  2
SOLID
  70
1
  71
0
  91
1
  92
7
  72
0
  73
1
  93
8
  10
9.675946151892305
  20
18.47703581407163
  10
9.578949986843092
  20
18.533036576073158
  10
9.578949986843092
  20
18.645038100076203
  10
9.675946151892305
  20
18.701038862077727
  10
10.301955803911607
  20
18.701038862077727
  10
10.39895196896082
  20
18.645038100076203
  10
10.39895196896082
  20
18.533036576073158
  10
10.301955803911607
  20
18.47703581407163
  97
1
  330
1366
  75
0
  76
1
  47
0.4128176842155181
  98
1
  10
34.90568961886538
  20
22.81183545379326
  450
0
  451
0
  460
0
  461
0
  452
1
  462
1
  453
2
  463
0
  63
5
  421
255
  463
1
  63
7
  421
16777215
  470
LINEAR
  1001
ACAD
  1010
0
  1020
0
  1030
0
  0
LWPOLYLINE
  5
1366
  100
AcDbEntity
  8
Top-Paste-Mask-Layer
  100
AcDbPolyline
  90
8
  70
1
  43
0
  10
9.675946151892305
  20
18.47703581407163
  10
9.578949986843092
  20
18.533036576073158
  10
9.578949986843092
  20
18.645038100076203
  10
9.675946151892305
  20
18.701038862077727
  10
10.301955803911607
  20
18.701038862077727
  10
10.39895196896082
  20
18.645038100076203
  10
10.39895196896082
  20
18.533036576073158
  10
10.301955803911607
  20
18.47703581407163
  0
HATCH
  5
1369
  100
AcDbEntity
  8
Top-Paste-Mask-Layer
  100
AcDbHatch
  10
0
  20
0
  30
0
  210
0
  220
0
  230
1
  2
SOLID
  70
1
  71
0
  91
1
  92
7
  72
0
  73
1
  93
8
  10
9.675946151892305
  20
18.877035814071636
  10
9.578949986843092
  20
18.93303657607316
  10
9.578949986843092
  20
19.045038100076205
  10
9.675946151892305
  20
19.101038862077733
  10
10.301955803911607
  20
19.101038862077733
  10
10.39895196896082
  20
19.045038100076205
  10
10.39895196896082
  20
18.93303657607316
  10
10.301955803911607
  20
18.877035814071636
  97
1
  330
1368
  75
0
  76
1
  47
0.4128176842155181
  98
1
  10
34.90568961886538
  20
22.81183545379326
  450
0
  451
0
  460
0
  461
0
  452
1
  462
1
  453
2
  463
0
  63
5
  421
255
  463
1
  63
7
  421
16777215
  470
LINEAR
  1001
ACAD
  1010
0
  1020
0
  1030
0
  0
LWPOLYLINE
  5
1368
  100
AcDbEntity
  8
Top-Paste-Mask-Layer
  100
AcDbPolyline
  90
8
  70
1
  43
0
  10
9.675946151892305
  20
18.877035814071636
  10
9.578949986843092
  20
18.93303657607316
  10
9.578949986843092
  20
19.045038100076205
  10
9.675946151892305
  20
19.101038862077733
  10
10.301955803911607
  20
19.101038862077733
  10
10.39895196896082
  20
19.045038100076205
  10
10.39895196896082
  20
18.93303657607316
  10
10.301955803911607
  20
18.877035814071636
  0
HATCH
  5
1371
  100
AcDbEntity
  8
Top-Paste-Mask-Layer
  100
AcDbHatch
  10
0
  20
0
  30
0
  210
0
  220
0
  230
1
  2
SOLID
  70
1
  71
0
  91
1
  92
7
  72
0
  73
1
  93
8
  10
9.675946151892305
  20
19.277035814071635
  10
9.578949986843092
  20
19.33303657607316
  10
9.578949986843092
  20
19.445038100076204
  10
9.675946151892305
  20
19.50103886207773
  10
10.301955803911607
  20
19.50103886207773
  10
10.39895196896082
  20
19.445038100076204
  10
10.39895196896082
  20
19.33303657607316
  10
10.301955803911607
  20
19.277035814071635
  97
1
  330
1370
  75
0
  76
1
  47
0.4128176842155181
  98
1
  10
34.90568961886538
  20
22.81183545379326
  450
0
  451
0
  460
0
  461
0
  452
1
  462
1
  453
2
  463
0
  63
5
  421
255
  463
1
  63
7
  421
16777215
  470
LINEAR
  1001
ACAD
  1010
0
  1020
0
  1030
0
  0
LWPOLYLINE
  5
1370
  100
AcDbEntity
  8
Top-Paste-Mask-Layer
  100
AcDbPolyline
  90
8
  70
1
  43
0
  10
9.675946151892305
  20
19.277035814071635
  10
9.578949986843092
  20
19.33303657607316
  10
9.578949986843092
  20
19.445038100076204
  10
9.675946151892305
  20
19.50103886207773
  10
10.301955803911607
  20
19.50103886207773
  10
10.39895196896082
  20
19.445038100076204
  10
10.39895196896082
  20
19.33303657607316
  10
10.301955803911607
  20
19.277035814071635
  0
HATCH
  5
1373
  100
AcDbEntity
  8
Top-Paste-Mask-Layer
  100
AcDbHatch
  10
0
  20
0
  30
0
  210
0
  220
0
  230
1
  2
SOLID
  70
1
  71
0
  91
1
  92
7
  72
0
  73
1
  93
8
  10
9.675946151892305
  20
19.677035814071633
  10
9.578949986843092
  20
19.733036576073157
  10
9.578949986843092
  20
19.845038100076202
  10
9.675946151892305
  20
19.90103886207773
  10
10.301955803911607
  20
19.90103886207773
  10
10.39895196896082
  20
19.845038100076202
  10
10.39895196896082
  20
19.733036576073157
  10
10.301955803911607
  20
19.677035814071633
  97
1
  330
1372
  75
0
  76
1
  47
0.4128176842155181
  98
1
  10
34.90568961886538
  20
22.81183545379326
  450
0
  451
0
  460
0
  461
0
  452
1
  462
1
  453
2
  463
0
  63
5
  421
255
  463
1
  63
7
  421
16777215
  470
LINEAR
  1001
ACAD
  1010
0
  1020
0
  1030
0
  0
LWPOLYLINE
  5
1372
  100
AcDbEntity
  8
Top-Paste-Mask-Layer
  100
AcDbPolyline
  90
8
  70
1
  43
0
  10
9.675946151892305
  20
19.677035814071633
  10
9.578949986843092
  20
19.733036576073157
  10
9.578949986843092
  20
19.845038100076202
  10
9.675946151892305
  20
19.90103886207773
  10
10.301955803911607
  20
19.90103886207773
  10
10.39895196896082
  20
19.845038100076202
  10
10.39895196896082
  20
19.733036576073157
  10
10.301955803911607
  20
19.677035814071633
  0
HATCH
  5
1375
  100
AcDbEntity
  8
Top-Paste-Mask-Layer
  100
AcDbHatch
  10
0
  20
0
  30
0
  210
0
  220
0
  230
1
  2
SOLID
  70
1
  71
0
  91
1
  92
7
  72
0
  73
1
  93
8
  10
9.675946151892305
  20
20.077035814071632
  10
9.578949986843092
  20
20.13303657607316
  10
9.578949986843092
  20
20.245038100076204
  10
9.675946151892305
  20
20.30103886207773
  10
10.301955803911607
  20
20.30103886207773
  10
10.39895196896082
  20
20.245038100076204
  10
10.39895196896082
  20
20.13303657607316
  10
10.301955803911607
  20
20.077035814071632
  97
1
  330
1374
  75
0
  76
1
  47
0.4128176842155181
  98
1
  10
34.90568961886538
  20
22.81183545379326
  450
0
  451
0
  460
0
  461
0
  452
1
  462
1
  453
2
  463
0
  63
5
  421
255
  463
1
  63
7
  421
16777215
  470
LINEAR
  1001
ACAD
  1010
0
  1020
0
  1030
0
  0
LWPOLYLINE
  5
1374
  100
AcDbEntity
  8
Top-Paste-Mask-Layer
  100
AcDbPolyline
  90
8
  70
1
  43
0
  10
9.675946151892305
  20
20.077035814071632
  10
9.578949986843092
  20
20.13303657607316
  10
9.578949986843092
  20
20.245038100076204
  10
9.675946151892305
  20
20.30103886207773
  10
10.301955803911607
  20
20.30103886207773
  10
10.39895196896082
  20
20.245038100076204
  10
10.39895196896082
  20
20.13303657607316
  10
10.301955803911607
  20
20.077035814071632
  0
HATCH
  5
1377
  100
AcDbEntity
  8
Top-Paste-Mask-Layer
  100
AcDbHatch
  10
0
  20
0
  30
0
  210
0
  220
0
  230
1
  2
SOLID
  70
1
  71
0
  91
1
  92
7
  72
0
  73
1
  93
8
  10
9.675946151892305
  20
20.477035814071634
  10
9.578949986843092
  20
20.53303657607316
  10
9.578949986843092
  20
20.645038100076206
  10
9.675946151892305
  20
20.70103886207773
  10
10.301955803911607
  20
20.70103886207773
  10
10.39895196896082
  20
20.645038100076206
  10
10.39895196896082
  20
20.53303657607316
  10
10.301955803911607
  20
20.477035814071634
  97
1
  330
1376
  75
0
  76
1
  47
0.4128176842155181
  98
1
  10
34.90568961886538
  20
22.81183545379326
  450
0
  451
0
  460
0
  461
0
  452
1
  462
1
  453
2
  463
0
  63
5
  421
255
  463
1
  63
7
  421
16777215
  470
LINEAR
  1001
ACAD
  1010
0
  1020
0
  1030
0
  0
LWPOLYLINE
  5
1376
  100
AcDbEntity
  8
Top-Paste-Mask-Layer
  100
AcDbPolyline
  90
8
  70
1
  43
0
  10
9.675946151892305
  20
20.477035814071634
  10
9.578949986843092
  20
20.53303657607316
  10
9.578949986843092
  20
20.645038100076206
  10
9.675946151892305
  20
20.70103886207773
  10
10.301955803911607
  20
20.70103886207773
  10
10.39895196896082
  20
20.645038100076206
  10
10.39895196896082
  20
20.53303657607316
  10
10.301955803911607
  20
20.477035814071634
  0
HATCH
  5
1379
  100
AcDbEntity
  8
Top-Paste-Mask-Layer
  100
AcDbHatch
  10
0
  20
0
  30
0
  210
0
  220
0
  230
1
  2
SOLID
  70
1
  71
0
  91
1
  92
7
  72
0
  73
1
  93
8
  10
9.675946151892305
  20
20.877035814071633
  10
9.578949986843092
  20
20.93303657607316
  10
9.578949986843092
  20
21.045038100076205
  10
9.675946151892305
  20
21.10103886207773
  10
10.301955803911607
  20
21.10103886207773
  10
10.39895196896082
  20
21.045038100076205
  10
10.39895196896082
  20
20.93303657607316
  10
10.301955803911607
  20
20.877035814071633
  97
1
  330
1378
  75
0
  76
1
  47
0.4128176842155181
  98
1
  10
34.90568961886538
  20
22.81183545379326
  450
0
  451
0
  460
0
  461
0
  452
1
  462
1
  453
2
  463
0
  63
5
  421
255
  463
1
  63
7
  421
16777215
  470
LINEAR
  1001
ACAD
  1010
0
  1020
0
  1030
0
  0
LWPOLYLINE
  5
1378
  100
AcDbEntity
  8
Top-Paste-Mask-Layer
  100
AcDbPolyline
  90
8
  70
1
  43
0
  10
9.675946151892305
  20
20.877035814071633
  10
9.578949986843092
  20
20.93303657607316
  10
9.578949986843092
  20
21.045038100076205
  10
9.675946151892305
  20
21.10103886207773
  10
10.301955803911607
  20
21.10103886207773
  10
10.39895196896082
  20
21.045038100076205
  10
10.39895196896082
  20
20.93303657607316
  10
10.301955803911607
  20
20.877035814071633
  0
HATCH
  5
1381
  100
AcDbEntity
  8
Top-Paste-Mask-Layer
  100
AcDbHatch
  10
0
  20
0
  30
0
  210
0
  220
0
  230
1
  2
SOLID
  70
1
  71
0
  91
1
  92
7
  72
0
  73
1
  93
8
  10
10.901028702057406
  20
21.47610871221743
  10
10.845027940055882
  20
21.379112547168223
  10
10.733026416052834
  20
21.379112547168223
  10
10.67702565405131
  20
21.47610871221743
  10
10.67702565405131
  20
22.102118364236734
  10
10.733026416052834
  20
22.199114529285946
  10
10.845027940055882
  20
22.199114529285943
  10
10.901028702057406
  20
22.102118364236734
  97
1
  330
1380
  75
0
  76
1
  47
0.4128176842155181
  98
1
  10
34.90568961886538
  20
22.81183545379326
  450
0
  451
0
  460
0
  461
0
  452
1
  462
1
  453
2
  463
0
  63
5
  421
255
  463
1
  63
7
  421
16777215
  470
LINEAR
  1001
ACAD
  1010
0
  1020
0
  1030
0
  0
LWPOLYLINE
  5
1380
  100
AcDbEntity
  8
Top-Paste-Mask-Layer
  100
AcDbPolyline
  90
8
  70
1
  43
0
  10
10.901028702057406
  20
21.47610871221743
  10
10.845027940055882
  20
21.379112547168223
  10
10.733026416052834
  20
21.379112547168223
  10
10.67702565405131
  20
21.47610871221743
  10
10.67702565405131
  20
22.102118364236734
  10
10.733026416052834
  20
22.199114529285946
  10
10.845027940055882
  20
22.199114529285943
  10
10.901028702057406
  20
22.102118364236734
  0
HATCH
  5
1383
  100
AcDbEntity
  8
Top-Paste-Mask-Layer
  100
AcDbHatch
  10
0
  20
0
  30
0
  210
0
  220
0
  230
1
  2
SOLID
  70
1
  71
0
  91
1
  92
7
  72
0
  73
1
  93
8
  10
11.301028702057405
  20
21.47610871221743
  10
11.24502794005588
  20
21.379112547168223
  10
11.133026416052832
  20
21.379112547168223
  10
11.077025654051308
  20
21.47610871221743
  10
11.077025654051308
  20
22.102118364236734
  10
11.133026416052832
  20
22.199114529285946
  10
11.24502794005588
  20
22.199114529285943
  10
11.301028702057405
  20
22.102118364236734
  97
1
  330
1382
  75
0
  76
1
  47
0.4128176842155181
  98
1
  10
34.90568961886538
  20
22.81183545379326
  450
0
  451
0
  460
0
  461
0
  452
1
  462
1
  453
2
  463
0
  63
5
  421
255
  463
1
  63
7
  421
16777215
  470
LINEAR
  1001
ACAD
  1010
0
  1020
0
  1030
0
  0
LWPOLYLINE
  5
1382
  100
AcDbEntity
  8
Top-Paste-Mask-Layer
  100
AcDbPolyline
  90
8
  70
1
  43
0
  10
11.301028702057405
  20
21.47610871221743
  10
11.24502794005588
  20
21.379112547168223
  10
11.133026416052832
  20
21.379112547168223
  10
11.077025654051308
  20
21.47610871221743
  10
11.077025654051308
  20
22.102118364236734
  10
11.133026416052832
  20
22.199114529285946
  10
11.24502794005588
  20
22.199114529285943
  10
11.301028702057405
  20
22.102118364236734
  0
HATCH
  5
1385
  100
AcDbEntity
  8
Top-Paste-Mask-Layer
  100
AcDbHatch
  10
0
  20
0
  30
0
  210
0
  220
0
  230
1
  2
SOLID
  70
1
  71
0
  91
1
  92
7
  72
0
  73
1
  93
8
  10
11.701028702057407
  20
21.47610871221743
  10
11.645027940055883
  20
21.379112547168223
  10
11.533026416052834
  20
21.379112547168223
  10
11.47702565405131
  20
21.47610871221743
  10
11.47702565405131
  20
22.102118364236734
  10
11.533026416052834
  20
22.199114529285946
  10
11.645027940055883
  20
22.199114529285943
  10
11.701028702057407
  20
22.102118364236734
  97
1
  330
1384
  75
0
  76
1
  47
0.4128176842155181
  98
1
  10
34.90568961886538
  20
22.81183545379326
  450
0
  451
0
  460
0
  461
0
  452
1
  462
1
  453
2
  463
0
  63
5
  421
255
  463
1
  63
7
  421
16777215
  470
LINEAR
  1001
ACAD
  1010
0
  1020
0
  1030
0
  0
LWPOLYLINE
  5
1384
  100
AcDbEntity
  8
Top-Paste-Mask-Layer
  100
AcDbPolyline
  90
8
  70
1
  43
0
  10
11.701028702057407
  20
21.47610871221743
  10
11.645027940055883
  20
21.379112547168223
  10
11.533026416052834
  20
21.379112547168223
  10
11.47702565405131
  20
21.47610871221743
  10
11.47702565405131
  20
22.102118364236734
  10
11.533026416052834
  20
22.199114529285946
  10
11.645027940055883
  20
22.199114529285943
  10
11.701028702057407
  20
22.102118364236734
  0
HATCH
  5
1387
  100
AcDbEntity
  8
Top-Paste-Mask-Layer
  100
AcDbHatch
  10
0
  20
0
  30
0
  210
0
  220
0
  230
1
  2
SOLID
  70
1
  71
0
  91
1
  92
7
  72
0
  73
1
  93
8
  10
12.101028702057405
  20
21.47610871221743
  10
12.045027940055881
  20
21.379112547168223
  10
11.933026416052837
  20
21.379112547168223
  10
11.877025654051312
  20
21.47610871221743
  10
11.877025654051312
  20
22.102118364236734
  10
11.933026416052837
  20
22.199114529285946
  10
12.045027940055881
  20
22.199114529285943
  10
12.101028702057405
  20
22.102118364236734
  97
1
  330
1386
  75
0
  76
1
  47
0.4128176842155181
  98
1
  10
34.90568961886538
  20
22.81183545379326
  450
0
  451
0
  460
0
  461
0
  452
1
  462
1
  453
2
  463
0
  63
5
  421
255
  463
1
  63
7
  421
16777215
  470
LINEAR
  1001
ACAD
  1010
0
  1020
0
  1030
0
  0
LWPOLYLINE
  5
1386
  100
AcDbEntity
  8
Top-Paste-Mask-Layer
  100
AcDbPolyline
  90
8
  70
1
  43
0
  10
12.101028702057405
  20
21.47610871221743
  10
12.045027940055881
  20
21.379112547168223
  10
11.933026416052837
  20
21.379112547168223
  10
11.877025654051312
  20
21.47610871221743
  10
11.877025654051312
  20
22.102118364236734
  10
11.933026416052837
  20
22.199114529285946
  10
12.045027940055881
  20
22.199114529285943
  10
12.101028702057405
  20
22.102118364236734
  0
HATCH
  5
1389
  100
AcDbEntity
  8
Top-Paste-Mask-Layer
  100
AcDbHatch
  10
0
  20
0
  30
0
  210
0
  220
0
  230
1
  2
SOLID
  70
1
  71
0
  91
1
  92
7
  72
0
  73
1
  93
8
  10
12.501028702057408
  20
21.47610871221743
  10
12.44502794005588
  20
21.379112547168223
  10
12.333026416052835
  20
21.379112547168223
  10
12.277025654051311
  20
21.47610871221743
  10
12.277025654051311
  20
22.102118364236734
  10
12.333026416052835
  20
22.199114529285946
  10
12.44502794005588
  20
22.199114529285943
  10
12.501028702057408
  20
22.102118364236734
  97
1
  330
1388
  75
0
  76
1
  47
0.4128176842155181
  98
1
  10
34.90568961886538
  20
22.81183545379326
  450
0
  451
0
  460
0
  461
0
  452
1
  462
1
  453
2
  463
0
  63
5
  421
255
  463
1
  63
7
  421
16777215
  470
LINEAR
  1001
ACAD
  1010
0
  1020
0
  1030
0
  0
LWPOLYLINE
  5
1388
  100
AcDbEntity
  8
Top-Paste-Mask-Layer
  100
AcDbPolyline
  90
8
  70
1
  43
0
  10
12.501028702057408
  20
21.47610871221743
  10
12.44502794005588
  20
21.379112547168223
  10
12.333026416052835
  20
21.379112547168223
  10
12.277025654051311
  20
21.47610871221743
  10
12.277025654051311
  20
22.102118364236734
  10
12.333026416052835
  20
22.199114529285946
  10
12.44502794005588
  20
22.199114529285943
  10
12.501028702057408
  20
22.102118364236734
  0
HATCH
  5
1391
  100
AcDbEntity
  8
Top-Paste-Mask-Layer
  100
AcDbHatch
  10
0
  20
0
  30
0
  210
0
  220
0
  230
1
  2
SOLID
  70
1
  71
0
  91
1
  92
7
  72
0
  73
1
  93
8
  10
12.901028702057406
  20
21.47610871221743
  10
12.845027940055878
  20
21.379112547168223
  10
12.733026416052834
  20
21.379112547168223
  10
12.67702565405131
  20
21.47610871221743
  10
12.67702565405131
  20
22.102118364236734
  10
12.733026416052834
  20
22.199114529285946
  10
12.845027940055878
  20
22.199114529285943
  10
12.901028702057406
  20
22.102118364236734
  97
1
  330
1390
  75
0
  76
1
  47
0.4128176842155181
  98
1
  10
34.90568961886538
  20
22.81183545379326
  450
0
  451
0
  460
0
  461
0
  452
1
  462
1
  453
2
  463
0
  63
5
  421
255
  463
1
  63
7
  421
16777215
  470
LINEAR
  1001
ACAD
  1010
0
  1020
0
  1030
0
  0
LWPOLYLINE
  5
1390
  100
AcDbEntity
  8
Top-Paste-Mask-Layer
  100
AcDbPolyline
  90
8
  70
1
  43
0
  10
12.901028702057406
  20
21.47610871221743
  10
12.845027940055878
  20
21.379112547168223
  10
12.733026416052834
  20
21.379112547168223
  10
12.67702565405131
  20
21.47610871221743
  10
12.67702565405131
  20
22.102118364236734
  10
12.733026416052834
  20
22.199114529285946
  10
12.845027940055878
  20
22.199114529285943
  10
12.901028702057406
  20
22.102118364236734
  0
HATCH
  5
1393
  100
AcDbEntity
  8
Top-Paste-Mask-Layer
  100
AcDbHatch
  10
0
  20
0
  30
0
  210
0
  220
0
  230
1
  2
SOLID
  70
1
  71
0
  91
1
  92
7
  72
0
  73
1
  93
8
  10
13.301028702057408
  20
21.47610871221743
  10
13.24502794005588
  20
21.379112547168223
  10
13.133026416052836
  20
21.379112547168223
  10
13.077025654051312
  20
21.47610871221743
  10
13.077025654051312
  20
22.102118364236734
  10
13.133026416052836
  20
22.199114529285946
  10
13.24502794005588
  20
22.199114529285943
  10
13.301028702057408
  20
22.102118364236734
  97
1
  330
1392
  75
0
  76
1
  47
0.4128176842155181
  98
1
  10
34.90568961886538
  20
22.81183545379326
  450
0
  451
0
  460
0
  461
0
  452
1
  462
1
  453
2
  463
0
  63
5
  421
255
  463
1
  63
7
  421
16777215
  470
LINEAR
  1001
ACAD
  1010
0
  1020
0
  1030
0
  0
LWPOLYLINE
  5
1392
  100
AcDbEntity
  8
Top-Paste-Mask-Layer
  100
AcDbPolyline
  90
8
  70
1
  43
0
  10
13.301028702057408
  20
21.47610871221743
  10
13.24502794005588
  20
21.379112547168223
  10
13.133026416052836
  20
21.379112547168223
  10
13.077025654051312
  20
21.47610871221743
  10
13.077025654051312
  20
22.102118364236734
  10
13.133026416052836
  20
22.199114529285946
  10
13.24502794005588
  20
22.199114529285943
  10
13.301028702057408
  20
22.102118364236734
  0
HATCH
  5
1395
  100
AcDbEntity
  8
Top-Paste-Mask-Layer
  100
AcDbHatch
  10
0
  20
0
  30
0
  210
0
  220
0
  230
1
  2
SOLID
  70
1
  71
0
  91
1
  92
7
  72
0
  73
1
  93
8
  10
13.701028702057407
  20
21.47610871221743
  10
13.645027940055883
  20
21.379112547168223
  10
13.533026416052838
  20
21.379112547168223
  10
13.47702565405131
  20
21.47610871221743
  10
13.47702565405131
  20
22.102118364236734
  10
13.533026416052838
  20
22.199114529285946
  10
13.645027940055883
  20
22.199114529285943
  10
13.701028702057407
  20
22.102118364236734
  97
1
  330
1394
  75
0
  76
1
  47
0.4128176842155181
  98
1
  10
34.90568961886538
  20
22.81183545379326
  450
0
  451
0
  460
0
  461
0
  452
1
  462
1
  453
2
  463
0
  63
5
  421
255
  463
1
  63
7
  421
16777215
  470
LINEAR
  1001
ACAD
  1010
0
  1020
0
  1030
0
  0
LWPOLYLINE
  5
1394
  100
AcDbEntity
  8
Top-Paste-Mask-Layer
  100
AcDbPolyline
  90
8
  70
1
  43
0
  10
13.701028702057407
  20
21.47610871221743
  10
13.645027940055883
  20
21.379112547168223
  10
13.533026416052838
  20
21.379112547168223
  10
13.47702565405131
  20
21.47610871221743
  10
13.47702565405131
  20
22.102118364236734
  10
13.533026416052838
  20
22.199114529285946
  10
13.645027940055883
  20
22.199114529285943
  10
13.701028702057407
  20
22.102118364236734
  0
HATCH
  5
1397
  100
AcDbEntity
  8
Top-Paste-Mask-Layer
  100
AcDbHatch
  10
0
  20
0
  30
0
  210
0
  220
0
  230
1
  2
SOLID
  70
1
  71
0
  91
1
  92
7
  72
0
  73
1
  93
8
  10
14.101028702057405
  20
21.47610871221743
  10
14.045027940055881
  20
21.379112547168223
  10
13.933026416052837
  20
21.379112547168223
  10
13.877025654051309
  20
21.47610871221743
  10
13.877025654051309
  20
22.102118364236734
  10
13.933026416052837
  20
22.199114529285946
  10
14.045027940055881
  20
22.199114529285943
  10
14.101028702057405
  20
22.102118364236734
  97
1
  330
1396
  75
0
  76
1
  47
0.4128176842155181
  98
1
  10
34.90568961886538
  20
22.81183545379326
  450
0
  451
0
  460
0
  461
0
  452
1
  462
1
  453
2
  463
0
  63
5
  421
255
  463
1
  63
7
  421
16777215
  470
LINEAR
  1001
ACAD
  1010
0
  1020
0
  1030
0
  0
LWPOLYLINE
  5
1396
  100
AcDbEntity
  8
Top-Paste-Mask-Layer
  100
AcDbPolyline
  90
8
  70
1
  43
0
  10
14.101028702057405
  20
21.47610871221743
  10
14.045027940055881
  20
21.379112547168223
  10
13.933026416052837
  20
21.379112547168223
  10
13.877025654051309
  20
21.47610871221743
  10
13.877025654051309
  20
22.102118364236734
  10
13.933026416052837
  20
22.199114529285946
  10
14.045027940055881
  20
22.199114529285943
  10
14.101028702057405
  20
22.102118364236734
  0
HATCH
  5
1399
  100
AcDbEntity
  8
Top-Paste-Mask-Layer
  100
AcDbHatch
  10
0
  20
0
  30
0
  210
0
  220
0
  230
1
  2
SOLID
  70
1
  71
0
  91
1
  92
7
  72
0
  73
1
  93
8
  10
14.501028702057408
  20
21.47610871221743
  10
14.445027940055883
  20
21.379112547168223
  10
14.333026416052839
  20
21.379112547168223
  10
14.277025654051311
  20
21.47610871221743
  10
14.277025654051311
  20
22.102118364236734
  10
14.333026416052839
  20
22.199114529285946
  10
14.445027940055883
  20
22.199114529285943
  10
14.501028702057408
  20
22.102118364236734
  97
1
  330
1398
  75
0
  76
1
  47
0.4128176842155181
  98
1
  10
34.90568961886538
  20
22.81183545379326
  450
0
  451
0
  460
0
  461
0
  452
1
  462
1
  453
2
  463
0
  63
5
  421
255
  463
1
  63
7
  421
16777215
  470
LINEAR
  1001
ACAD
  1010
0
  1020
0
  1030
0
  0
LWPOLYLINE
  5
1398
  100
AcDbEntity
  8
Top-Paste-Mask-Layer
  100
AcDbPolyline
  90
8
  70
1
  43
0
  10
14.501028702057408
  20
21.47610871221743
  10
14.445027940055883
  20
21.379112547168223
  10
14.333026416052839
  20
21.379112547168223
  10
14.277025654051311
  20
21.47610871221743
  10
14.277025654051311
  20
22.102118364236734
  10
14.333026416052839
  20
22.199114529285946
  10
14.445027940055883
  20
22.199114529285943
  10
14.501028702057408
  20
22.102118364236734
  0
HATCH
  5
1401
  100
AcDbEntity
  8
Top-Paste-Mask-Layer
  100
AcDbHatch
  10
0
  20
0
  30
0
  210
0
  220
0
  230
1
  2
SOLID
  70
1
  71
0
  91
1
  92
7
  72
0
  73
1
  93
8
  10
14.90102870205741
  20
21.47610871221743
  10
14.845027940055882
  20
21.379112547168223
  10
14.733026416052837
  20
21.379112547168223
  10
14.677025654051313
  20
21.47610871221743
  10
14.677025654051313
  20
22.102118364236734
  10
14.733026416052837
  20
22.199114529285946
  10
14.845027940055882
  20
22.199114529285943
  10
14.90102870205741
  20
22.102118364236734
  97
1
  330
1400
  75
0
  76
1
  47
0.4128176842155181
  98
1
  10
34.90568961886538
  20
22.81183545379326
  450
0
  451
0
  460
0
  461
0
  452
1
  462
1
  453
2
  463
0
  63
5
  421
255
  463
1
  63
7
  421
16777215
  470
LINEAR
  1001
ACAD
  1010
0
  1020
0
  1030
0
  0
LWPOLYLINE
  5
1400
  100
AcDbEntity
  8
Top-Paste-Mask-Layer
  100
AcDbPolyline
  90
8
  70
1
  43
0
  10
14.90102870205741
  20
21.47610871221743
  10
14.845027940055882
  20
21.379112547168223
  10
14.733026416052837
  20
21.379112547168223
  10
14.677025654051313
  20
21.47610871221743
  10
14.677025654051313
  20
22.102118364236734
  10
14.733026416052837
  20
22.199114529285946
  10
14.845027940055882
  20
22.199114529285943
  10
14.90102870205741
  20
22.102118364236734
  0
HATCH
  5
1403
  100
AcDbEntity
  8
Top-Paste-Mask-Layer
  100
AcDbHatch
  10
0
  20
0
  30
0
  210
0
  220
0
  230
1
  2
SOLID
  70
1
  71
0
  91
1
  92
7
  72
0
  73
1
  93
8
  10
15.301028702057408
  20
21.47610871221743
  10
15.24502794005588
  20
21.379112547168223
  10
15.133026416052836
  20
21.379112547168223
  10
15.077025654051312
  20
21.47610871221743
  10
15.077025654051312
  20
22.102118364236734
  10
15.133026416052836
  20
22.199114529285946
  10
15.24502794005588
  20
22.199114529285943
  10
15.301028702057408
  20
22.102118364236734
  97
1
  330
1402
  75
0
  76
1
  47
0.4128176842155181
  98
1
  10
34.90568961886538
  20
22.81183545379326
  450
0
  451
0
  460
0
  461
0
  452
1
  462
1
  453
2
  463
0
  63
5
  421
255
  463
1
  63
7
  421
16777215
  470
LINEAR
  1001
ACAD
  1010
0
  1020
0
  1030
0
  0
LWPOLYLINE
  5
1402
  100
AcDbEntity
  8
Top-Paste-Mask-Layer
  100
AcDbPolyline
  90
8
  70
1
  43
0
  10
15.301028702057408
  20
21.47610871221743
  10
15.24502794005588
  20
21.379112547168223
  10
15.133026416052836
  20
21.379112547168223
  10
15.077025654051312
  20
21.47610871221743
  10
15.077025654051312
  20
22.102118364236734
  10
15.133026416052836
  20
22.199114529285946
  10
15.24502794005588
  20
22.199114529285943
  10
15.301028702057408
  20
22.102118364236734
  0
HATCH
  5
1405
  100
AcDbEntity
  8
Top-Paste-Mask-Layer
  100
AcDbHatch
  10
0
  20
0
  30
0
  210
0
  220
0
  230
1
  2
SOLID
  70
1
  71
0
  91
1
  92
7
  72
0
  73
1
  93
8
  10
15.701028702057407
  20
21.47610871221743
  10
15.64502794005588
  20
21.379112547168223
  10
15.533026416052834
  20
21.379112547168223
  10
15.47702565405131
  20
21.47610871221743
  10
15.47702565405131
  20
22.102118364236734
  10
15.533026416052834
  20
22.199114529285946
  10
15.64502794005588
  20
22.199114529285943
  10
15.701028702057407
  20
22.102118364236734
  97
1
  330
1404
  75
0
  76
1
  47
0.4128176842155181
  98
1
  10
34.90568961886538
  20
22.81183545379326
  450
0
  451
0
  460
0
  461
0
  452
1
  462
1
  453
2
  463
0
  63
5
  421
255
  463
1
  63
7
  421
16777215
  470
LINEAR
  1001
ACAD
  1010
0
  1020
0
  1030
0
  0
LWPOLYLINE
  5
1404
  100
AcDbEntity
  8
Top-Paste-Mask-Layer
  100
AcDbPolyline
  90
8
  70
1
  43
0
  10
15.701028702057407
  20
21.47610871221743
  10
15.64502794005588
  20
21.379112547168223
  10
15.533026416052834
  20
21.379112547168223
  10
15.47702565405131
  20
21.47610871221743
  10
15.47702565405131
  20
22.102118364236734
  10
15.533026416052834
  20
22.199114529285946
  10
15.64502794005588
  20
22.199114529285943
  10
15.701028702057407
  20
22.102118364236734
  0
HATCH
  5
1407
  100
AcDbEntity
  8
Top-Paste-Mask-Layer
  100
AcDbHatch
  10
0
  20
0
  30
0
  210
0
  220
0
  230
1
  2
SOLID
  70
1
  71
0
  91
1
  92
7
  72
0
  73
1
  93
8
  10
16.10102870205741
  20
21.47610871221743
  10
16.04502794005588
  20
21.379112547168223
  10
15.933026416052837
  20
21.379112547168223
  10
15.877025654051312
  20
21.47610871221743
  10
15.877025654051312
  20
22.102118364236734
  10
15.933026416052837
  20
22.199114529285946
  10
16.04502794005588
  20
22.199114529285943
  10
16.10102870205741
  20
22.102118364236734
  97
1
  330
1406
  75
0
  76
1
  47
0.4128176842155181
  98
1
  10
34.90568961886538
  20
22.81183545379326
  450
0
  451
0
  460
0
  461
0
  452
1
  462
1
  453
2
  463
0
  63
5
  421
255
  463
1
  63
7
  421
16777215
  470
LINEAR
  1001
ACAD
  1010
0
  1020
0
  1030
0
  0
LWPOLYLINE
  5
1406
  100
AcDbEntity
  8
Top-Paste-Mask-Layer
  100
AcDbPolyline
  90
8
  70
1
  43
0
  10
16.10102870205741
  20
21.47610871221743
  10
16.04502794005588
  20
21.379112547168223
  10
15.933026416052837
  20
21.379112547168223
  10
15.877025654051312
  20
21.47610871221743
  10
15.877025654051312
  20
22.102118364236734
  10
15.933026416052837
  20
22.199114529285946
  10
16.04502794005588
  20
22.199114529285943
  10
16.10102870205741
  20
22.102118364236734
  0
HATCH
  5
1409
  100
AcDbEntity
  8
Top-Paste-Mask-Layer
  100
AcDbHatch
  10
0
  20
0
  30
0
  210
0
  220
0
  230
1
  2
SOLID
  70
1
  71
0
  91
1
  92
7
  72
0
  73
1
  93
8
  10
16.501028702057408
  20
21.47610871221743
  10
16.445027940055883
  20
21.379112547168223
  10
16.33302641605284
  20
21.379112547168223
  10
16.27702565405131
  20
21.47610871221743
  10
16.27702565405131
  20
22.102118364236734
  10
16.33302641605284
  20
22.199114529285946
  10
16.445027940055883
  20
22.199114529285943
  10
16.501028702057408
  20
22.102118364236734
  97
1
  330
1408
  75
0
  76
1
  47
0.4128176842155181
  98
1
  10
34.90568961886538
  20
22.81183545379326
  450
0
  451
0
  460
0
  461
0
  452
1
  462
1
  453
2
  463
0
  63
5
  421
255
  463
1
  63
7
  421
16777215
  470
LINEAR
  1001
ACAD
  1010
0
  1020
0
  1030
0
  0
LWPOLYLINE
  5
1408
  100
AcDbEntity
  8
Top-Paste-Mask-Layer
  100
AcDbPolyline
  90
8
  70
1
  43
0
  10
16.501028702057408
  20
21.47610871221743
  10
16.445027940055883
  20
21.379112547168223
  10
16.33302641605284
  20
21.379112547168223
  10
16.27702565405131
  20
21.47610871221743
  10
16.27702565405131
  20
22.102118364236734
  10
16.33302641605284
  20
22.199114529285946
  10
16.445027940055883
  20
22.199114529285943
  10
16.501028702057408
  20
22.102118364236734
  0
HATCH
  5
1411
  100
AcDbEntity
  8
Top-Paste-Mask-Layer
  100
AcDbHatch
  10
0
  20
0
  30
0
  210
0
  220
0
  230
1
  2
SOLID
  70
1
  71
0
  91
1
  92
7
  72
0
  73
1
  93
8
  10
16.87609855219711
  20
20.877035814071633
  10
16.7791023871479
  20
20.93303657607316
  10
16.779102387147894
  20
21.045038100076205
  10
16.87609855219711
  20
21.10103886207773
  10
17.502108204216412
  20
21.10103886207773
  10
17.599104369265625
  20
21.045038100076205
  10
17.59910436926562
  20
20.93303657607316
  10
17.502108204216412
  20
20.877035814071633
  97
1
  330
1410
  75
0
  76
1
  47
0.4128176842155181
  98
1
  10
34.90568961886538
  20
22.81183545379326
  450
0
  451
0
  460
0
  461
0
  452
1
  462
1
  453
2
  463
0
  63
5
  421
255
  463
1
  63
7
  421
16777215
  470
LINEAR
  1001
ACAD
  1010
0
  1020
0
  1030
0
  0
LWPOLYLINE
  5
1410
  100
AcDbEntity
  8
Top-Paste-Mask-Layer
  100
AcDbPolyline
  90
8
  70
1
  43
0
  10
16.87609855219711
  20
20.877035814071633
  10
16.7791023871479
  20
20.93303657607316
  10
16.779102387147894
  20
21.045038100076205
  10
16.87609855219711
  20
21.10103886207773
  10
17.502108204216412
  20
21.10103886207773
  10
17.599104369265625
  20
21.045038100076205
  10
17.59910436926562
  20
20.93303657607316
  10
17.502108204216412
  20
20.877035814071633
  0
HATCH
  5
1413
  100
AcDbEntity
  8
Top-Paste-Mask-Layer
  100
AcDbHatch
  10
0
  20
0
  30
0
  210
0
  220
0
  230
1
  2
SOLID
  70
1
  71
0
  91
1
  92
7
  72
0
  73
1
  93
8
  10
16.87609855219711
  20
20.477035814071634
  10
16.7791023871479
  20
20.53303657607316
  10
16.779102387147894
  20
20.645038100076206
  10
16.87609855219711
  20
20.70103886207773
  10
17.502108204216412
  20
20.70103886207773
  10
17.599104369265625
  20
20.645038100076206
  10
17.59910436926562
  20
20.53303657607316
  10
17.502108204216412
  20
20.477035814071634
  97
1
  330
1412
  75
0
  76
1
  47
0.4128176842155181
  98
1
  10
34.90568961886538
  20
22.81183545379326
  450
0
  451
0
  460
0
  461
0
  452
1
  462
1
  453
2
  463
0
  63
5
  421
255
  463
1
  63
7
  421
16777215
  470
LINEAR
  1001
ACAD
  1010
0
  1020
0
  1030
0
  0
LWPOLYLINE
  5
1412
  100
AcDbEntity
  8
Top-Paste-Mask-Layer
  100
AcDbPolyline
  90
8
  70
1
  43
0
  10
16.87609855219711
  20
20.477035814071634
  10
16.7791023871479
  20
20.53303657607316
  10
16.779102387147894
  20
20.645038100076206
  10
16.87609855219711
  20
20.70103886207773
  10
17.502108204216412
  20
20.70103886207773
  10
17.599104369265625
  20
20.645038100076206
  10
17.59910436926562
  20
20.53303657607316
  10
17.502108204216412
  20
20.477035814071634
  0
HATCH
  5
1415
  100
AcDbEntity
  8
Top-Paste-Mask-Layer
  100
AcDbHatch
  10
0
  20
0
  30
0
  210
0
  220
0
  230
1
  2
SOLID
  70
1
  71
0
  91
1
  92
7
  72
0
  73
1
  93
8
  10
16.87609855219711
  20
20.077035814071632
  10
16.7791023871479
  20
20.13303657607316
  10
16.779102387147894
  20
20.245038100076204
  10
16.87609855219711
  20
20.30103886207773
  10
17.502108204216412
  20
20.30103886207773
  10
17.599104369265625
  20
20.245038100076204
  10
17.59910436926562
  20
20.13303657607316
  10
17.502108204216412
  20
20.077035814071632
  97
1
  330
1414
  75
0
  76
1
  47
0.4128176842155181
  98
1
  10
34.90568961886538
  20
22.81183545379326
  450
0
  451
0
  460
0
  461
0
  452
1
  462
1
  453
2
  463
0
  63
5
  421
255
  463
1
  63
7
  421
16777215
  470
LINEAR
  1001
ACAD
  1010
0
  1020
0
  1030
0
  0
LWPOLYLINE
  5
1414
  100
AcDbEntity
  8
Top-Paste-Mask-Layer
  100
AcDbPolyline
  90
8
  70
1
  43
0
  10
16.87609855219711
  20
20.077035814071632
  10
16.7791023871479
  20
20.13303657607316
  10
16.779102387147894
  20
20.245038100076204
  10
16.87609855219711
  20
20.30103886207773
  10
17.502108204216412
  20
20.30103886207773
  10
17.599104369265625
  20
20.245038100076204
  10
17.59910436926562
  20
20.13303657607316
  10
17.502108204216412
  20
20.077035814071632
  0
HATCH
  5
1417
  100
AcDbEntity
  8
Top-Paste-Mask-Layer
  100
AcDbHatch
  10
0
  20
0
  30
0
  210
0
  220
0
  230
1
  2
SOLID
  70
1
  71
0
  91
1
  92
7
  72
0
  73
1
  93
8
  10
16.87609855219711
  20
19.677035814071633
  10
16.7791023871479
  20
19.733036576073157
  10
16.779102387147894
  20
19.845038100076202
  10
16.87609855219711
  20
19.90103886207773
  10
17.502108204216412
  20
19.90103886207773
  10
17.599104369265625
  20
19.845038100076202
  10
17.59910436926562
  20
19.733036576073157
  10
17.502108204216412
  20
19.677035814071633
  97
1
  330
1416
  75
0
  76
1
  47
0.4128176842155181
  98
1
  10
34.90568961886538
  20
22.81183545379326
  450
0
  451
0
  460
0
  461
0
  452
1
  462
1
  453
2
  463
0
  63
5
  421
255
  463
1
  63
7
  421
16777215
  470
LINEAR
  1001
ACAD
  1010
0
  1020
0
  1030
0
  0
LWPOLYLINE
  5
1416
  100
AcDbEntity
  8
Top-Paste-Mask-Layer
  100
AcDbPolyline
  90
8
  70
1
  43
0
  10
16.87609855219711
  20
19.677035814071633
  10
16.7791023871479
  20
19.733036576073157
  10
16.779102387147894
  20
19.845038100076202
  10
16.87609855219711
  20
19.90103886207773
  10
17.502108204216412
  20
19.90103886207773
  10
17.599104369265625
  20
19.845038100076202
  10
17.59910436926562
  20
19.733036576073157
  10
17.502108204216412
  20
19.677035814071633
  0
HATCH
  5
1419
  100
AcDbEntity
  8
Top-Paste-Mask-Layer
  100
AcDbHatch
  10
0
  20
0
  30
0
  210
0
  220
0
  230
1
  2
SOLID
  70
1
  71
0
  91
1
  92
7
  72
0
  73
1
  93
8
  10
16.87609855219711
  20
19.277035814071635
  10
16.7791023871479
  20
19.33303657607316
  10
16.779102387147894
  20
19.445038100076204
  10
16.87609855219711
  20
19.50103886207773
  10
17.502108204216412
  20
19.50103886207773
  10
17.599104369265625
  20
19.445038100076204
  10
17.59910436926562
  20
19.33303657607316
  10
17.502108204216412
  20
19.277035814071635
  97
1
  330
1418
  75
0
  76
1
  47
0.4128176842155181
  98
1
  10
34.90568961886538
  20
22.81183545379326
  450
0
  451
0
  460
0
  461
0
  452
1
  462
1
  453
2
  463
0
  63
5
  421
255
  463
1
  63
7
  421
16777215
  470
LINEAR
  1001
ACAD
  1010
0
  1020
0
  1030
0
  0
LWPOLYLINE
  5
1418
  100
AcDbEntity
  8
Top-Paste-Mask-Layer
  100
AcDbPolyline
  90
8
  70
1
  43
0
  10
16.87609855219711
  20
19.277035814071635
  10
16.7791023871479
  20
19.33303657607316
  10
16.779102387147894
  20
19.445038100076204
  10
16.87609855219711
  20
19.50103886207773
  10
17.502108204216412
  20
19.50103886207773
  10
17.599104369265625
  20
19.445038100076204
  10
17.59910436926562
  20
19.33303657607316
  10
17.502108204216412
  20
19.277035814071635
  0
HATCH
  5
1421
  100
AcDbEntity
  8
Top-Paste-Mask-Layer
  100
AcDbHatch
  10
0
  20
0
  30
0
  210
0
  220
0
  230
1
  2
SOLID
  70
1
  71
0
  91
1
  92
7
  72
0
  73
1
  93
8
  10
16.87609855219711
  20
18.877035814071636
  10
16.7791023871479
  20
18.93303657607316
  10
16.779102387147894
  20
19.045038100076205
  10
16.87609855219711
  20
19.101038862077733
  10
17.502108204216412
  20
19.101038862077733
  10
17.599104369265625
  20
19.045038100076205
  10
17.59910436926562
  20
18.93303657607316
  10
17.502108204216412
  20
18.877035814071636
  97
1
  330
1420
  75
0
  76
1
  47
0.4128176842155181
  98
1
  10
34.90568961886538
  20
22.81183545379326
  450
0
  451
0
  460
0
  461
0
  452
1
  462
1
  453
2
  463
0
  63
5
  421
255
  463
1
  63
7
  421
16777215
  470
LINEAR
  1001
ACAD
  1010
0
  1020
0
  1030
0
  0
LWPOLYLINE
  5
1420
  100
AcDbEntity
  8
Top-Paste-Mask-Layer
  100
AcDbPolyline
  90
8
  70
1
  43
0
  10
16.87609855219711
  20
18.877035814071636
  10
16.7791023871479
  20
18.93303657607316
  10
16.779102387147894
  20
19.045038100076205
  10
16.87609855219711
  20
19.101038862077733
  10
17.502108204216412
  20
19.101038862077733
  10
17.599104369265625
  20
19.045038100076205
  10
17.59910436926562
  20
18.93303657607316
  10
17.502108204216412
  20
18.877035814071636
  0
HATCH
  5
1423
  100
AcDbEntity
  8
Top-Paste-Mask-Layer
  100
AcDbHatch
  10
0
  20
0
  30
0
  210
0
  220
0
  230
1
  2
SOLID
  70
1
  71
0
  91
1
  92
7
  72
0
  73
1
  93
8
  10
16.87609855219711
  20
18.47703581407163
  10
16.7791023871479
  20
18.533036576073158
  10
16.779102387147894
  20
18.645038100076203
  10
16.87609855219711
  20
18.701038862077727
  10
17.502108204216412
  20
18.701038862077727
  10
17.599104369265625
  20
18.645038100076203
  10
17.59910436926562
  20
18.533036576073158
  10
17.502108204216412
  20
18.47703581407163
  97
1
  330
1422
  75
0
  76
1
  47
0.4128176842155181
  98
1
  10
34.90568961886538
  20
22.81183545379326
  450
0
  451
0
  460
0
  461
0
  452
1
  462
1
  453
2
  463
0
  63
5
  421
255
  463
1
  63
7
  421
16777215
  470
LINEAR
  1001
ACAD
  1010
0
  1020
0
  1030
0
  0
LWPOLYLINE
  5
1422
  100
AcDbEntity
  8
Top-Paste-Mask-Layer
  100
AcDbPolyline
  90
8
  70
1
  43
0
  10
16.87609855219711
  20
18.47703581407163
  10
16.7791023871479
  20
18.533036576073158
  10
16.779102387147894
  20
18.645038100076203
  10
16.87609855219711
  20
18.701038862077727
  10
17.502108204216412
  20
18.701038862077727
  10
17.599104369265625
  20
18.645038100076203
  10
17.59910436926562
  20
18.533036576073158
  10
17.502108204216412
  20
18.47703581407163
  0
HATCH
  5
1425
  100
AcDbEntity
  8
Top-Paste-Mask-Layer
  100
AcDbHatch
  10
0
  20
0
  30
0
  210
0
  220
0
  230
1
  2
SOLID
  70
1
  71
0
  91
1
  92
7
  72
0
  73
1
  93
8
  10
16.87609855219711
  20
18.077035814071632
  10
16.7791023871479
  20
18.13303657607316
  10
16.779102387147894
  20
18.245038100076204
  10
16.87609855219711
  20
18.30103886207773
  10
17.502108204216412
  20
18.30103886207773
  10
17.599104369265625
  20
18.245038100076204
  10
17.59910436926562
  20
18.13303657607316
  10
17.502108204216412
  20
18.077035814071632
  97
1
  330
1424
  75
0
  76
1
  47
0.4128176842155181
  98
1
  10
34.90568961886538
  20
22.81183545379326
  450
0
  451
0
  460
0
  461
0
  452
1
  462
1
  453
2
  463
0
  63
5
  421
255
  463
1
  63
7
  421
16777215
  470
LINEAR
  1001
ACAD
  1010
0
  1020
0
  1030
0
  0
LWPOLYLINE
  5
1424
  100
AcDbEntity
  8
Top-Paste-Mask-Layer
  100
AcDbPolyline
  90
8
  70
1
  43
0
  10
16.87609855219711
  20
18.077035814071632
  10
16.7791023871479
  20
18.13303657607316
  10
16.779102387147894
  20
18.245038100076204
  10
16.87609855219711
  20
18.30103886207773
  10
17.502108204216412
  20
18.30103886207773
  10
17.599104369265625
  20
18.245038100076204
  10
17.59910436926562
  20
18.13303657607316
  10
17.502108204216412
  20
18.077035814071632
  0
HATCH
  5
1427
  100
AcDbEntity
  8
Top-Paste-Mask-Layer
  100
AcDbHatch
  10
0
  20
0
  30
0
  210
0
  220
0
  230
1
  2
SOLID
  70
1
  71
0
  91
1
  92
7
  72
0
  73
1
  93
8
  10
16.87609855219711
  20
17.677035814071633
  10
16.7791023871479
  20
17.73303657607316
  10
16.779102387147894
  20
17.845038100076206
  10
16.87609855219711
  20
17.90103886207773
  10
17.502108204216412
  20
17.90103886207773
  10
17.599104369265625
  20
17.845038100076206
  10
17.59910436926562
  20
17.73303657607316
  10
17.502108204216412
  20
17.677035814071633
  97
1
  330
1426
  75
0
  76
1
  47
0.4128176842155181
  98
1
  10
34.90568961886538
  20
22.81183545379326
  450
0
  451
0
  460
0
  461
0
  452
1
  462
1
  453
2
  463
0
  63
5
  421
255
  463
1
  63
7
  421
16777215
  470
LINEAR
  1001
ACAD
  1010
0
  1020
0
  1030
0
  0
LWPOLYLINE
  5
1426
  100
AcDbEntity
  8
Top-Paste-Mask-Layer
  100
AcDbPolyline
  90
8
  70
1
  43
0
  10
16.87609855219711
  20
17.677035814071633
  10
16.7791023871479
  20
17.73303657607316
  10
16.779102387147894
  20
17.845038100076206
  10
16.87609855219711
  20
17.90103886207773
  10
17.502108204216412
  20
17.90103886207773
  10
17.599104369265625
  20
17.845038100076206
  10
17.59910436926562
  20
17.73303657607316
  10
17.502108204216412
  20
17.677035814071633
  0
HATCH
  5
1429
  100
AcDbEntity
  8
Top-Paste-Mask-Layer
  100
AcDbHatch
  10
0
  20
0
  30
0
  210
0
  220
0
  230
1
  2
SOLID
  70
1
  71
0
  91
1
  92
7
  72
0
  73
1
  93
8
  10
16.87609855219711
  20
17.27703581407163
  10
16.7791023871479
  20
17.33303657607316
  10
16.779102387147894
  20
17.4450381000762
  10
16.87609855219711
  20
17.501038862077728
  10
17.502108204216412
  20
17.501038862077728
  10
17.599104369265625
  20
17.4450381000762
  10
17.59910436926562
  20
17.33303657607316
  10
17.502108204216412
  20
17.27703581407163
  97
1
  330
1428
  75
0
  76
1
  47
0.4128176842155181
  98
1
  10
34.90568961886538
  20
22.81183545379326
  450
0
  451
0
  460
0
  461
0
  452
1
  462
1
  453
2
  463
0
  63
5
  421
255
  463
1
  63
7
  421
16777215
  470
LINEAR
  1001
ACAD
  1010
0
  1020
0
  1030
0
  0
LWPOLYLINE
  5
1428
  100
AcDbEntity
  8
Top-Paste-Mask-Layer
  100
AcDbPolyline
  90
8
  70
1
  43
0
  10
16.87609855219711
  20
17.27703581407163
  10
16.7791023871479
  20
17.33303657607316
  10
16.779102387147894
  20
17.4450381000762
  10
16.87609855219711
  20
17.501038862077728
  10
17.502108204216412
  20
17.501038862077728
  10
17.599104369265625
  20
17.4450381000762
  10
17.59910436926562
  20
17.33303657607316
  10
17.502108204216412
  20
17.27703581407163
  0
HATCH
  5
1431
  100
AcDbEntity
  8
Top-Paste-Mask-Layer
  100
AcDbHatch
  10
0
  20
0
  30
0
  210
0
  220
0
  230
1
  2
SOLID
  70
1
  71
0
  91
1
  92
7
  72
0
  73
1
  93
8
  10
16.87609855219711
  20
16.877035814071633
  10
16.7791023871479
  20
16.933036576073157
  10
16.779102387147894
  20
17.0450381000762
  10
16.87609855219711
  20
17.10103886207773
  10
17.502108204216412
  20
17.10103886207773
  10
17.599104369265625
  20
17.0450381000762
  10
17.59910436926562
  20
16.933036576073157
  10
17.502108204216412
  20
16.877035814071633
  97
1
  330
1430
  75
0
  76
1
  47
0.4128176842155181
  98
1
  10
34.90568961886538
  20
22.81183545379326
  450
0
  451
0
  460
0
  461
0
  452
1
  462
1
  453
2
  463
0
  63
5
  421
255
  463
1
  63
7
  421
16777215
  470
LINEAR
  1001
ACAD
  1010
0
  1020
0
  1030
0
  0
LWPOLYLINE
  5
1430
  100
AcDbEntity
  8
Top-Paste-Mask-Layer
  100
AcDbPolyline
  90
8
  70
1
  43
0
  10
16.87609855219711
  20
16.877035814071633
  10
16.7791023871479
  20
16.933036576073157
  10
16.779102387147894
  20
17.0450381000762
  10
16.87609855219711
  20
17.10103886207773
  10
17.502108204216412
  20
17.10103886207773
  10
17.599104369265625
  20
17.0450381000762
  10
17.59910436926562
  20
16.933036576073157
  10
17.502108204216412
  20
16.877035814071633
  0
HATCH
  5
1433
  100
AcDbEntity
  8
Top-Paste-Mask-Layer
  100
AcDbHatch
  10
0
  20
0
  30
0
  210
0
  220
0
  230
1
  2
SOLID
  70
1
  71
0
  91
1
  92
7
  72
0
  73
1
  93
8
  10
16.87609855219711
  20
16.477035814071634
  10
16.7791023871479
  20
16.533036576073158
  10
16.779102387147894
  20
16.645038100076203
  10
16.87609855219711
  20
16.70103886207773
  10
17.502108204216412
  20
16.70103886207773
  10
17.599104369265625
  20
16.645038100076203
  10
17.59910436926562
  20
16.533036576073158
  10
17.502108204216412
  20
16.477035814071634
  97
1
  330
1432
  75
0
  76
1
  47
0.4128176842155181
  98
1
  10
34.90568961886538
  20
22.81183545379326
  450
0
  451
0
  460
0
  461
0
  452
1
  462
1
  453
2
  463
0
  63
5
  421
255
  463
1
  63
7
  421
16777215
  470
LINEAR
  1001
ACAD
  1010
0
  1020
0
  1030
0
  0
LWPOLYLINE
  5
1432
  100
AcDbEntity
  8
Top-Paste-Mask-Layer
  100
AcDbPolyline
  90
8
  70
1
  43
0
  10
16.87609855219711
  20
16.477035814071634
  10
16.7791023871479
  20
16.533036576073158
  10
16.779102387147894
  20
16.645038100076203
  10
16.87609855219711
  20
16.70103886207773
  10
17.502108204216412
  20
16.70103886207773
  10
17.599104369265625
  20
16.645038100076203
  10
17.59910436926562
  20
16.533036576073158
  10
17.502108204216412
  20
16.477035814071634
  0
HATCH
  5
1435
  100
AcDbEntity
  8
Top-Paste-Mask-Layer
  100
AcDbHatch
  10
0
  20
0
  30
0
  210
0
  220
0
  230
1
  2
SOLID
  70
1
  71
0
  91
1
  92
7
  72
0
  73
1
  93
8
  10
16.87609855219711
  20
16.077035814071635
  10
16.7791023871479
  20
16.13303657607316
  10
16.779102387147894
  20
16.245038100076204
  10
16.87609855219711
  20
16.301038862077732
  10
17.502108204216412
  20
16.301038862077732
  10
17.599104369265625
  20
16.245038100076204
  10
17.59910436926562
  20
16.13303657607316
  10
17.502108204216412
  20
16.077035814071635
  97
1
  330
1434
  75
0
  76
1
  47
0.4128176842155181
  98
1
  10
34.90568961886538
  20
22.81183545379326
  450
0
  451
0
  460
0
  461
0
  452
1
  462
1
  453
2
  463
0
  63
5
  421
255
  463
1
  63
7
  421
16777215
  470
LINEAR
  1001
ACAD
  1010
0
  1020
0
  1030
0
  0
LWPOLYLINE
  5
1434
  100
AcDbEntity
  8
Top-Paste-Mask-Layer
  100
AcDbPolyline
  90
8
  70
1
  43
0
  10
16.87609855219711
  20
16.077035814071635
  10
16.7791023871479
  20
16.13303657607316
  10
16.779102387147894
  20
16.245038100076204
  10
16.87609855219711
  20
16.301038862077732
  10
17.502108204216412
  20
16.301038862077732
  10
17.599104369265625
  20
16.245038100076204
  10
17.59910436926562
  20
16.13303657607316
  10
17.502108204216412
  20
16.077035814071635
  0
HATCH
  5
1437
  100
AcDbEntity
  8
Top-Paste-Mask-Layer
  100
AcDbHatch
  10
0
  20
0
  30
0
  210
0
  220
0
  230
1
  2
SOLID
  70
1
  71
0
  91
1
  92
7
  72
0
  73
1
  93
8
  10
16.87609855219711
  20
15.67703581407163
  10
16.7791023871479
  20
15.733036576073157
  10
16.779102387147894
  20
15.845038100076202
  10
16.87609855219711
  20
15.901038862077726
  10
17.502108204216412
  20
15.901038862077726
  10
17.599104369265625
  20
15.845038100076202
  10
17.59910436926562
  20
15.733036576073157
  10
17.502108204216412
  20
15.67703581407163
  97
1
  330
1436
  75
0
  76
1
  47
0.4128176842155181
  98
1
  10
34.90568961886538
  20
22.81183545379326
  450
0
  451
0
  460
0
  461
0
  452
1
  462
1
  453
2
  463
0
  63
5
  421
255
  463
1
  63
7
  421
16777215
  470
LINEAR
  1001
ACAD
  1010
0
  1020
0
  1030
0
  0
LWPOLYLINE
  5
1436
  100
AcDbEntity
  8
Top-Paste-Mask-Layer
  100
AcDbPolyline
  90
8
  70
1
  43
0
  10
16.87609855219711
  20
15.67703581407163
  10
16.7791023871479
  20
15.733036576073157
  10
16.779102387147894
  20
15.845038100076202
  10
16.87609855219711
  20
15.901038862077726
  10
17.502108204216412
  20
15.901038862077726
  10
17.599104369265625
  20
15.845038100076202
  10
17.59910436926562
  20
15.733036576073157
  10
17.502108204216412
  20
15.67703581407163
  0
HATCH
  5
1439
  100
AcDbEntity
  8
Top-Paste-Mask-Layer
  100
AcDbHatch
  10
0
  20
0
  30
0
  210
0
  220
0
  230
1
  2
SOLID
  70
1
  71
0
  91
1
  92
7
  72
0
  73
1
  93
8
  10
16.87609855219711
  20
15.277035814071631
  10
16.7791023871479
  20
15.333036576073159
  10
16.779102387147894
  20
15.445038100076204
  10
16.87609855219711
  20
15.501038862077728
  10
17.502108204216412
  20
15.501038862077728
  10
17.599104369265625
  20
15.445038100076204
  10
17.59910436926562
  20
15.333036576073159
  10
17.502108204216412
  20
15.277035814071631
  97
1
  330
1438
  75
0
  76
1
  47
0.4128176842155181
  98
1
  10
34.90568961886538
  20
22.81183545379326
  450
0
  451
0
  460
0
  461
0
  452
1
  462
1
  453
2
  463
0
  63
5
  421
255
  463
1
  63
7
  421
16777215
  470
LINEAR
  1001
ACAD
  1010
0
  1020
0
  1030
0
  0
LWPOLYLINE
  5
1438
  100
AcDbEntity
  8
Top-Paste-Mask-Layer
  100
AcDbPolyline
  90
8
  70
1
  43
0
  10
16.87609855219711
  20
15.277035814071631
  10
16.7791023871479
  20
15.333036576073159
  10
16.779102387147894
  20
15.445038100076204
  10
16.87609855219711
  20
15.501038862077728
  10
17.502108204216412
  20
15.501038862077728
  10
17.599104369265625
  20
15.445038100076204
  10
17.59910436926562
  20
15.333036576073159
  10
17.502108204216412
  20
15.277035814071631
  0
HATCH
  5
1441
  100
AcDbEntity
  8
Top-Paste-Mask-Layer
  100
AcDbHatch
  10
0
  20
0
  30
0
  210
0
  220
0
  230
1
  2
SOLID
  70
1
  71
0
  91
1
  92
7
  72
0
  73
1
  93
8
  10
16.501028702057408
  20
14.27595631191263
  10
16.445027940055883
  20
14.178960146863417
  10
16.33302641605284
  20
14.178960146863417
  10
16.27702565405131
  20
14.27595631191263
  10
16.27702565405131
  20
14.901965963931929
  10
16.33302641605284
  20
14.998962128981145
  10
16.445027940055883
  20
14.998962128981141
  10
16.501028702057408
  20
14.901965963931929
  97
1
  330
1440
  75
0
  76
1
  47
0.4128176842155181
  98
1
  10
34.90568961886538
  20
22.81183545379326
  450
0
  451
0
  460
0
  461
0
  452
1
  462
1
  453
2
  463
0
  63
5
  421
255
  463
1
  63
7
  421
16777215
  470
LINEAR
  1001
ACAD
  1010
0
  1020
0
  1030
0
  0
LWPOLYLINE
  5
1440
  100
AcDbEntity
  8
Top-Paste-Mask-Layer
  100
AcDbPolyline
  90
8
  70
1
  43
0
  10
16.501028702057408
  20
14.27595631191263
  10
16.445027940055883
  20
14.178960146863417
  10
16.33302641605284
  20
14.178960146863417
  10
16.27702565405131
  20
14.27595631191263
  10
16.27702565405131
  20
14.901965963931929
  10
16.33302641605284
  20
14.998962128981145
  10
16.445027940055883
  20
14.998962128981141
  10
16.501028702057408
  20
14.901965963931929
  0
HATCH
  5
1443
  100
AcDbEntity
  8
Top-Paste-Mask-Layer
  100
AcDbHatch
  10
0
  20
0
  30
0
  210
0
  220
0
  230
1
  2
SOLID
  70
1
  71
0
  91
1
  92
7
  72
0
  73
1
  93
8
  10
16.10102870205741
  20
14.27595631191263
  10
16.04502794005588
  20
14.178960146863417
  10
15.933026416052837
  20
14.178960146863417
  10
15.877025654051312
  20
14.27595631191263
  10
15.877025654051312
  20
14.901965963931929
  10
15.933026416052837
  20
14.998962128981145
  10
16.04502794005588
  20
14.998962128981141
  10
16.10102870205741
  20
14.901965963931929
  97
1
  330
1442
  75
0
  76
1
  47
0.4128176842155181
  98
1
  10
34.90568961886538
  20
22.81183545379326
  450
0
  451
0
  460
0
  461
0
  452
1
  462
1
  453
2
  463
0
  63
5
  421
255
  463
1
  63
7
  421
16777215
  470
LINEAR
  1001
ACAD
  1010
0
  1020
0
  1030
0
  0
LWPOLYLINE
  5
1442
  100
AcDbEntity
  8
Top-Paste-Mask-Layer
  100
AcDbPolyline
  90
8
  70
1
  43
0
  10
16.10102870205741
  20
14.27595631191263
  10
16.04502794005588
  20
14.178960146863417
  10
15.933026416052837
  20
14.178960146863417
  10
15.877025654051312
  20
14.27595631191263
  10
15.877025654051312
  20
14.901965963931929
  10
15.933026416052837
  20
14.998962128981145
  10
16.04502794005588
  20
14.998962128981141
  10
16.10102870205741
  20
14.901965963931929
  0
HATCH
  5
1445
  100
AcDbEntity
  8
Top-Paste-Mask-Layer
  100
AcDbHatch
  10
0
  20
0
  30
0
  210
0
  220
0
  230
1
  2
SOLID
  70
1
  71
0
  91
1
  92
7
  72
0
  73
1
  93
8
  10
15.701028702057407
  20
14.27595631191263
  10
15.64502794005588
  20
14.178960146863417
  10
15.533026416052834
  20
14.178960146863417
  10
15.47702565405131
  20
14.27595631191263
  10
15.47702565405131
  20
14.901965963931929
  10
15.533026416052834
  20
14.998962128981145
  10
15.64502794005588
  20
14.998962128981141
  10
15.701028702057407
  20
14.901965963931929
  97
1
  330
1444
  75
0
  76
1
  47
0.4128176842155181
  98
1
  10
34.90568961886538
  20
22.81183545379326
  450
0
  451
0
  460
0
  461
0
  452
1
  462
1
  453
2
  463
0
  63
5
  421
255
  463
1
  63
7
  421
16777215
  470
LINEAR
  1001
ACAD
  1010
0
  1020
0
  1030
0
  0
LWPOLYLINE
  5
1444
  100
AcDbEntity
  8
Top-Paste-Mask-Layer
  100
AcDbPolyline
  90
8
  70
1
  43
0
  10
15.701028702057407
  20
14.27595631191263
  10
15.64502794005588
  20
14.178960146863417
  10
15.533026416052834
  20
14.178960146863417
  10
15.47702565405131
  20
14.27595631191263
  10
15.47702565405131
  20
14.901965963931929
  10
15.533026416052834
  20
14.998962128981145
  10
15.64502794005588
  20
14.998962128981141
  10
15.701028702057407
  20
14.901965963931929
  0
HATCH
  5
1447
  100
AcDbEntity
  8
Top-Paste-Mask-Layer
  100
AcDbHatch
  10
0
  20
0
  30
0
  210
0
  220
0
  230
1
  2
SOLID
  70
1
  71
0
  91
1
  92
7
  72
0
  73
1
  93
8
  10
15.301028702057408
  20
14.27595631191263
  10
15.24502794005588
  20
14.178960146863417
  10
15.133026416052836
  20
14.178960146863417
  10
15.077025654051312
  20
14.27595631191263
  10
15.077025654051312
  20
14.901965963931929
  10
15.133026416052836
  20
14.998962128981145
  10
15.24502794005588
  20
14.998962128981141
  10
15.301028702057408
  20
14.901965963931929
  97
1
  330
1446
  75
0
  76
1
  47
0.4128176842155181
  98
1
  10
34.90568961886538
  20
22.81183545379326
  450
0
  451
0
  460
0
  461
0
  452
1
  462
1
  453
2
  463
0
  63
5
  421
255
  463
1
  63
7
  421
16777215
  470
LINEAR
  1001
ACAD
  1010
0
  1020
0
  1030
0
  0
LWPOLYLINE
  5
1446
  100
AcDbEntity
  8
Top-Paste-Mask-Layer
  100
AcDbPolyline
  90
8
  70
1
  43
0
  10
15.301028702057408
  20
14.27595631191263
  10
15.24502794005588
  20
14.178960146863417
  10
15.133026416052836
  20
14.178960146863417
  10
15.077025654051312
  20
14.27595631191263
  10
15.077025654051312
  20
14.901965963931929
  10
15.133026416052836
  20
14.998962128981145
  10
15.24502794005588
  20
14.998962128981141
  10
15.301028702057408
  20
14.901965963931929
  0
HATCH
  5
1449
  100
AcDbEntity
  8
Top-Paste-Mask-Layer
  100
AcDbHatch
  10
0
  20
0
  30
0
  210
0
  220
0
  230
1
  2
SOLID
  70
1
  71
0
  91
1
  92
7
  72
0
  73
1
  93
8
  10
14.90102870205741
  20
14.27595631191263
  10
14.845027940055882
  20
14.178960146863417
  10
14.733026416052837
  20
14.178960146863417
  10
14.677025654051313
  20
14.27595631191263
  10
14.677025654051313
  20
14.901965963931929
  10
14.733026416052837
  20
14.998962128981145
  10
14.845027940055882
  20
14.998962128981141
  10
14.90102870205741
  20
14.901965963931929
  97
1
  330
1448
  75
0
  76
1
  47
0.4128176842155181
  98
1
  10
34.90568961886538
  20
22.81183545379326
  450
0
  451
0
  460
0
  461
0
  452
1
  462
1
  453
2
  463
0
  63
5
  421
255
  463
1
  63
7
  421
16777215
  470
LINEAR
  1001
ACAD
  1010
0
  1020
0
  1030
0
  0
LWPOLYLINE
  5
1448
  100
AcDbEntity
  8
Top-Paste-Mask-Layer
  100
AcDbPolyline
  90
8
  70
1
  43
0
  10
14.90102870205741
  20
14.27595631191263
  10
14.845027940055882
  20
14.178960146863417
  10
14.733026416052837
  20
14.178960146863417
  10
14.677025654051313
  20
14.27595631191263
  10
14.677025654051313
  20
14.901965963931929
  10
14.733026416052837
  20
14.998962128981145
  10
14.845027940055882
  20
14.998962128981141
  10
14.90102870205741
  20
14.901965963931929
  0
HATCH
  5
1451
  100
AcDbEntity
  8
Top-Paste-Mask-Layer
  100
AcDbHatch
  10
0
  20
0
  30
0
  210
0
  220
0
  230
1
  2
SOLID
  70
1
  71
0
  91
1
  92
7
  72
0
  73
1
  93
8
  10
14.501028702057408
  20
14.27595631191263
  10
14.445027940055883
  20
14.178960146863417
  10
14.333026416052839
  20
14.178960146863417
  10
14.277025654051311
  20
14.27595631191263
  10
14.277025654051311
  20
14.901965963931929
  10
14.333026416052839
  20
14.998962128981145
  10
14.445027940055883
  20
14.998962128981141
  10
14.501028702057408
  20
14.901965963931929
  97
1
  330
1450
  75
0
  76
1
  47
0.4128176842155181
  98
1
  10
34.90568961886538
  20
22.81183545379326
  450
0
  451
0
  460
0
  461
0
  452
1
  462
1
  453
2
  463
0
  63
5
  421
255
  463
1
  63
7
  421
16777215
  470
LINEAR
  1001
ACAD
  1010
0
  1020
0
  1030
0
  0
LWPOLYLINE
  5
1450
  100
AcDbEntity
  8
Top-Paste-Mask-Layer
  100
AcDbPolyline
  90
8
  70
1
  43
0
  10
14.501028702057408
  20
14.27595631191263
  10
14.445027940055883
  20
14.178960146863417
  10
14.333026416052839
  20
14.178960146863417
  10
14.277025654051311
  20
14.27595631191263
  10
14.277025654051311
  20
14.901965963931929
  10
14.333026416052839
  20
14.998962128981145
  10
14.445027940055883
  20
14.998962128981141
  10
14.501028702057408
  20
14.901965963931929
  0
HATCH
  5
1453
  100
AcDbEntity
  8
Top-Paste-Mask-Layer
  100
AcDbHatch
  10
0
  20
0
  30
0
  210
0
  220
0
  230
1
  2
SOLID
  70
1
  71
0
  91
1
  92
7
  72
0
  73
1
  93
8
  10
14.101028702057405
  20
14.27595631191263
  10
14.045027940055881
  20
14.178960146863417
  10
13.933026416052837
  20
14.178960146863417
  10
13.877025654051309
  20
14.27595631191263
  10
13.877025654051309
  20
14.901965963931929
  10
13.933026416052837
  20
14.998962128981145
  10
14.045027940055881
  20
14.998962128981141
  10
14.101028702057405
  20
14.901965963931929
  97
1
  330
1452
  75
0
  76
1
  47
0.4128176842155181
  98
1
  10
34.90568961886538
  20
22.81183545379326
  450
0
  451
0
  460
0
  461
0
  452
1
  462
1
  453
2
  463
0
  63
5
  421
255
  463
1
  63
7
  421
16777215
  470
LINEAR
  1001
ACAD
  1010
0
  1020
0
  1030
0
  0
LWPOLYLINE
  5
1452
  100
AcDbEntity
  8
Top-Paste-Mask-Layer
  100
AcDbPolyline
  90
8
  70
1
  43
0
  10
14.101028702057405
  20
14.27595631191263
  10
14.045027940055881
  20
14.178960146863417
  10
13.933026416052837
  20
14.178960146863417
  10
13.877025654051309
  20
14.27595631191263
  10
13.877025654051309
  20
14.901965963931929
  10
13.933026416052837
  20
14.998962128981145
  10
14.045027940055881
  20
14.998962128981141
  10
14.101028702057405
  20
14.901965963931929
  0
HATCH
  5
1455
  100
AcDbEntity
  8
Top-Paste-Mask-Layer
  100
AcDbHatch
  10
0
  20
0
  30
0
  210
0
  220
0
  230
1
  2
SOLID
  70
1
  71
0
  91
1
  92
7
  72
0
  73
1
  93
8
  10
13.701028702057407
  20
14.27595631191263
  10
13.645027940055883
  20
14.178960146863417
  10
13.533026416052838
  20
14.178960146863417
  10
13.47702565405131
  20
14.27595631191263
  10
13.47702565405131
  20
14.901965963931929
  10
13.533026416052838
  20
14.998962128981145
  10
13.645027940055883
  20
14.998962128981141
  10
13.701028702057407
  20
14.901965963931929
  97
1
  330
1454
  75
0
  76
1
  47
0.4128176842155181
  98
1
  10
34.90568961886538
  20
22.81183545379326
  450
0
  451
0
  460
0
  461
0
  452
1
  462
1
  453
2
  463
0
  63
5
  421
255
  463
1
  63
7
  421
16777215
  470
LINEAR
  1001
ACAD
  1010
0
  1020
0
  1030
0
  0
LWPOLYLINE
  5
1454
  100
AcDbEntity
  8
Top-Paste-Mask-Layer
  100
AcDbPolyline
  90
8
  70
1
  43
0
  10
13.701028702057407
  20
14.27595631191263
  10
13.645027940055883
  20
14.178960146863417
  10
13.533026416052838
  20
14.178960146863417
  10
13.47702565405131
  20
14.27595631191263
  10
13.47702565405131
  20
14.901965963931929
  10
13.533026416052838
  20
14.998962128981145
  10
13.645027940055883
  20
14.998962128981141
  10
13.701028702057407
  20
14.901965963931929
  0
HATCH
  5
1457
  100
AcDbEntity
  8
Top-Paste-Mask-Layer
  100
AcDbHatch
  10
0
  20
0
  30
0
  210
0
  220
0
  230
1
  2
SOLID
  70
1
  71
0
  91
1
  92
7
  72
0
  73
1
  93
8
  10
13.301028702057408
  20
14.27595631191263
  10
13.24502794005588
  20
14.178960146863417
  10
13.133026416052836
  20
14.178960146863417
  10
13.077025654051312
  20
14.27595631191263
  10
13.077025654051312
  20
14.901965963931929
  10
13.133026416052836
  20
14.998962128981145
  10
13.24502794005588
  20
14.998962128981141
  10
13.301028702057408
  20
14.901965963931929
  97
1
  330
1456
  75
0
  76
1
  47
0.4128176842155181
  98
1
  10
34.90568961886538
  20
22.81183545379326
  450
0
  451
0
  460
0
  461
0
  452
1
  462
1
  453
2
  463
0
  63
5
  421
255
  463
1
  63
7
  421
16777215
  470
LINEAR
  1001
ACAD
  1010
0
  1020
0
  1030
0
  0
LWPOLYLINE
  5
1456
  100
AcDbEntity
  8
Top-Paste-Mask-Layer
  100
AcDbPolyline
  90
8
  70
1
  43
0
  10
13.301028702057408
  20
14.27595631191263
  10
13.24502794005588
  20
14.178960146863417
  10
13.133026416052836
  20
14.178960146863417
  10
13.077025654051312
  20
14.27595631191263
  10
13.077025654051312
  20
14.901965963931929
  10
13.133026416052836
  20
14.998962128981145
  10
13.24502794005588
  20
14.998962128981141
  10
13.301028702057408
  20
14.901965963931929
  0
HATCH
  5
1459
  100
AcDbEntity
  8
Top-Paste-Mask-Layer
  100
AcDbHatch
  10
0
  20
0
  30
0
  210
0
  220
0
  230
1
  2
SOLID
  70
1
  71
0
  91
1
  92
7
  72
0
  73
1
  93
8
  10
12.901028702057406
  20
14.27595631191263
  10
12.845027940055878
  20
14.178960146863417
  10
12.733026416052834
  20
14.178960146863417
  10
12.67702565405131
  20
14.27595631191263
  10
12.67702565405131
  20
14.901965963931929
  10
12.733026416052834
  20
14.998962128981145
  10
12.845027940055878
  20
14.998962128981141
  10
12.901028702057406
  20
14.901965963931929
  97
1
  330
1458
  75
0
  76
1
  47
0.4128176842155181
  98
1
  10
34.90568961886538
  20
22.81183545379326
  450
0
  451
0
  460
0
  461
0
  452
1
  462
1
  453
2
  463
0
  63
5
  421
255
  463
1
  63
7
  421
16777215
  470
LINEAR
  1001
ACAD
  1010
0
  1020
0
  1030
0
  0
LWPOLYLINE
  5
1458
  100
AcDbEntity
  8
Top-Paste-Mask-Layer
  100
AcDbPolyline
  90
8
  70
1
  43
0
  10
12.901028702057406
  20
14.27595631191263
  10
12.845027940055878
  20
14.178960146863417
  10
12.733026416052834
  20
14.178960146863417
  10
12.67702565405131
  20
14.27595631191263
  10
12.67702565405131
  20
14.901965963931929
  10
12.733026416052834
  20
14.998962128981145
  10
12.845027940055878
  20
14.998962128981141
  10
12.901028702057406
  20
14.901965963931929
  0
HATCH
  5
1461
  100
AcDbEntity
  8
Top-Paste-Mask-Layer
  100
AcDbHatch
  10
0
  20
0
  30
0
  210
0
  220
0
  230
1
  2
SOLID
  70
1
  71
0
  91
1
  92
7
  72
0
  73
1
  93
8
  10
12.501028702057408
  20
14.27595631191263
  10
12.44502794005588
  20
14.178960146863417
  10
12.333026416052835
  20
14.178960146863417
  10
12.277025654051311
  20
14.27595631191263
  10
12.277025654051311
  20
14.901965963931929
  10
12.333026416052835
  20
14.998962128981145
  10
12.44502794005588
  20
14.998962128981141
  10
12.501028702057408
  20
14.901965963931929
  97
1
  330
1460
  75
0
  76
1
  47
0.4128176842155181
  98
1
  10
34.90568961886538
  20
22.81183545379326
  450
0
  451
0
  460
0
  461
0
  452
1
  462
1
  453
2
  463
0
  63
5
  421
255
  463
1
  63
7
  421
16777215
  470
LINEAR
  1001
ACAD
  1010
0
  1020
0
  1030
0
  0
LWPOLYLINE
  5
1460
  100
AcDbEntity
  8
Top-Paste-Mask-Layer
  100
AcDbPolyline
  90
8
  70
1
  43
0
  10
12.501028702057408
  20
14.27595631191263
  10
12.44502794005588
  20
14.178960146863417
  10
12.333026416052835
  20
14.178960146863417
  10
12.277025654051311
  20
14.27595631191263
  10
12.277025654051311
  20
14.901965963931929
  10
12.333026416052835
  20
14.998962128981145
  10
12.44502794005588
  20
14.998962128981141
  10
12.501028702057408
  20
14.901965963931929
  0
HATCH
  5
1463
  100
AcDbEntity
  8
Top-Paste-Mask-Layer
  100
AcDbHatch
  10
0
  20
0
  30
0
  210
0
  220
0
  230
1
  2
SOLID
  70
1
  71
0
  91
1
  92
7
  72
0
  73
1
  93
8
  10
12.101028702057405
  20
14.27595631191263
  10
12.045027940055881
  20
14.178960146863417
  10
11.933026416052837
  20
14.178960146863417
  10
11.877025654051312
  20
14.27595631191263
  10
11.877025654051312
  20
14.901965963931929
  10
11.933026416052837
  20
14.998962128981145
  10
12.045027940055881
  20
14.998962128981141
  10
12.101028702057405
  20
14.901965963931929
  97
1
  330
1462
  75
0
  76
1
  47
0.4128176842155181
  98
1
  10
34.90568961886538
  20
22.81183545379326
  450
0
  451
0
  460
0
  461
0
  452
1
  462
1
  453
2
  463
0
  63
5
  421
255
  463
1
  63
7
  421
16777215
  470
LINEAR
  1001
ACAD
  1010
0
  1020
0
  1030
0
  0
LWPOLYLINE
  5
1462
  100
AcDbEntity
  8
Top-Paste-Mask-Layer
  100
AcDbPolyline
  90
8
  70
1
  43
0
  10
12.101028702057405
  20
14.27595631191263
  10
12.045027940055881
  20
14.178960146863417
  10
11.933026416052837
  20
14.178960146863417
  10
11.877025654051312
  20
14.27595631191263
  10
11.877025654051312
  20
14.901965963931929
  10
11.933026416052837
  20
14.998962128981145
  10
12.045027940055881
  20
14.998962128981141
  10
12.101028702057405
  20
14.901965963931929
  0
HATCH
  5
1465
  100
AcDbEntity
  8
Top-Paste-Mask-Layer
  100
AcDbHatch
  10
0
  20
0
  30
0
  210
0
  220
0
  230
1
  2
SOLID
  70
1
  71
0
  91
1
  92
7
  72
0
  73
1
  93
8
  10
11.701028702057407
  20
14.27595631191263
  10
11.645027940055883
  20
14.178960146863417
  10
11.533026416052834
  20
14.178960146863417
  10
11.47702565405131
  20
14.27595631191263
  10
11.47702565405131
  20
14.901965963931929
  10
11.533026416052834
  20
14.998962128981145
  10
11.645027940055883
  20
14.998962128981141
  10
11.701028702057407
  20
14.901965963931929
  97
1
  330
1464
  75
0
  76
1
  47
0.4128176842155181
  98
1
  10
34.90568961886538
  20
22.81183545379326
  450
0
  451
0
  460
0
  461
0
  452
1
  462
1
  453
2
  463
0
  63
5
  421
255
  463
1
  63
7
  421
16777215
  470
LINEAR
  1001
ACAD
  1010
0
  1020
0
  1030
0
  0
LWPOLYLINE
  5
1464
  100
AcDbEntity
  8
Top-Paste-Mask-Layer
  100
AcDbPolyline
  90
8
  70
1
  43
0
  10
11.701028702057407
  20
14.27595631191263
  10
11.645027940055883
  20
14.178960146863417
  10
11.533026416052834
  20
14.178960146863417
  10
11.47702565405131
  20
14.27595631191263
  10
11.47702565405131
  20
14.901965963931929
  10
11.533026416052834
  20
14.998962128981145
  10
11.645027940055883
  20
14.998962128981141
  10
11.701028702057407
  20
14.901965963931929
  0
HATCH
  5
1467
  100
AcDbEntity
  8
Top-Paste-Mask-Layer
  100
AcDbHatch
  10
0
  20
0
  30
0
  210
0
  220
0
  230
1
  2
SOLID
  70
1
  71
0
  91
1
  92
7
  72
0
  73
1
  93
8
  10
11.301028702057405
  20
14.27595631191263
  10
11.24502794005588
  20
14.178960146863417
  10
11.133026416052832
  20
14.178960146863417
  10
11.077025654051308
  20
14.27595631191263
  10
11.077025654051308
  20
14.901965963931929
  10
11.133026416052832
  20
14.998962128981145
  10
11.24502794005588
  20
14.998962128981141
  10
11.301028702057405
  20
14.901965963931929
  97
1
  330
1466
  75
0
  76
1
  47
0.4128176842155181
  98
1
  10
34.90568961886538
  20
22.81183545379326
  450
0
  451
0
  460
0
  461
0
  452
1
  462
1
  453
2
  463
0
  63
5
  421
255
  463
1
  63
7
  421
16777215
  470
LINEAR
  1001
ACAD
  1010
0
  1020
0
  1030
0
  0
LWPOLYLINE
  5
1466
  100
AcDbEntity
  8
Top-Paste-Mask-Layer
  100
AcDbPolyline
  90
8
  70
1
  43
0
  10
11.301028702057405
  20
14.27595631191263
  10
11.24502794005588
  20
14.178960146863417
  10
11.133026416052832
  20
14.178960146863417
  10
11.077025654051308
  20
14.27595631191263
  10
11.077025654051308
  20
14.901965963931929
  10
11.133026416052832
  20
14.998962128981145
  10
11.24502794005588
  20
14.998962128981141
  10
11.301028702057405
  20
14.901965963931929
  0
HATCH
  5
1469
  100
AcDbEntity
  8
Top-Paste-Mask-Layer
  100
AcDbHatch
  10
0
  20
0
  30
0
  210
0
  220
0
  230
1
  2
SOLID
  70
1
  71
0
  91
1
  92
7
  72
0
  73
1
  93
8
  10
10.901028702057406
  20
14.27595631191263
  10
10.845027940055882
  20
14.178960146863417
  10
10.733026416052834
  20
14.178960146863417
  10
10.67702565405131
  20
14.27595631191263
  10
10.67702565405131
  20
14.901965963931929
  10
10.733026416052834
  20
14.998962128981145
  10
10.845027940055882
  20
14.998962128981141
  10
10.901028702057406
  20
14.901965963931929
  97
1
  330
1468
  75
0
  76
1
  47
0.4128176842155181
  98
1
  10
34.90568961886538
  20
22.81183545379326
  450
0
  451
0
  460
0
  461
0
  452
1
  462
1
  453
2
  463
0
  63
5
  421
255
  463
1
  63
7
  421
16777215
  470
LINEAR
  1001
ACAD
  1010
0
  1020
0
  1030
0
  0
LWPOLYLINE
  5
1468
  100
AcDbEntity
  8
Top-Paste-Mask-Layer
  100
AcDbPolyline
  90
8
  70
1
  43
0
  10
10.901028702057406
  20
14.27595631191263
  10
10.845027940055882
  20
14.178960146863417
  10
10.733026416052834
  20
14.178960146863417
  10
10.67702565405131
  20
14.27595631191263
  10
10.67702565405131
  20
14.901965963931929
  10
10.733026416052834
  20
14.998962128981145
  10
10.845027940055882
  20
14.998962128981141
  10
10.901028702057406
  20
14.901965963931929
  0
HATCH
  5
1471
  100
AcDbEntity
  8
Top-Paste-Mask-Layer
  100
AcDbHatch
  10
0
  20
0
  30
0
  210
0
  220
0
  230
1
  2
SOLID
  70
1
  71
0
  91
1
  92
7
  72
0
  73
1
  93
4
  10
48.41196342392685
  20
26.17905511811024
  10
48.41196342392685
  20
20.35903987807976
  10
45.48796037592075
  20
20.359039878079763
  10
45.48796037592075
  20
26.17905511811024
  97
1
  330
1470
  75
0
  76
1
  47
0.4128176842155181
  98
1
  10
34.90568961886538
  20
22.81183545379326
  450
0
  451
0
  460
0
  461
0
  452
1
  462
1
  453
2
  463
0
  63
5
  421
255
  463
1
  63
7
  421
16777215
  470
LINEAR
  1001
ACAD
  1010
0
  1020
0
  1030
0
  0
LWPOLYLINE
  5
1470
  100
AcDbEntity
  8
Top-Paste-Mask-Layer
  100
AcDbPolyline
  90
4
  70
1
  43
0
  10
48.41196342392685
  20
26.17905511811024
  10
48.41196342392685
  20
20.35903987807976
  10
45.48796037592075
  20
20.359039878079763
  10
45.48796037592075
  20
26.17905511811024
  0
HATCH
  5
1473
  100
AcDbEntity
  8
Top-Paste-Mask-Layer
  100
AcDbHatch
  10
0
  20
0
  30
0
  210
0
  220
0
  230
1
  2
SOLID
  70
1
  71
0
  91
1
  92
7
  72
0
  73
1
  93
4
  10
59.66824993649988
  20
26.17905511811024
  10
59.66824993649988
  20
20.359039878079763
  10
56.744246888493784
  20
20.359039878079763
  10
56.744246888493784
  20
26.17905511811024
  97
1
  330
1472
  75
0
  76
1
  47
0.4128176842155181
  98
1
  10
34.90568961886538
  20
22.81183545379326
  450
0
  451
0
  460
0
  461
0
  452
1
  462
1
  453
2
  463
0
  63
5
  421
255
  463
1
  63
7
  421
16777215
  470
LINEAR
  1001
ACAD
  1010
0
  1020
0
  1030
0
  0
LWPOLYLINE
  5
1472
  100
AcDbEntity
  8
Top-Paste-Mask-Layer
  100
AcDbPolyline
  90
4
  70
1
  43
0
  10
59.66824993649988
  20
26.17905511811024
  10
59.66824993649988
  20
20.359039878079763
  10
56.744246888493784
  20
20.359039878079763
  10
56.744246888493784
  20
26.17905511811024
  0
HATCH
  5
1475
  100
AcDbEntity
  8
Top-Paste-Mask-Layer
  100
AcDbHatch
  10
0
  20
0
  30
0
  210
0
  220
0
  230
1
  2
SOLID
  70
1
  71
0
  91
1
  92
7
  72
0
  73
1
  93
4
  10
21.001066802133607
  20
13.54802895605792
  10
21.001066802133607
  20
14.448028956057914
  10
21.801066802133608
  20
14.448028956057914
  10
21.801066802133608
  20
13.54802895605792
  97
1
  330
1474
  75
0
  76
1
  47
0.4128176842155181
  98
1
  10
34.90568961886538
  20
22.81183545379326
  450
0
  451
0
  460
0
  461
0
  452
1
  462
1
  453
2
  463
0
  63
5
  421
255
  463
1
  63
7
  421
16777215
  470
LINEAR
  1001
ACAD
  1010
0
  1020
0
  1030
0
  0
LWPOLYLINE
  5
1474
  100
AcDbEntity
  8
Top-Paste-Mask-Layer
  100
AcDbPolyline
  90
4
  70
1
  43
0
  10
21.001066802133607
  20
13.54802895605792
  10
21.001066802133607
  20
14.448028956057914
  10
21.801066802133608
  20
14.448028956057914
  10
21.801066802133608
  20
13.54802895605792
  0
HATCH
  5
1477
  100
AcDbEntity
  8
Top-Paste-Mask-Layer
  100
AcDbHatch
  10
0
  20
0
  30
0
  210
0
  220
0
  230
1
  2
SOLID
  70
1
  71
0
  91
1
  92
7
  72
0
  73
1
  93
4
  10
19.601016002032008
  20
13.54802895605792
  10
19.601016002032008
  20
14.448028956057914
  10
20.401016002032005
  20
14.448028956057914
  10
20.401016002032005
  20
13.54802895605792
  97
1
  330
1476
  75
0
  76
1
  47
0.4128176842155181
  98
1
  10
34.90568961886538
  20
22.81183545379326
  450
0
  451
0
  460
0
  461
0
  452
1
  462
1
  453
2
  463
0
  63
5
  421
255
  463
1
  63
7
  421
16777215
  470
LINEAR
  1001
ACAD
  1010
0
  1020
0
  1030
0
  0
LWPOLYLINE
  5
1476
  100
AcDbEntity
  8
Top-Paste-Mask-Layer
  100
AcDbPolyline
  90
4
  70
1
  43
0
  10
19.601016002032008
  20
13.54802895605792
  10
19.601016002032008
  20
14.448028956057914
  10
20.401016002032005
  20
14.448028956057914
  10
20.401016002032005
  20
13.54802895605792
  0
HATCH
  5
1479
  100
AcDbEntity
  8
Top-Paste-Mask-Layer
  100
AcDbHatch
  10
0
  20
0
  30
0
  210
0
  220
0
  230
1
  2
SOLID
  70
1
  71
0
  91
1
  92
7
  72
0
  73
1
  93
4
  10
20.40101600203201
  20
16.099032258064522
  10
20.40101600203201
  20
15.199032258064527
  10
19.60101600203201
  20
15.199032258064527
  10
19.60101600203201
  20
16.099032258064522
  97
1
  330
1478
  75
0
  76
1
  47
0.4128176842155181
  98
1
  10
34.90568961886538
  20
22.81183545379326
  450
0
  451
0
  460
0
  461
0
  452
1
  462
1
  453
2
  463
0
  63
5
  421
255
  463
1
  63
7
  421
16777215
  470
LINEAR
  1001
ACAD
  1010
0
  1020
0
  1030
0
  0
LWPOLYLINE
  5
1478
  100
AcDbEntity
  8
Top-Paste-Mask-Layer
  100
AcDbPolyline
  90
4
  70
1
  43
0
  10
20.40101600203201
  20
16.099032258064522
  10
20.40101600203201
  20
15.199032258064527
  10
19.60101600203201
  20
15.199032258064527
  10
19.60101600203201
  20
16.099032258064522
  0
HATCH
  5
1481
  100
AcDbEntity
  8
Top-Paste-Mask-Layer
  100
AcDbHatch
  10
0
  20
0
  30
0
  210
0
  220
0
  230
1
  2
SOLID
  70
1
  71
0
  91
1
  92
7
  72
0
  73
1
  93
4
  10
21.80106680213361
  20
16.099032258064522
  10
21.80106680213361
  20
15.199032258064527
  10
21.00106680213361
  20
15.199032258064527
  10
21.00106680213361
  20
16.099032258064522
  97
1
  330
1480
  75
0
  76
1
  47
0.4128176842155181
  98
1
  10
34.90568961886538
  20
22.81183545379326
  450
0
  451
0
  460
0
  461
0
  452
1
  462
1
  453
2
  463
0
  63
5
  421
255
  463
1
  63
7
  421
16777215
  470
LINEAR
  1001
ACAD
  1010
0
  1020
0
  1030
0
  0
LWPOLYLINE
  5
1480
  100
AcDbEntity
  8
Top-Paste-Mask-Layer
  100
AcDbPolyline
  90
4
  70
1
  43
0
  10
21.80106680213361
  20
16.099032258064522
  10
21.80106680213361
  20
15.199032258064527
  10
21.00106680213361
  20
15.199032258064527
  10
21.00106680213361
  20
16.099032258064522
  0
HATCH
  5
1483
  100
AcDbEntity
  8
Top-Paste-Mask-Layer
  100
AcDbHatch
  10
0
  20
0
  30
0
  210
0
  220
0
  230
1
  2
SOLID
  70
1
  71
0
  91
1
  92
7
  72
0
  73
1
  93
4
  10
20.40101600203201
  20
17.750035560071126
  10
20.40101600203201
  20
16.85003556007113
  10
19.60101600203201
  20
16.85003556007113
  10
19.60101600203201
  20
17.750035560071126
  97
1
  330
1482
  75
0
  76
1
  47
0.4128176842155181
  98
1
  10
34.90568961886538
  20
22.81183545379326
  450
0
  451
0
  460
0
  461
0
  452
1
  462
1
  453
2
  463
0
  63
5
  421
255
  463
1
  63
7
  421
16777215
  470
LINEAR
  1001
ACAD
  1010
0
  1020
0
  1030
0
  0
LWPOLYLINE
  5
1482
  100
AcDbEntity
  8
Top-Paste-Mask-Layer
  100
AcDbPolyline
  90
4
  70
1
  43
0
  10
20.40101600203201
  20
17.750035560071126
  10
20.40101600203201
  20
16.85003556007113
  10
19.60101600203201
  20
16.85003556007113
  10
19.60101600203201
  20
17.750035560071126
  0
HATCH
  5
1485
  100
AcDbEntity
  8
Top-Paste-Mask-Layer
  100
AcDbHatch
  10
0
  20
0
  30
0
  210
0
  220
0
  230
1
  2
SOLID
  70
1
  71
0
  91
1
  92
7
  72
0
  73
1
  93
4
  10
21.80106680213361
  20
17.750035560071126
  10
21.80106680213361
  20
16.85003556007113
  10
21.00106680213361
  20
16.85003556007113
  10
21.00106680213361
  20
17.750035560071126
  97
1
  330
1484
  75
0
  76
1
  47
0.4128176842155181
  98
1
  10
34.90568961886538
  20
22.81183545379326
  450
0
  451
0
  460
0
  461
0
  452
1
  462
1
  453
2
  463
0
  63
5
  421
255
  463
1
  63
7
  421
16777215
  470
LINEAR
  1001
ACAD
  1010
0
  1020
0
  1030
0
  0
LWPOLYLINE
  5
1484
  100
AcDbEntity
  8
Top-Paste-Mask-Layer
  100
AcDbPolyline
  90
4
  70
1
  43
0
  10
21.80106680213361
  20
17.750035560071126
  10
21.80106680213361
  20
16.85003556007113
  10
21.00106680213361
  20
16.85003556007113
  10
21.00106680213361
  20
17.750035560071126
  0
HATCH
  5
1487
  100
AcDbEntity
  8
Top-Paste-Mask-Layer
  100
AcDbHatch
  10
0
  20
0
  30
0
  210
0
  220
0
  230
1
  2
SOLID
  70
1
  71
0
  91
1
  92
7
  72
0
  73
1
  93
4
  10
20.40101600203201
  20
19.40103886207773
  10
20.40101600203201
  20
18.501038862077735
  10
19.60101600203201
  20
18.501038862077735
  10
19.60101600203201
  20
19.40103886207773
  97
1
  330
1486
  75
0
  76
1
  47
0.4128176842155181
  98
1
  10
34.90568961886538
  20
22.81183545379326
  450
0
  451
0
  460
0
  461
0
  452
1
  462
1
  453
2
  463
0
  63
5
  421
255
  463
1
  63
7
  421
16777215
  470
LINEAR
  1001
ACAD
  1010
0
  1020
0
  1030
0
  0
LWPOLYLINE
  5
1486
  100
AcDbEntity
  8
Top-Paste-Mask-Layer
  100
AcDbPolyline
  90
4
  70
1
  43
0
  10
20.40101600203201
  20
19.40103886207773
  10
20.40101600203201
  20
18.501038862077735
  10
19.60101600203201
  20
18.501038862077735
  10
19.60101600203201
  20
19.40103886207773
  0
HATCH
  5
1489
  100
AcDbEntity
  8
Top-Paste-Mask-Layer
  100
AcDbHatch
  10
0
  20
0
  30
0
  210
0
  220
0
  230
1
  2
SOLID
  70
1
  71
0
  91
1
  92
7
  72
0
  73
1
  93
4
  10
21.80106680213361
  20
19.40103886207773
  10
21.80106680213361
  20
18.501038862077735
  10
21.00106680213361
  20
18.501038862077735
  10
21.00106680213361
  20
19.40103886207773
  97
1
  330
1488
  75
0
  76
1
  47
0.4128176842155181
  98
1
  10
34.90568961886538
  20
22.81183545379326
  450
0
  451
0
  460
0
  461
0
  452
1
  462
1
  453
2
  463
0
  63
5
  421
255
  463
1
  63
7
  421
16777215
  470
LINEAR
  1001
ACAD
  1010
0
  1020
0
  1030
0
  0
LWPOLYLINE
  5
1488
  100
AcDbEntity
  8
Top-Paste-Mask-Layer
  100
AcDbPolyline
  90
4
  70
1
  43
0
  10
21.80106680213361
  20
19.40103886207773
  10
21.80106680213361
  20
18.501038862077735
  10
21.00106680213361
  20
18.501038862077735
  10
21.00106680213361
  20
19.40103886207773
  0
HATCH
  5
1491
  100
AcDbEntity
  8
Top-Paste-Mask-Layer
  100
AcDbHatch
  10
0
  20
0
  30
0
  210
0
  220
0
  230
1
  2
SOLID
  70
1
  71
0
  91
1
  92
7
  72
0
  73
1
  93
4
  10
7.158039116078233
  20
19.771041402082812
  10
7.158039116078233
  20
20.671041402082807
  10
7.9580391160782336
  20
20.671041402082807
  10
7.9580391160782336
  20
19.771041402082812
  97
1
  330
1490
  75
0
  76
1
  47
0.4128176842155181
  98
1
  10
34.90568961886538
  20
22.81183545379326
  450
0
  451
0
  460
0
  461
0
  452
1
  462
1
  453
2
  463
0
  63
5
  421
255
  463
1
  63
7
  421
16777215
  470
LINEAR
  1001
ACAD
  1010
0
  1020
0
  1030
0
  0
LWPOLYLINE
  5
1490
  100
AcDbEntity
  8
Top-Paste-Mask-Layer
  100
AcDbPolyline
  90
4
  70
1
  43
0
  10
7.158039116078233
  20
19.771041402082812
  10
7.158039116078233
  20
20.671041402082807
  10
7.9580391160782336
  20
20.671041402082807
  10
7.9580391160782336
  20
19.771041402082812
  0
HATCH
  5
1493
  100
AcDbEntity
  8
Top-Paste-Mask-Layer
  100
AcDbHatch
  10
0
  20
0
  30
0
  210
0
  220
0
  230
1
  2
SOLID
  70
1
  71
0
  91
1
  92
7
  72
0
  73
1
  93
4
  10
5.757988315976632
  20
19.771041402082812
  10
5.757988315976632
  20
20.671041402082807
  10
6.557988315976634
  20
20.671041402082807
  10
6.557988315976634
  20
19.771041402082812
  97
1
  330
1492
  75
0
  76
1
  47
0.4128176842155181
  98
1
  10
34.90568961886538
  20
22.81183545379326
  450
0
  451
0
  460
0
  461
0
  452
1
  462
1
  453
2
  463
0
  63
5
  421
255
  463
1
  63
7
  421
16777215
  470
LINEAR
  1001
ACAD
  1010
0
  1020
0
  1030
0
  0
LWPOLYLINE
  5
1492
  100
AcDbEntity
  8
Top-Paste-Mask-Layer
  100
AcDbPolyline
  90
4
  70
1
  43
0
  10
5.757988315976632
  20
19.771041402082812
  10
5.757988315976632
  20
20.671041402082807
  10
6.557988315976634
  20
20.671041402082807
  10
6.557988315976634
  20
19.771041402082812
  0
HATCH
  5
1495
  100
AcDbEntity
  8
Top-Paste-Mask-Layer
  100
AcDbHatch
  10
0
  20
0
  30
0
  210
0
  220
0
  230
1
  2
SOLID
  70
1
  71
0
  91
1
  92
7
  72
0
  73
1
  93
4
  10
4.664058928117858
  20
20.754023368046745
  10
3.464058928117856
  20
20.754023368046745
  10
3.464058928117856
  20
24.25402336804674
  10
4.664058928117858
  20
24.25402336804674
  97
1
  330
1494
  75
0
  76
1
  47
0.4128176842155181
  98
1
  10
34.90568961886538
  20
22.81183545379326
  450
0
  451
0
  460
0
  461
0
  452
1
  462
1
  453
2
  463
0
  63
5
  421
255
  463
1
  63
7
  421
16777215
  470
LINEAR
  1001
ACAD
  1010
0
  1020
0
  1030
0
  0
LWPOLYLINE
  5
1494
  100
AcDbEntity
  8
Top-Paste-Mask-Layer
  100
AcDbPolyline
  90
4
  70
1
  43
0
  10
4.664058928117858
  20
20.754023368046745
  10
3.464058928117856
  20
20.754023368046745
  10
3.464058928117856
  20
24.25402336804674
  10
4.664058928117858
  20
24.25402336804674
  0
HATCH
  5
1497
  100
AcDbEntity
  8
Top-Paste-Mask-Layer
  100
AcDbHatch
  10
0
  20
0
  30
0
  210
0
  220
0
  230
1
  2
SOLID
  70
1
  71
0
  91
1
  92
7
  72
0
  73
1
  93
4
  10
4.664058928117856
  20
26.0941300482601
  10
3.464058928117854
  20
26.0941300482601
  10
3.464058928117854
  20
29.594130048260105
  10
4.664058928117856
  20
29.594130048260105
  97
1
  330
1496
  75
0
  76
1
  47
0.4128176842155181
  98
1
  10
34.90568961886538
  20
22.81183545379326
  450
0
  451
0
  460
0
  461
0
  452
1
  462
1
  453
2
  463
0
  63
5
  421
255
  463
1
  63
7
  421
16777215
  470
LINEAR
  1001
ACAD
  1010
0
  1020
0
  1030
0
  0
LWPOLYLINE
  5
1496
  100
AcDbEntity
  8
Top-Paste-Mask-Layer
  100
AcDbPolyline
  90
4
  70
1
  43
0
  10
4.664058928117856
  20
26.0941300482601
  10
3.464058928117854
  20
26.0941300482601
  10
3.464058928117854
  20
29.594130048260105
  10
4.664058928117856
  20
29.594130048260105
  0
HATCH
  5
1499
  100
AcDbEntity
  8
Top-Paste-Mask-Layer
  100
AcDbHatch
  10
0
  20
0
  30
0
  210
0
  220
0
  230
1
  2
SOLID
  70
1
  71
0
  91
1
  92
7
  72
0
  73
1
  93
4
  10
7.158039116078233
  20
17.86603759207519
  10
7.158039116078233
  20
18.766037592075186
  10
7.9580391160782336
  20
18.766037592075186
  10
7.9580391160782336
  20
17.86603759207519
  97
1
  330
1498
  75
0
  76
1
  47
0.4128176842155181
  98
1
  10
34.90568961886538
  20
22.81183545379326
  450
0
  451
0
  460
0
  461
0
  452
1
  462
1
  453
2
  463
0
  63
5
  421
255
  463
1
  63
7
  421
16777215
  470
LINEAR
  1001
ACAD
  1010
0
  1020
0
  1030
0
  0
LWPOLYLINE
  5
1498
  100
AcDbEntity
  8
Top-Paste-Mask-Layer
  100
AcDbPolyline
  90
4
  70
1
  43
0
  10
7.158039116078233
  20
17.86603759207519
  10
7.158039116078233
  20
18.766037592075186
  10
7.9580391160782336
  20
18.766037592075186
  10
7.9580391160782336
  20
17.86603759207519
  0
HATCH
  5
1501
  100
AcDbEntity
  8
Top-Paste-Mask-Layer
  100
AcDbHatch
  10
0
  20
0
  30
0
  210
0
  220
0
  230
1
  2
SOLID
  70
1
  71
0
  91
1
  92
7
  72
0
  73
1
  93
4
  10
5.757988315976632
  20
17.86603759207519
  10
5.757988315976632
  20
18.766037592075186
  10
6.557988315976634
  20
18.766037592075186
  10
6.557988315976634
  20
17.86603759207519
  97
1
  330
1500
  75
0
  76
1
  47
0.4128176842155181
  98
1
  10
34.90568961886538
  20
22.81183545379326
  450
0
  451
0
  460
0
  461
0
  452
1
  462
1
  453
2
  463
0
  63
5
  421
255
  463
1
  63
7
  421
16777215
  470
LINEAR
  1001
ACAD
  1010
0
  1020
0
  1030
0
  0
LWPOLYLINE
  5
1500
  100
AcDbEntity
  8
Top-Paste-Mask-Layer
  100
AcDbPolyline
  90
4
  70
1
  43
0
  10
5.757988315976632
  20
17.86603759207519
  10
5.757988315976632
  20
18.766037592075186
  10
6.557988315976634
  20
18.766037592075186
  10
6.557988315976634
  20
17.86603759207519
  0
HATCH
  5
1503
  100
AcDbEntity
  8
Top-Paste-Mask-Layer
  100
AcDbHatch
  10
0
  20
0
  30
0
  210
0
  220
0
  230
1
  2
SOLID
  70
1
  71
0
  91
1
  92
7
  72
0
  73
1
  93
4
  10
33.48996697993396
  20
19.565999491998983
  10
33.48996697993396
  20
18.965999491998986
  10
32.48996697993396
  20
18.965999491998986
  10
32.48996697993396
  20
19.565999491998983
  97
1
  330
1502
  75
0
  76
1
  47
0.4128176842155181
  98
1
  10
34.90568961886538
  20
22.81183545379326
  450
0
  451
0
  460
0
  461
0
  452
1
  462
1
  453
2
  463
0
  63
5
  421
255
  463
1
  63
7
  421
16777215
  470
LINEAR
  1001
ACAD
  1010
0
  1020
0
  1030
0
  0
LWPOLYLINE
  5
1502
  100
AcDbEntity
  8
Top-Paste-Mask-Layer
  100
AcDbPolyline
  90
4
  70
1
  43
0
  10
33.48996697993396
  20
19.565999491998983
  10
33.48996697993396
  20
18.965999491998986
  10
32.48996697993396
  20
18.965999491998986
  10
32.48996697993396
  20
19.565999491998983
  0
HATCH
  5
1505
  100
AcDbEntity
  8
Top-Paste-Mask-Layer
  100
AcDbHatch
  10
0
  20
0
  30
0
  210
0
  220
0
  230
1
  2
SOLID
  70
1
  71
0
  91
1
  92
7
  72
0
  73
1
  93
4
  10
33.48996697993396
  20
18.616037592075195
  10
33.48996697993396
  20
18.016037592075193
  10
32.48996697993396
  20
18.016037592075193
  10
32.48996697993396
  20
18.616037592075195
  97
1
  330
1504
  75
0
  76
1
  47
0.4128176842155181
  98
1
  10
34.90568961886538
  20
22.81183545379326
  450
0
  451
0
  460
0
  461
0
  452
1
  462
1
  453
2
  463
0
  63
5
  421
255
  463
1
  63
7
  421
16777215
  470
LINEAR
  1001
ACAD
  1010
0
  1020
0
  1030
0
  0
LWPOLYLINE
  5
1504
  100
AcDbEntity
  8
Top-Paste-Mask-Layer
  100
AcDbPolyline
  90
4
  70
1
  43
0
  10
33.48996697993396
  20
18.616037592075195
  10
33.48996697993396
  20
18.016037592075193
  10
32.48996697993396
  20
18.016037592075193
  10
32.48996697993396
  20
18.616037592075195
  0
HATCH
  5
1507
  100
AcDbEntity
  8
Top-Paste-Mask-Layer
  100
AcDbHatch
  10
0
  20
0
  30
0
  210
0
  220
0
  230
1
  2
SOLID
  70
1
  71
0
  91
1
  92
7
  72
0
  73
1
  93
4
  10
33.48996697993396
  20
17.666075692151388
  10
33.48996697993396
  20
17.066075692151387
  10
32.48996697993396
  20
17.066075692151387
  10
32.48996697993396
  20
17.666075692151388
  97
1
  330
1506
  75
0
  76
1
  47
0.4128176842155181
  98
1
  10
34.90568961886538
  20
22.81183545379326
  450
0
  451
0
  460
0
  461
0
  452
1
  462
1
  453
2
  463
0
  63
5
  421
255
  463
1
  63
7
  421
16777215
  470
LINEAR
  1001
ACAD
  1010
0
  1020
0
  1030
0
  0
LWPOLYLINE
  5
1506
  100
AcDbEntity
  8
Top-Paste-Mask-Layer
  100
AcDbPolyline
  90
4
  70
1
  43
0
  10
33.48996697993396
  20
17.666075692151388
  10
33.48996697993396
  20
17.066075692151387
  10
32.48996697993396
  20
17.066075692151387
  10
32.48996697993396
  20
17.666075692151388
  0
HATCH
  5
1509
  100
AcDbEntity
  8
Top-Paste-Mask-Layer
  100
AcDbHatch
  10
0
  20
0
  30
0
  210
0
  220
0
  230
1
  2
SOLID
  70
1
  71
0
  91
1
  92
7
  72
0
  73
1
  93
4
  10
36.090170180340365
  20
17.666075692151388
  10
36.090170180340365
  20
17.066075692151387
  10
35.090170180340365
  20
17.066075692151387
  10
35.090170180340365
  20
17.666075692151388
  97
1
  330
1508
  75
0
  76
1
  47
0.4128176842155181
  98
1
  10
34.90568961886538
  20
22.81183545379326
  450
0
  451
0
  460
0
  461
0
  452
1
  462
1
  453
2
  463
0
  63
5
  421
255
  463
1
  63
7
  421
16777215
  470
LINEAR
  1001
ACAD
  1010
0
  1020
0
  1030
0
  0
LWPOLYLINE
  5
1508
  100
AcDbEntity
  8
Top-Paste-Mask-Layer
  100
AcDbPolyline
  90
4
  70
1
  43
0
  10
36.090170180340365
  20
17.666075692151388
  10
36.090170180340365
  20
17.066075692151387
  10
35.090170180340365
  20
17.066075692151387
  10
35.090170180340365
  20
17.666075692151388
  0
HATCH
  5
1511
  100
AcDbEntity
  8
Top-Paste-Mask-Layer
  100
AcDbHatch
  10
0
  20
0
  30
0
  210
0
  220
0
  230
1
  2
SOLID
  70
1
  71
0
  91
1
  92
7
  72
0
  73
1
  93
4
  10
36.090170180340365
  20
19.565999491998983
  10
36.090170180340365
  20
18.965999491998986
  10
35.090170180340365
  20
18.965999491998986
  10
35.090170180340365
  20
19.565999491998983
  97
1
  330
1510
  75
0
  76
1
  47
0.4128176842155181
  98
1
  10
34.90568961886538
  20
22.81183545379326
  450
0
  451
0
  460
0
  461
0
  452
1
  462
1
  453
2
  463
0
  63
5
  421
255
  463
1
  63
7
  421
16777215
  470
LINEAR
  1001
ACAD
  1010
0
  1020
0
  1030
0
  0
LWPOLYLINE
  5
1510
  100
AcDbEntity
  8
Top-Paste-Mask-Layer
  100
AcDbPolyline
  90
4
  70
1
  43
0
  10
36.090170180340365
  20
19.565999491998983
  10
36.090170180340365
  20
18.965999491998986
  10
35.090170180340365
  20
18.965999491998986
  10
35.090170180340365
  20
19.565999491998983
  0
HATCH
  5
1513
  100
AcDbEntity
  8
Top-Paste-Mask-Layer
  100
AcDbHatch
  10
0
  20
0
  30
0
  210
0
  220
0
  230
1
  2
SOLID
  70
1
  71
0
  91
1
  92
7
  72
0
  73
1
  93
4
  10
44.86705613411227
  20
21.610043180086368
  10
44.86705613411227
  20
20.610043180086365
  10
41.807061214122434
  20
20.610043180086365
  10
41.807061214122434
  20
21.610043180086368
  97
1
  330
1512
  75
0
  76
1
  47
0.4128176842155181
  98
1
  10
34.90568961886538
  20
22.81183545379326
  450
0
  451
0
  460
0
  461
0
  452
1
  462
1
  453
2
  463
0
  63
5
  421
255
  463
1
  63
7
  421
16777215
  470
LINEAR
  1001
ACAD
  1010
0
  1020
0
  1030
0
  0
LWPOLYLINE
  5
1512
  100
AcDbEntity
  8
Top-Paste-Mask-Layer
  100
AcDbPolyline
  90
4
  70
1
  43
0
  10
44.86705613411227
  20
21.610043180086368
  10
44.86705613411227
  20
20.610043180086365
  10
41.807061214122434
  20
20.610043180086365
  10
41.807061214122434
  20
21.610043180086368
  0
HATCH
  5
1515
  100
AcDbEntity
  8
Top-Paste-Mask-Layer
  100
AcDbHatch
  10
0
  20
0
  30
0
  210
0
  220
0
  230
1
  2
SOLID
  70
1
  71
0
  91
1
  92
7
  72
0
  73
1
  93
4
  10
39.72710185420371
  20
21.61004318008637
  10
39.72710185420371
  20
20.610043180086368
  10
36.66710693421388
  20
20.610043180086368
  10
36.66710693421388
  20
21.61004318008637
  97
1
  330
1514
  75
0
  76
1
  47
0.4128176842155181
  98
1
  10
34.90568961886538
  20
22.81183545379326
  450
0
  451
0
  460
0
  461
0
  452
1
  462
1
  453
2
  463
0
  63
5
  421
255
  463
1
  63
7
  421
16777215
  470
LINEAR
  1001
ACAD
  1010
0
  1020
0
  1030
0
  0
LWPOLYLINE
  5
1514
  100
AcDbEntity
  8
Top-Paste-Mask-Layer
  100
AcDbPolyline
  90
4
  70
1
  43
0
  10
39.72710185420371
  20
21.61004318008637
  10
39.72710185420371
  20
20.610043180086368
  10
36.66710693421388
  20
20.610043180086368
  10
36.66710693421388
  20
21.61004318008637
  0
HATCH
  5
1517
  100
AcDbEntity
  8
Top-Paste-Mask-Layer
  100
AcDbHatch
  10
0
  20
0
  30
0
  210
0
  220
0
  230
1
  2
SOLID
  70
1
  71
0
  91
1
  92
7
  72
0
  73
1
  93
4
  10
16.337007874015754
  20
7.590015240030482
  10
16.337007874015754
  20
6.690015240030483
  10
15.537007874015757
  20
6.690015240030483
  10
15.537007874015757
  20
7.590015240030482
  97
1
  330
1516
  75
0
  76
1
  47
0.4128176842155181
  98
1
  10
34.90568961886538
  20
22.81183545379326
  450
0
  451
0
  460
0
  461
0
  452
1
  462
1
  453
2
  463
0
  63
5
  421
255
  463
1
  63
7
  421
16777215
  470
LINEAR
  1001
ACAD
  1010
0
  1020
0
  1030
0
  0
LWPOLYLINE
  5
1516
  100
AcDbEntity
  8
Top-Paste-Mask-Layer
  100
AcDbPolyline
  90
4
  70
1
  43
0
  10
16.337007874015754
  20
7.590015240030482
  10
16.337007874015754
  20
6.690015240030483
  10
15.537007874015757
  20
6.690015240030483
  10
15.537007874015757
  20
7.590015240030482
  0
HATCH
  5
1519
  100
AcDbEntity
  8
Top-Paste-Mask-Layer
  100
AcDbHatch
  10
0
  20
0
  30
0
  210
0
  220
0
  230
1
  2
SOLID
  70
1
  71
0
  91
1
  92
7
  72
0
  73
1
  93
4
  10
17.737058674117353
  20
7.590015240030482
  10
17.737058674117353
  20
6.690015240030483
  10
16.937058674117356
  20
6.690015240030483
  10
16.937058674117356
  20
7.590015240030482
  97
1
  330
1518
  75
0
  76
1
  47
0.4128176842155181
  98
1
  10
34.90568961886538
  20
22.81183545379326
  450
0
  451
0
  460
0
  461
0
  452
1
  462
1
  453
2
  463
0
  63
5
  421
255
  463
1
  63
7
  421
16777215
  470
LINEAR
  1001
ACAD
  1010
0
  1020
0
  1030
0
  0
LWPOLYLINE
  5
1518
  100
AcDbEntity
  8
Top-Paste-Mask-Layer
  100
AcDbPolyline
  90
4
  70
1
  43
0
  10
17.737058674117353
  20
7.590015240030482
  10
17.737058674117353
  20
6.690015240030483
  10
16.937058674117356
  20
6.690015240030483
  10
16.937058674117356
  20
7.590015240030482
  0
HATCH
  5
1521
  100
AcDbEntity
  8
Top-Paste-Mask-Layer
  100
AcDbHatch
  10
0
  20
0
  30
0
  210
0
  220
0
  230
1
  2
SOLID
  70
1
  71
0
  91
1
  92
7
  72
0
  73
1
  93
4
  10
1.985979171958344
  20
14.575029210058425
  10
1.985979171958344
  20
13.675029210058426
  10
1.1859791719583441
  20
13.675029210058426
  10
1.1859791719583441
  20
14.575029210058425
  97
1
  330
1520
  75
0
  76
1
  47
0.4128176842155181
  98
1
  10
34.90568961886538
  20
22.81183545379326
  450
0
  451
0
  460
0
  461
0
  452
1
  462
1
  453
2
  463
0
  63
5
  421
255
  463
1
  63
7
  421
16777215
  470
LINEAR
  1001
ACAD
  1010
0
  1020
0
  1030
0
  0
LWPOLYLINE
  5
1520
  100
AcDbEntity
  8
Top-Paste-Mask-Layer
  100
AcDbPolyline
  90
4
  70
1
  43
0
  10
1.985979171958344
  20
14.575029210058425
  10
1.985979171958344
  20
13.675029210058426
  10
1.1859791719583441
  20
13.675029210058426
  10
1.1859791719583441
  20
14.575029210058425
  0
HATCH
  5
1523
  100
AcDbEntity
  8
Top-Paste-Mask-Layer
  100
AcDbHatch
  10
0
  20
0
  30
0
  210
0
  220
0
  230
1
  2
SOLID
  70
1
  71
0
  91
1
  92
7
  72
0
  73
1
  93
4
  10
3.3860299720599443
  20
14.575029210058425
  10
3.3860299720599443
  20
13.675029210058426
  10
2.5860299720599444
  20
13.675029210058426
  10
2.5860299720599444
  20
14.575029210058425
  97
1
  330
1522
  75
0
  76
1
  47
0.4128176842155181
  98
1
  10
34.90568961886538
  20
22.81183545379326
  450
0
  451
0
  460
0
  461
0
  452
1
  462
1
  453
2
  463
0
  63
5
  421
255
  463
1
  63
7
  421
16777215
  470
LINEAR
  1001
ACAD
  1010
0
  1020
0
  1030
0
  0
LWPOLYLINE
  5
1522
  100
AcDbEntity
  8
Top-Paste-Mask-Layer
  100
AcDbPolyline
  90
4
  70
1
  43
0
  10
3.3860299720599443
  20
14.575029210058425
  10
3.3860299720599443
  20
13.675029210058426
  10
2.5860299720599444
  20
13.675029210058426
  10
2.5860299720599444
  20
14.575029210058425
  0
HATCH
  5
1525
  100
AcDbEntity
  8
Top-Paste-Mask-Layer
  100
AcDbHatch
  10
0
  20
0
  30
0
  210
0
  220
0
  230
1
  2
SOLID
  70
1
  71
0
  91
1
  92
7
  72
0
  73
1
  93
4
  10
23.449022098044203
  20
12.924025908051824
  10
23.449022098044203
  20
12.024025908051826
  10
22.649022098044206
  20
12.024025908051826
  10
22.649022098044206
  20
12.924025908051824
  97
1
  330
1524
  75
0
  76
1
  47
0.4128176842155181
  98
1
  10
34.90568961886538
  20
22.81183545379326
  450
0
  451
0
  460
0
  461
0
  452
1
  462
1
  453
2
  463
0
  63
5
  421
255
  463
1
  63
7
  421
16777215
  470
LINEAR
  1001
ACAD
  1010
0
  1020
0
  1030
0
  0
LWPOLYLINE
  5
1524
  100
AcDbEntity
  8
Top-Paste-Mask-Layer
  100
AcDbPolyline
  90
4
  70
1
  43
0
  10
23.449022098044203
  20
12.924025908051824
  10
23.449022098044203
  20
12.024025908051826
  10
22.649022098044206
  20
12.024025908051826
  10
22.649022098044206
  20
12.924025908051824
  0
HATCH
  5
1527
  100
AcDbEntity
  8
Top-Paste-Mask-Layer
  100
AcDbHatch
  10
0
  20
0
  30
0
  210
0
  220
0
  230
1
  2
SOLID
  70
1
  71
0
  91
1
  92
7
  72
0
  73
1
  93
4
  10
24.849072898145803
  20
12.924025908051824
  10
24.849072898145803
  20
12.024025908051826
  10
24.049072898145806
  20
12.024025908051826
  10
24.049072898145806
  20
12.924025908051824
  97
1
  330
1526
  75
0
  76
1
  47
0.4128176842155181
  98
1
  10
34.90568961886538
  20
22.81183545379326
  450
0
  451
0
  460
0
  461
0
  452
1
  462
1
  453
2
  463
0
  63
5
  421
255
  463
1
  63
7
  421
16777215
  470
LINEAR
  1001
ACAD
  1010
0
  1020
0
  1030
0
  0
LWPOLYLINE
  5
1526
  100
AcDbEntity
  8
Top-Paste-Mask-Layer
  100
AcDbPolyline
  90
4
  70
1
  43
0
  10
24.849072898145803
  20
12.924025908051824
  10
24.849072898145803
  20
12.024025908051826
  10
24.049072898145806
  20
12.024025908051826
  10
24.049072898145806
  20
12.924025908051824
  0
HATCH
  5
1529
  100
AcDbEntity
  8
Top-Paste-Mask-Layer
  100
AcDbHatch
  10
0
  20
0
  30
0
  210
0
  220
0
  230
1
  2
SOLID
  70
1
  71
0
  91
1
  92
7
  72
0
  73
1
  93
4
  10
26.477978155956315
  20
14.739989839979678
  10
26.477978155956315
  20
14.13998983997968
  10
25.407975615951234
  20
14.13998983997968
  10
25.407975615951234
  20
14.739989839979678
  97
1
  330
1528
  75
0
  76
1
  47
0.4128176842155181
  98
1
  10
34.90568961886538
  20
22.81183545379326
  450
0
  451
0
  460
0
  461
0
  452
1
  462
1
  453
2
  463
0
  63
5
  421
255
  463
1
  63
7
  421
16777215
  470
LINEAR
  1001
ACAD
  1010
0
  1020
0
  1030
0
  0
LWPOLYLINE
  5
1528
  100
AcDbEntity
  8
Top-Paste-Mask-Layer
  100
AcDbPolyline
  90
4
  70
1
  43
0
  10
26.477978155956315
  20
14.739989839979678
  10
26.477978155956315
  20
14.13998983997968
  10
25.407975615951234
  20
14.13998983997968
  10
25.407975615951234
  20
14.739989839979678
  0
HATCH
  5
1531
  100
AcDbEntity
  8
Top-Paste-Mask-Layer
  100
AcDbHatch
  10
0
  20
0
  30
0
  210
0
  220
0
  230
1
  2
SOLID
  70
1
  71
0
  91
1
  92
7
  72
0
  73
1
  93
4
  10
26.477978155956315
  20
12.840066040132083
  10
26.477978155956315
  20
12.240066040132081
  10
25.407975615951234
  20
12.240066040132081
  10
25.407975615951234
  20
12.840066040132083
  97
1
  330
1530
  75
0
  76
1
  47
0.4128176842155181
  98
1
  10
34.90568961886538
  20
22.81183545379326
  450
0
  451
0
  460
0
  461
0
  452
1
  462
1
  453
2
  463
0
  63
5
  421
255
  463
1
  63
7
  421
16777215
  470
LINEAR
  1001
ACAD
  1010
0
  1020
0
  1030
0
  0
LWPOLYLINE
  5
1530
  100
AcDbEntity
  8
Top-Paste-Mask-Layer
  100
AcDbPolyline
  90
4
  70
1
  43
0
  10
26.477978155956315
  20
12.840066040132083
  10
26.477978155956315
  20
12.240066040132081
  10
25.407975615951234
  20
12.240066040132081
  10
25.407975615951234
  20
12.840066040132083
  0
HATCH
  5
1533
  100
AcDbEntity
  8
Top-Paste-Mask-Layer
  100
AcDbHatch
  10
0
  20
0
  30
0
  210
0
  220
0
  230
1
  2
SOLID
  70
1
  71
0
  91
1
  92
7
  72
0
  73
1
  93
4
  10
28.948133096266208
  20
13.79002794005589
  10
28.948133096266208
  20
13.190027940055888
  10
27.878130556261116
  20
13.190027940055888
  10
27.878130556261116
  20
13.79002794005589
  97
1
  330
1532
  75
0
  76
1
  47
0.4128176842155181
  98
1
  10
34.90568961886538
  20
22.81183545379326
  450
0
  451
0
  460
0
  461
0
  452
1
  462
1
  453
2
  463
0
  63
5
  421
255
  463
1
  63
7
  421
16777215
  470
LINEAR
  1001
ACAD
  1010
0
  1020
0
  1030
0
  0
LWPOLYLINE
  5
1532
  100
AcDbEntity
  8
Top-Paste-Mask-Layer
  100
AcDbPolyline
  90
4
  70
1
  43
0
  10
28.948133096266208
  20
13.79002794005589
  10
28.948133096266208
  20
13.190027940055888
  10
27.878130556261116
  20
13.190027940055888
  10
27.878130556261116
  20
13.79002794005589
  0
HATCH
  5
1535
  100
AcDbEntity
  8
Top-Paste-Mask-Layer
  100
AcDbHatch
  10
0
  20
0
  30
0
  210
0
  220
0
  230
1
  2
SOLID
  70
1
  71
0
  91
1
  92
7
  72
0
  73
1
  93
4
  10
30.907086614173227
  20
13.675029210058426
  10
30.907086614173227
  20
14.575029210058425
  10
31.70708661417324
  20
14.575029210058425
  10
31.70708661417324
  20
13.675029210058426
  97
1
  330
1534
  75
0
  76
1
  47
0.4128176842155181
  98
1
  10
34.90568961886538
  20
22.81183545379326
  450
0
  451
0
  460
0
  461
0
  452
1
  462
1
  453
2
  463
0
  63
5
  421
255
  463
1
  63
7
  421
16777215
  470
LINEAR
  1001
ACAD
  1010
0
  1020
0
  1030
0
  0
LWPOLYLINE
  5
1534
  100
AcDbEntity
  8
Top-Paste-Mask-Layer
  100
AcDbPolyline
  90
4
  70
1
  43
0
  10
30.907086614173227
  20
13.675029210058426
  10
30.907086614173227
  20
14.575029210058425
  10
31.70708661417324
  20
14.575029210058425
  10
31.70708661417324
  20
13.675029210058426
  0
HATCH
  5
1537
  100
AcDbEntity
  8
Top-Paste-Mask-Layer
  100
AcDbHatch
  10
0
  20
0
  30
0
  210
0
  220
0
  230
1
  2
SOLID
  70
1
  71
0
  91
1
  92
7
  72
0
  73
1
  93
4
  10
29.50703581407163
  20
13.675029210058426
  10
29.50703581407163
  20
14.575029210058425
  10
30.307035814071636
  20
14.575029210058425
  10
30.307035814071636
  20
13.675029210058426
  97
1
  330
1536
  75
0
  76
1
  47
0.4128176842155181
  98
1
  10
34.90568961886538
  20
22.81183545379326
  450
0
  451
0
  460
0
  461
0
  452
1
  462
1
  453
2
  463
0
  63
5
  421
255
  463
1
  63
7
  421
16777215
  470
LINEAR
  1001
ACAD
  1010
0
  1020
0
  1030
0
  0
LWPOLYLINE
  5
1536
  100
AcDbEntity
  8
Top-Paste-Mask-Layer
  100
AcDbPolyline
  90
4
  70
1
  43
0
  10
29.50703581407163
  20
13.675029210058426
  10
29.50703581407163
  20
14.575029210058425
  10
30.307035814071636
  20
14.575029210058425
  10
30.307035814071636
  20
13.675029210058426
  0
HATCH
  5
1539
  100
AcDbEntity
  8
Top-Paste-Mask-Layer
  100
AcDbHatch
  10
0
  20
0
  30
0
  210
0
  220
0
  230
1
  2
SOLID
  70
1
  71
0
  91
1
  92
7
  72
0
  73
1
  93
4
  10
17.759029718059438
  20
5.305115570231138
  10
14.95902971805944
  20
5.305115570231138
  10
14.95902971805944
  20
6.305115570231145
  10
17.759029718059438
  20
6.305115570231145
  97
1
  330
1538
  75
0
  76
1
  47
0.4128176842155181
  98
1
  10
34.90568961886538
  20
22.81183545379326
  450
0
  451
0
  460
0
  461
0
  452
1
  462
1
  453
2
  463
0
  63
5
  421
255
  463
1
  63
7
  421
16777215
  470
LINEAR
  1001
ACAD
  1010
0
  1020
0
  1030
0
  0
LWPOLYLINE
  5
1538
  100
AcDbEntity
  8
Top-Paste-Mask-Layer
  100
AcDbPolyline
  90
4
  70
1
  43
0
  10
17.759029718059438
  20
5.305115570231138
  10
14.95902971805944
  20
5.305115570231138
  10
14.95902971805944
  20
6.305115570231145
  10
17.759029718059438
  20
6.305115570231145
  0
HATCH
  5
1541
  100
AcDbEntity
  8
Top-Paste-Mask-Layer
  100
AcDbHatch
  10
0
  20
0
  30
0
  210
0
  220
0
  230
1
  2
SOLID
  70
1
  71
0
  91
1
  92
7
  72
0
  73
1
  93
4
  10
20.55904241808484
  20
2.404785369570739
  10
18.859042418084837
  20
2.404785369570739
  10
18.859042418084837
  20
3.0047853695707474
  10
20.55904241808484
  20
3.0047853695707474
  97
1
  330
1540
  75
0
  76
1
  47
0.4128176842155181
  98
1
  10
34.90568961886538
  20
22.81183545379326
  450
0
  451
0
  460
0
  461
0
  452
1
  462
1
  453
2
  463
0
  63
5
  421
255
  463
1
  63
7
  421
16777215
  470
LINEAR
  1001
ACAD
  1010
0
  1020
0
  1030
0
  0
LWPOLYLINE
  5
1540
  100
AcDbEntity
  8
Top-Paste-Mask-Layer
  100
AcDbPolyline
  90
4
  70
1
  43
0
  10
20.55904241808484
  20
2.404785369570739
  10
18.859042418084837
  20
2.404785369570739
  10
18.859042418084837
  20
3.0047853695707474
  10
20.55904241808484
  20
3.0047853695707474
  0
HATCH
  5
1543
  100
AcDbEntity
  8
Top-Paste-Mask-Layer
  100
AcDbHatch
  10
0
  20
0
  30
0
  210
0
  220
0
  230
1
  2
SOLID
  70
1
  71
0
  91
1
  92
7
  72
0
  73
1
  93
4
  10
20.55904241808484
  20
3.6549758699517483
  10
18.859042418084837
  20
3.6549758699517483
  10
18.859042418084837
  20
4.2549758699517355
  10
20.55904241808484
  20
4.2549758699517355
  97
1
  330
1542
  75
0
  76
1
  47
0.4128176842155181
  98
1
  10
34.90568961886538
  20
22.81183545379326
  450
0
  451
0
  460
0
  461
0
  452
1
  462
1
  453
2
  463
0
  63
5
  421
255
  463
1
  63
7
  421
16777215
  470
LINEAR
  1001
ACAD
  1010
0
  1020
0
  1030
0
  0
LWPOLYLINE
  5
1542
  100
AcDbEntity
  8
Top-Paste-Mask-Layer
  100
AcDbPolyline
  90
4
  70
1
  43
0
  10
20.55904241808484
  20
3.6549758699517483
  10
18.859042418084837
  20
3.6549758699517483
  10
18.859042418084837
  20
4.2549758699517355
  10
20.55904241808484
  20
4.2549758699517355
  0
HATCH
  5
1545
  100
AcDbEntity
  8
Top-Paste-Mask-Layer
  100
AcDbHatch
  10
0
  20
0
  30
0
  210
0
  220
0
  230
1
  2
SOLID
  70
1
  71
0
  91
1
  92
7
  72
0
  73
1
  93
4
  10
17.759029718059438
  20
0.3548996697993445
  10
14.95902971805944
  20
0.3548996697993445
  10
14.95902971805944
  20
1.3548996697993445
  10
17.759029718059438
  20
1.3548996697993445
  97
1
  330
1544
  75
0
  76
1
  47
0.4128176842155181
  98
1
  10
34.90568961886538
  20
22.81183545379326
  450
0
  451
0
  460
0
  461
0
  452
1
  462
1
  453
2
  463
0
  63
5
  421
255
  463
1
  63
7
  421
16777215
  470
LINEAR
  1001
ACAD
  1010
0
  1020
0
  1030
0
  0
LWPOLYLINE
  5
1544
  100
AcDbEntity
  8
Top-Paste-Mask-Layer
  100
AcDbPolyline
  90
4
  70
1
  43
0
  10
17.759029718059438
  20
0.3548996697993445
  10
14.95902971805944
  20
0.3548996697993445
  10
14.95902971805944
  20
1.3548996697993445
  10
17.759029718059438
  20
1.3548996697993445
  0
HATCH
  5
1547
  100
AcDbEntity
  8
Top-Paste-Mask-Layer
  100
AcDbHatch
  10
0
  20
0
  30
0
  210
0
  220
0
  230
1
  2
SOLID
  70
1
  71
0
  91
1
  92
7
  72
0
  73
1
  93
12
  10
26.05703581407163
  20
1.8562204724409455
  10
25.990191762102864
  20
1.6504956341385792
  10
25.815191762102863
  20
1.5233506917376403
  10
25.5988798660404
  20
1.5233506917376403
  10
25.423879866040398
  20
1.6504956341385792
  10
25.35703581407163
  20
1.8562204724409455
  10
25.35703581407163
  20
2.3562204724409455
  10
25.423879866040398
  20
2.5619453107433117
  10
25.5988798660404
  20
2.6890902531442507
  10
25.815191762102863
  20
2.6890902531442507
  10
25.990191762102864
  20
2.5619453107433117
  10
26.05703581407163
  20
2.3562204724409455
  97
1
  330
1546
  75
0
  76
1
  47
0.4128176842155181
  98
1
  10
34.90568961886538
  20
22.81183545379326
  450
0
  451
0
  460
0
  461
0
  452
1
  462
1
  453
2
  463
0
  63
5
  421
255
  463
1
  63
7
  421
16777215
  470
LINEAR
  1001
ACAD
  1010
0
  1020
0
  1030
0
  0
LWPOLYLINE
  5
1546
  100
AcDbEntity
  8
Top-Paste-Mask-Layer
  100
AcDbPolyline
  90
12
  70
1
  43
0
  10
26.05703581407163
  20
1.8562204724409455
  10
25.990191762102864
  20
1.6504956341385792
  10
25.815191762102863
  20
1.5233506917376403
  10
25.5988798660404
  20
1.5233506917376403
  10
25.423879866040398
  20
1.6504956341385792
  10
25.35703581407163
  20
1.8562204724409455
  10
25.35703581407163
  20
2.3562204724409455
  10
25.423879866040398
  20
2.5619453107433117
  10
25.5988798660404
  20
2.6890902531442507
  10
25.815191762102863
  20
2.6890902531442507
  10
25.990191762102864
  20
2.5619453107433117
  10
26.05703581407163
  20
2.3562204724409455
  0
HATCH
  5
1549
  100
AcDbEntity
  8
Top-Paste-Mask-Layer
  100
AcDbHatch
  10
0
  20
0
  30
0
  210
0
  220
0
  230
1
  2
SOLID
  70
1
  71
0
  91
1
  92
7
  72
0
  73
1
  93
12
  10
21.80709931419863
  20
1.8562204724409455
  10
21.740255262229862
  20
1.6504956341385792
  10
21.56525526222986
  20
1.5233506917376403
  10
21.348943366167397
  20
1.5233506917376403
  10
21.173943366167396
  20
1.6504956341385792
  10
21.10709931419863
  20
1.8562204724409455
  10
21.10709931419863
  20
2.3562204724409455
  10
21.173943366167396
  20
2.5619453107433117
  10
21.348943366167397
  20
2.6890902531442507
  10
21.56525526222986
  20
2.6890902531442507
  10
21.740255262229862
  20
2.5619453107433117
  10
21.80709931419863
  20
2.3562204724409455
  97
1
  330
1548
  75
0
  76
1
  47
0.4128176842155181
  98
1
  10
34.90568961886538
  20
22.81183545379326
  450
0
  451
0
  460
0
  461
0
  452
1
  462
1
  453
2
  463
0
  63
5
  421
255
  463
1
  63
7
  421
16777215
  470
LINEAR
  1001
ACAD
  1010
0
  1020
0
  1030
0
  0
LWPOLYLINE
  5
1548
  100
AcDbEntity
  8
Top-Paste-Mask-Layer
  100
AcDbPolyline
  90
12
  70
1
  43
0
  10
21.80709931419863
  20
1.8562204724409455
  10
21.740255262229862
  20
1.6504956341385792
  10
21.56525526222986
  20
1.5233506917376403
  10
21.348943366167397
  20
1.5233506917376403
  10
21.173943366167396
  20
1.6504956341385792
  10
21.10709931419863
  20
1.8562204724409455
  10
21.10709931419863
  20
2.3562204724409455
  10
21.173943366167396
  20
2.5619453107433117
  10
21.348943366167397
  20
2.6890902531442507
  10
21.56525526222986
  20
2.6890902531442507
  10
21.740255262229862
  20
2.5619453107433117
  10
21.80709931419863
  20
2.3562204724409455
  0
HATCH
  5
1551
  100
AcDbEntity
  8
Top-Paste-Mask-Layer
  100
AcDbHatch
  10
0
  20
0
  30
0
  210
0
  220
0
  230
1
  2
SOLID
  70
1
  71
0
  91
1
  92
7
  72
0
  73
1
  93
4
  10
22.017068834137675
  20
6.563014986029977
  10
22.017068834137675
  20
7.463014986029975
  10
22.81706883413767
  20
7.463014986029975
  10
22.81706883413767
  20
6.563014986029977
  97
1
  330
1550
  75
0
  76
1
  47
0.4128176842155181
  98
1
  10
34.90568961886538
  20
22.81183545379326
  450
0
  451
0
  460
0
  461
0
  452
1
  462
1
  453
2
  463
0
  63
5
  421
255
  463
1
  63
7
  421
16777215
  470
LINEAR
  1001
ACAD
  1010
0
  1020
0
  1030
0
  0
LWPOLYLINE
  5
1550
  100
AcDbEntity
  8
Top-Paste-Mask-Layer
  100
AcDbPolyline
  90
4
  70
1
  43
0
  10
22.017068834137675
  20
6.563014986029977
  10
22.017068834137675
  20
7.463014986029975
  10
22.81706883413767
  20
7.463014986029975
  10
22.81706883413767
  20
6.563014986029977
  0
HATCH
  5
1553
  100
AcDbEntity
  8
Top-Paste-Mask-Layer
  100
AcDbHatch
  10
0
  20
0
  30
0
  210
0
  220
0
  230
1
  2
SOLID
  70
1
  71
0
  91
1
  92
7
  72
0
  73
1
  93
4
  10
20.61701803403607
  20
6.563014986029977
  10
20.61701803403607
  20
7.463014986029975
  10
21.417018034036072
  20
7.463014986029975
  10
21.417018034036072
  20
6.563014986029977
  97
1
  330
1552
  75
0
  76
1
  47
0.4128176842155181
  98
1
  10
34.90568961886538
  20
22.81183545379326
  450
0
  451
0
  460
0
  461
0
  452
1
  462
1
  453
2
  463
0
  63
5
  421
255
  463
1
  63
7
  421
16777215
  470
LINEAR
  1001
ACAD
  1010
0
  1020
0
  1030
0
  0
LWPOLYLINE
  5
1552
  100
AcDbEntity
  8
Top-Paste-Mask-Layer
  100
AcDbPolyline
  90
4
  70
1
  43
0
  10
20.61701803403607
  20
6.563014986029977
  10
20.61701803403607
  20
7.463014986029975
  10
21.417018034036072
  20
7.463014986029975
  10
21.417018034036072
  20
6.563014986029977
  0
HATCH
  5
1555
  100
AcDbEntity
  8
Top-Paste-Mask-Layer
  100
AcDbHatch
  10
0
  20
0
  30
0
  210
0
  220
0
  230
1
  2
SOLID
  70
1
  71
0
  91
1
  92
7
  72
0
  73
1
  93
4
  10
26.497028194056394
  20
11.527023114046234
  10
26.497028194056394
  20
10.627023114046239
  10
25.697028194056397
  20
10.627023114046239
  10
25.697028194056397
  20
11.527023114046234
  97
1
  330
1554
  75
0
  76
1
  47
0.4128176842155181
  98
1
  10
34.90568961886538
  20
22.81183545379326
  450
0
  451
0
  460
0
  461
0
  452
1
  462
1
  453
2
  463
0
  63
5
  421
255
  463
1
  63
7
  421
16777215
  470
LINEAR
  1001
ACAD
  1010
0
  1020
0
  1030
0
  0
LWPOLYLINE
  5
1554
  100
AcDbEntity
  8
Top-Paste-Mask-Layer
  100
AcDbPolyline
  90
4
  70
1
  43
0
  10
26.497028194056394
  20
11.527023114046234
  10
26.497028194056394
  20
10.627023114046239
  10
25.697028194056397
  20
10.627023114046239
  10
25.697028194056397
  20
11.527023114046234
  0
HATCH
  5
1557
  100
AcDbEntity
  8
Top-Paste-Mask-Layer
  100
AcDbHatch
  10
0
  20
0
  30
0
  210
0
  220
0
  230
1
  2
SOLID
  70
1
  71
0
  91
1
  92
7
  72
0
  73
1
  93
4
  10
27.897078994157997
  20
11.527023114046234
  10
27.897078994157997
  20
10.627023114046239
  10
27.097078994157997
  20
10.627023114046239
  10
27.097078994157997
  20
11.527023114046234
  97
1
  330
1556
  75
0
  76
1
  47
0.4128176842155181
  98
1
  10
34.90568961886538
  20
22.81183545379326
  450
0
  451
0
  460
0
  461
0
  452
1
  462
1
  453
2
  463
0
  63
5
  421
255
  463
1
  63
7
  421
16777215
  470
LINEAR
  1001
ACAD
  1010
0
  1020
0
  1030
0
  0
LWPOLYLINE
  5
1556
  100
AcDbEntity
  8
Top-Paste-Mask-Layer
  100
AcDbPolyline
  90
4
  70
1
  43
0
  10
27.897078994157997
  20
11.527023114046234
  10
27.897078994157997
  20
10.627023114046239
  10
27.097078994157997
  20
10.627023114046239
  10
27.097078994157997
  20
11.527023114046234
  0
HATCH
  5
1559
  100
AcDbEntity
  8
Top-Paste-Mask-Layer
  100
AcDbHatch
  10
0
  20
0
  30
0
  210
0
  220
0
  230
1
  2
SOLID
  70
1
  71
0
  91
1
  92
7
  72
0
  73
1
  93
4
  10
42.54279908559817
  20
0.5370053340106722
  10
42.54279908559817
  20
3.8370053340106693
  10
44.542799085598176
  20
3.8370053340106693
  10
44.542799085598176
  20
0.5370053340106722
  97
1
  330
1558
  75
0
  76
1
  47
0.4128176842155181
  98
1
  10
34.90568961886538
  20
22.81183545379326
  450
0
  451
0
  460
0
  461
0
  452
1
  462
1
  453
2
  463
0
  63
5
  421
255
  463
1
  63
7
  421
16777215
  470
LINEAR
  1001
ACAD
  1010
0
  1020
0
  1030
0
  0
LWPOLYLINE
  5
1558
  100
AcDbEntity
  8
Top-Paste-Mask-Layer
  100
AcDbPolyline
  90
4
  70
1
  43
0
  10
42.54279908559817
  20
0.5370053340106722
  10
42.54279908559817
  20
3.8370053340106693
  10
44.542799085598176
  20
3.8370053340106693
  10
44.542799085598176
  20
0.5370053340106722
  0
HATCH
  5
1561
  100
AcDbEntity
  8
Top-Paste-Mask-Layer
  100
AcDbHatch
  10
0
  20
0
  30
0
  210
0
  220
0
  230
1
  2
SOLID
  70
1
  71
0
  91
1
  92
7
  72
0
  73
1
  93
4
  10
48.675387350774706
  20
0.5370053340106722
  10
48.675387350774706
  20
3.8370053340106693
  10
50.675387350774706
  20
3.8370053340106693
  10
50.675387350774706
  20
0.5370053340106722
  97
1
  330
1560
  75
0
  76
1
  47
0.4128176842155181
  98
1
  10
34.90568961886538
  20
22.81183545379326
  450
0
  451
0
  460
0
  461
0
  452
1
  462
1
  453
2
  463
0
  63
5
  421
255
  463
1
  63
7
  421
16777215
  470
LINEAR
  1001
ACAD
  1010
0
  1020
0
  1030
0
  0
LWPOLYLINE
  5
1560
  100
AcDbEntity
  8
Top-Paste-Mask-Layer
  100
AcDbPolyline
  90
4
  70
1
  43
0
  10
48.675387350774706
  20
0.5370053340106722
  10
48.675387350774706
  20
3.8370053340106693
  10
50.675387350774706
  20
3.8370053340106693
  10
50.675387350774706
  20
0.5370053340106722
  0
HATCH
  5
1563
  100
AcDbEntity
  8
Top-Paste-Mask-Layer
  100
AcDbHatch
  10
0
  20
0
  30
0
  210
0
  220
0
  230
1
  2
SOLID
  70
1
  71
0
  91
1
  92
7
  72
0
  73
1
  93
4
  10
28.352057404114813
  20
18.854353568707143
  10
28.352057404114813
  20
20.10436626873254
  10
29.052057404114816
  20
20.10436626873254
  10
29.052057404114816
  20
18.854353568707143
  97
1
  330
1562
  75
0
  76
1
  47
0.4128176842155181
  98
1
  10
34.90568961886538
  20
22.81183545379326
  450
0
  451
0
  460
0
  461
0
  452
1
  462
1
  453
2
  463
0
  63
5
  421
255
  463
1
  63
7
  421
16777215
  470
LINEAR
  1001
ACAD
  1010
0
  1020
0
  1030
0
  0
LWPOLYLINE
  5
1562
  100
AcDbEntity
  8
Top-Paste-Mask-Layer
  100
AcDbPolyline
  90
4
  70
1
  43
0
  10
28.352057404114813
  20
18.854353568707143
  10
28.352057404114813
  20
20.10436626873254
  10
29.052057404114816
  20
20.10436626873254
  10
29.052057404114816
  20
18.854353568707143
  0
HATCH
  5
1565
  100
AcDbEntity
  8
Top-Paste-Mask-Layer
  100
AcDbHatch
  10
0
  20
0
  30
0
  210
0
  220
0
  230
1
  2
SOLID
  70
1
  71
0
  91
1
  92
7
  72
0
  73
1
  93
4
  10
27.402095504191013
  20
21.35371856743714
  10
27.402095504191013
  20
22.603731267462543
  10
28.102095504191016
  20
22.603731267462543
  10
28.102095504191016
  20
21.35371856743714
  97
1
  330
1564
  75
0
  76
1
  47
0.4128176842155181
  98
1
  10
34.90568961886538
  20
22.81183545379326
  450
0
  451
0
  460
0
  461
0
  452
1
  462
1
  453
2
  463
0
  63
5
  421
255
  463
1
  63
7
  421
16777215
  470
LINEAR
  1001
ACAD
  1010
0
  1020
0
  1030
0
  0
LWPOLYLINE
  5
1564
  100
AcDbEntity
  8
Top-Paste-Mask-Layer
  100
AcDbPolyline
  90
4
  70
1
  43
0
  10
27.402095504191013
  20
21.35371856743714
  10
27.402095504191013
  20
22.603731267462543
  10
28.102095504191016
  20
22.603731267462543
  10
28.102095504191016
  20
21.35371856743714
  0
HATCH
  5
1567
  100
AcDbEntity
  8
Top-Paste-Mask-Layer
  100
AcDbHatch
  10
0
  20
0
  30
0
  210
0
  220
0
  230
1
  2
SOLID
  70
1
  71
0
  91
1
  92
7
  72
0
  73
1
  93
4
  10
29.302019304038613
  20
21.35371856743714
  10
29.302019304038613
  20
22.603731267462543
  10
30.002019304038615
  20
22.603731267462543
  10
30.002019304038615
  20
21.35371856743714
  97
1
  330
1566
  75
0
  76
1
  47
0.4128176842155181
  98
1
  10
34.90568961886538
  20
22.81183545379326
  450
0
  451
0
  460
0
  461
0
  452
1
  462
1
  453
2
  463
0
  63
5
  421
255
  463
1
  63
7
  421
16777215
  470
LINEAR
  1001
ACAD
  1010
0
  1020
0
  1030
0
  0
LWPOLYLINE
  5
1566
  100
AcDbEntity
  8
Top-Paste-Mask-Layer
  100
AcDbPolyline
  90
4
  70
1
  43
0
  10
29.302019304038613
  20
21.35371856743714
  10
29.302019304038613
  20
22.603731267462543
  10
30.002019304038615
  20
22.603731267462543
  10
30.002019304038615
  20
21.35371856743714
  0
HATCH
  5
1569
  100
AcDbEntity
  8
Top-Paste-Mask-Layer
  100
AcDbHatch
  10
0
  20
0
  30
0
  210
0
  220
0
  230
1
  2
SOLID
  70
1
  71
0
  91
1
  92
7
  72
0
  73
1
  93
4
  10
39.56761493522987
  20
1.229573279146564
  10
40.367614935229874
  20
1.229573279146564
  10
40.367614935229874
  20
0.42957327914655963
  10
39.56761493522987
  20
0.42957327914655963
  97
1
  330
1568
  75
0
  76
1
  47
0.4128176842155181
  98
1
  10
34.90568961886538
  20
22.81183545379326
  450
0
  451
0
  460
0
  461
0
  452
1
  462
1
  453
2
  463
0
  63
5
  421
255
  463
1
  63
7
  421
16777215
  470
LINEAR
  1001
ACAD
  1010
0
  1020
0
  1030
0
  0
LWPOLYLINE
  5
1568
  100
AcDbEntity
  8
Top-Paste-Mask-Layer
  100
AcDbPolyline
  90
4
  70
1
  43
0
  10
39.56761493522987
  20
1.229573279146564
  10
40.367614935229874
  20
1.229573279146564
  10
40.367614935229874
  20
0.42957327914655963
  10
39.56761493522987
  20
0.42957327914655963
  0
HATCH
  5
1571
  100
AcDbEntity
  8
Top-Paste-Mask-Layer
  100
AcDbHatch
  10
0
  20
0
  30
0
  210
0
  220
0
  230
1
  2
SOLID
  70
1
  71
0
  91
1
  92
7
  72
0
  73
1
  93
4
  10
41.16654813309627
  20
1.2364312928625836
  10
41.966548133096275
  20
1.2364312928625836
  10
41.966548133096275
  20
0.4364312928625793
  10
41.16654813309627
  20
0.4364312928625793
  97
1
  330
1570
  75
0
  76
1
  47
0.4128176842155181
  98
1
  10
34.90568961886538
  20
22.81183545379326
  450
0
  451
0
  460
0
  461
0
  452
1
  462
1
  453
2
  463
0
  63
5
  421
255
  463
1
  63
7
  421
16777215
  470
LINEAR
  1001
ACAD
  1010
0
  1020
0
  1030
0
  0
LWPOLYLINE
  5
1570
  100
AcDbEntity
  8
Top-Paste-Mask-Layer
  100
AcDbPolyline
  90
4
  70
1
  43
0
  10
41.16654813309627
  20
1.2364312928625836
  10
41.966548133096275
  20
1.2364312928625836
  10
41.966548133096275
  20
0.4364312928625793
  10
41.16654813309627
  20
0.4364312928625793
  0
HATCH
  5
1573
  100
AcDbEntity
  8
Top-Paste-Mask-Layer
  100
AcDbHatch
  10
0
  20
0
  30
0
  210
0
  220
0
  230
1
  2
SOLID
  70
1
  71
0
  91
1
  92
7
  72
0
  73
1
  93
4
  10
36.22160782321565
  20
1.2295885191770495
  10
37.02160782321565
  20
1.2295885191770495
  10
37.02160782321565
  20
0.4295885191770452
  10
36.22160782321565
  20
0.4295885191770452
  97
1
  330
1572
  75
0
  76
1
  47
0.4128176842155181
  98
1
  10
34.90568961886538
  20
22.81183545379326
  450
0
  451
0
  460
0
  461
0
  452
1
  462
1
  453
2
  463
0
  63
5
  421
255
  463
1
  63
7
  421
16777215
  470
LINEAR
  1001
ACAD
  1010
0
  1020
0
  1030
0
  0
LWPOLYLINE
  5
1572
  100
AcDbEntity
  8
Top-Paste-Mask-Layer
  100
AcDbPolyline
  90
4
  70
1
  43
0
  10
36.22160782321565
  20
1.2295885191770495
  10
37.02160782321565
  20
1.2295885191770495
  10
37.02160782321565
  20
0.4295885191770452
  10
36.22160782321565
  20
0.4295885191770452
  0
HATCH
  5
1575
  100
AcDbEntity
  8
Top-Paste-Mask-Layer
  100
AcDbHatch
  10
0
  20
0
  30
0
  210
0
  220
0
  230
1
  2
SOLID
  70
1
  71
0
  91
1
  92
7
  72
0
  73
1
  93
4
  10
37.82054102108204
  20
1.2364465328930692
  10
38.620541021082055
  20
1.2364465328930692
  10
38.620541021082055
  20
0.4364465328930649
  10
37.82054102108204
  20
0.4364465328930649
  97
1
  330
1574
  75
0
  76
1
  47
0.4128176842155181
  98
1
  10
34.90568961886538
  20
22.81183545379326
  450
0
  451
0
  460
0
  461
0
  452
1
  462
1
  453
2
  463
0
  63
5
  421
255
  463
1
  63
7
  421
16777215
  470
LINEAR
  1001
ACAD
  1010
0
  1020
0
  1030
0
  0
LWPOLYLINE
  5
1574
  100
AcDbEntity
  8
Top-Paste-Mask-Layer
  100
AcDbPolyline
  90
4
  70
1
  43
0
  10
37.82054102108204
  20
1.2364465328930692
  10
38.620541021082055
  20
1.2364465328930692
  10
38.620541021082055
  20
0.4364465328930649
  10
37.82054102108204
  20
0.4364465328930649
  0
HATCH
  5
1577
  100
AcDbEntity
  8
Top-Paste-Mask-Layer
  100
AcDbHatch
  10
0
  20
0
  30
0
  210
0
  220
0
  230
1
  2
SOLID
  70
1
  71
0
  91
1
  92
7
  72
0
  73
1
  93
4
  10
32.91874523749047
  20
1.2295885191770495
  10
33.718745237490474
  20
1.2295885191770495
  10
33.718745237490474
  20
0.4295885191770452
  10
32.91874523749047
  20
0.4295885191770452
  97
1
  330
1576
  75
0
  76
1
  47
0.4128176842155181
  98
1
  10
34.90568961886538
  20
22.81183545379326
  450
0
  451
0
  460
0
  461
0
  452
1
  462
1
  453
2
  463
0
  63
5
  421
255
  463
1
  63
7
  421
16777215
  470
LINEAR
  1001
ACAD
  1010
0
  1020
0
  1030
0
  0
LWPOLYLINE
  5
1576
  100
AcDbEntity
  8
Top-Paste-Mask-Layer
  100
AcDbPolyline
  90
4
  70
1
  43
0
  10
32.91874523749047
  20
1.2295885191770495
  10
33.718745237490474
  20
1.2295885191770495
  10
33.718745237490474
  20
0.4295885191770452
  10
32.91874523749047
  20
0.4295885191770452
  0
HATCH
  5
1579
  100
AcDbEntity
  8
Top-Paste-Mask-Layer
  100
AcDbHatch
  10
0
  20
0
  30
0
  210
0
  220
0
  230
1
  2
SOLID
  70
1
  71
0
  91
1
  92
7
  72
0
  73
1
  93
4
  10
34.51767843535687
  20
1.2364465328930692
  10
35.317678435356875
  20
1.2364465328930692
  10
35.317678435356875
  20
0.4364465328930649
  10
34.51767843535687
  20
0.4364465328930649
  97
1
  330
1578
  75
0
  76
1
  47
0.4128176842155181
  98
1
  10
34.90568961886538
  20
22.81183545379326
  450
0
  451
0
  460
0
  461
0
  452
1
  462
1
  453
2
  463
0
  63
5
  421
255
  463
1
  63
7
  421
16777215
  470
LINEAR
  1001
ACAD
  1010
0
  1020
0
  1030
0
  0
LWPOLYLINE
  5
1578
  100
AcDbEntity
  8
Top-Paste-Mask-Layer
  100
AcDbPolyline
  90
4
  70
1
  43
0
  10
34.51767843535687
  20
1.2364465328930692
  10
35.317678435356875
  20
1.2364465328930692
  10
35.317678435356875
  20
0.4364465328930649
  10
34.51767843535687
  20
0.4364465328930649
  0
HATCH
  5
1581
  100
AcDbEntity
  8
Top-Paste-Mask-Layer
  100
AcDbHatch
  10
0
  20
0
  30
0
  210
0
  220
0
  230
1
  2
SOLID
  70
1
  71
0
  91
1
  92
7
  72
0
  73
1
  93
4
  10
14.28049276098552
  20
28.58748793497588
  10
13.480492760985523
  20
28.58748793497588
  10
13.480492760985523
  20
29.38748793497588
  10
14.28049276098552
  20
29.38748793497588
  97
1
  330
1580
  75
0
  76
1
  47
0.4128176842155181
  98
1
  10
34.90568961886538
  20
22.81183545379326
  450
0
  451
0
  460
0
  461
0
  452
1
  462
1
  453
2
  463
0
  63
5
  421
255
  463
1
  63
7
  421
16777215
  470
LINEAR
  1001
ACAD
  1010
0
  1020
0
  1030
0
  0
LWPOLYLINE
  5
1580
  100
AcDbEntity
  8
Top-Paste-Mask-Layer
  100
AcDbPolyline
  90
4
  70
1
  43
0
  10
14.28049276098552
  20
28.58748793497588
  10
13.480492760985523
  20
28.58748793497588
  10
13.480492760985523
  20
29.38748793497588
  10
14.28049276098552
  20
29.38748793497588
  0
HATCH
  5
1583
  100
AcDbEntity
  8
Top-Paste-Mask-Layer
  100
AcDbHatch
  10
0
  20
0
  30
0
  210
0
  220
0
  230
1
  2
SOLID
  70
1
  71
0
  91
1
  92
7
  72
0
  73
1
  93
4
  10
12.68155956311913
  20
28.580629921259845
  10
11.88155956311913
  20
28.580629921259845
  10
11.88155956311913
  20
29.380629921259846
  10
12.68155956311913
  20
29.380629921259846
  97
1
  330
1582
  75
0
  76
1
  47
0.4128176842155181
  98
1
  10
34.90568961886538
  20
22.81183545379326
  450
0
  451
0
  460
0
  461
0
  452
1
  462
1
  453
2
  463
0
  63
5
  421
255
  463
1
  63
7
  421
16777215
  470
LINEAR
  1001
ACAD
  1010
0
  1020
0
  1030
0
  0
LWPOLYLINE
  5
1582
  100
AcDbEntity
  8
Top-Paste-Mask-Layer
  100
AcDbPolyline
  90
4
  70
1
  43
0
  10
12.68155956311913
  20
28.580629921259845
  10
11.88155956311913
  20
28.580629921259845
  10
11.88155956311913
  20
29.380629921259846
  10
12.68155956311913
  20
29.380629921259846
  0
HATCH
  5
1585
  100
AcDbEntity
  8
Top-Paste-Mask-Layer
  100
AcDbHatch
  10
0
  20
0
  30
0
  210
0
  220
0
  230
1
  2
SOLID
  70
1
  71
0
  91
1
  92
7
  72
0
  73
1
  93
4
  10
33.95509271018542
  20
13.675029210058426
  10
33.95509271018542
  20
14.575029210058425
  10
34.75509271018542
  20
14.575029210058425
  10
34.75509271018542
  20
13.675029210058426
  97
1
  330
1584
  75
0
  76
1
  47
0.4128176842155181
  98
1
  10
34.90568961886538
  20
22.81183545379326
  450
0
  451
0
  460
0
  461
0
  452
1
  462
1
  453
2
  463
0
  63
5
  421
255
  463
1
  63
7
  421
16777215
  470
LINEAR
  1001
ACAD
  1010
0
  1020
0
  1030
0
  0
LWPOLYLINE
  5
1584
  100
AcDbEntity
  8
Top-Paste-Mask-Layer
  100
AcDbPolyline
  90
4
  70
1
  43
0
  10
33.95509271018542
  20
13.675029210058426
  10
33.95509271018542
  20
14.575029210058425
  10
34.75509271018542
  20
14.575029210058425
  10
34.75509271018542
  20
13.675029210058426
  0
HATCH
  5
1587
  100
AcDbEntity
  8
Top-Paste-Mask-Layer
  100
AcDbHatch
  10
0
  20
0
  30
0
  210
0
  220
0
  230
1
  2
SOLID
  70
1
  71
0
  91
1
  92
7
  72
0
  73
1
  93
4
  10
32.555041910083816
  20
13.675029210058426
  10
32.555041910083816
  20
14.575029210058425
  10
33.35504191008383
  20
14.575029210058425
  10
33.35504191008383
  20
13.675029210058426
  97
1
  330
1586
  75
0
  76
1
  47
0.4128176842155181
  98
1
  10
34.90568961886538
  20
22.81183545379326
  450
0
  451
0
  460
0
  461
0
  452
1
  462
1
  453
2
  463
0
  63
5
  421
255
  463
1
  63
7
  421
16777215
  470
LINEAR
  1001
ACAD
  1010
0
  1020
0
  1030
0
  0
LWPOLYLINE
  5
1586
  100
AcDbEntity
  8
Top-Paste-Mask-Layer
  100
AcDbPolyline
  90
4
  70
1
  43
0
  10
32.555041910083816
  20
13.675029210058426
  10
32.555041910083816
  20
14.575029210058425
  10
33.35504191008383
  20
14.575029210058425
  10
33.35504191008383
  20
13.675029210058426
  0
HATCH
  5
1589
  100
AcDbEntity
  8
Top-Paste-Mask-Layer
  100
AcDbHatch
  10
0
  20
0
  30
0
  210
0
  220
0
  230
1
  2
SOLID
  70
1
  71
0
  91
1
  92
7
  72
0
  73
1
  93
4
  10
33.594157988315985
  20
24.56395478790958
  10
36.39415798831598
  20
24.56395478790958
  10
36.39415798831598
  20
23.56395478790958
  10
33.594157988315985
  20
23.56395478790958
  97
1
  330
1588
  75
0
  76
1
  47
0.4128176842155181
  98
1
  10
34.90568961886538
  20
22.81183545379326
  450
0
  451
0
  460
0
  461
0
  452
1
  462
1
  453
2
  463
0
  63
5
  421
255
  463
1
  63
7
  421
16777215
  470
LINEAR
  1001
ACAD
  1010
0
  1020
0
  1030
0
  0
LWPOLYLINE
  5
1588
  100
AcDbEntity
  8
Top-Paste-Mask-Layer
  100
AcDbPolyline
  90
4
  70
1
  43
0
  10
33.594157988315985
  20
24.56395478790958
  10
36.39415798831598
  20
24.56395478790958
  10
36.39415798831598
  20
23.56395478790958
  10
33.594157988315985
  20
23.56395478790958
  0
HATCH
  5
1591
  100
AcDbEntity
  8
Top-Paste-Mask-Layer
  100
AcDbHatch
  10
0
  20
0
  30
0
  210
0
  220
0
  230
1
  2
SOLID
  70
1
  71
0
  91
1
  92
7
  72
0
  73
1
  93
4
  10
30.79414528829059
  20
27.46428498856998
  10
32.49414528829058
  20
27.46428498856998
  10
32.49414528829058
  20
26.864284988569985
  10
30.79414528829059
  20
26.864284988569985
  97
1
  330
1590
  75
0
  76
1
  47
0.4128176842155181
  98
1
  10
34.90568961886538
  20
22.81183545379326
  450
0
  451
0
  460
0
  461
0
  452
1
  462
1
  453
2
  463
0
  63
5
  421
255
  463
1
  63
7
  421
16777215
  470
LINEAR
  1001
ACAD
  1010
0
  1020
0
  1030
0
  0
LWPOLYLINE
  5
1590
  100
AcDbEntity
  8
Top-Paste-Mask-Layer
  100
AcDbPolyline
  90
4
  70
1
  43
0
  10
30.79414528829059
  20
27.46428498856998
  10
32.49414528829058
  20
27.46428498856998
  10
32.49414528829058
  20
26.864284988569985
  10
30.79414528829059
  20
26.864284988569985
  0
HATCH
  5
1593
  100
AcDbEntity
  8
Top-Paste-Mask-Layer
  100
AcDbHatch
  10
0
  20
0
  30
0
  210
0
  220
0
  230
1
  2
SOLID
  70
1
  71
0
  91
1
  92
7
  72
0
  73
1
  93
4
  10
30.794145288290583
  20
26.214094488188977
  10
32.494145288290575
  20
26.214094488188977
  10
32.494145288290575
  20
25.614094488188986
  10
30.794145288290583
  20
25.614094488188986
  97
1
  330
1592
  75
0
  76
1
  47
0.4128176842155181
  98
1
  10
34.90568961886538
  20
22.81183545379326
  450
0
  451
0
  460
0
  461
0
  452
1
  462
1
  453
2
  463
0
  63
5
  421
255
  463
1
  63
7
  421
16777215
  470
LINEAR
  1001
ACAD
  1010
0
  1020
0
  1030
0
  0
LWPOLYLINE
  5
1592
  100
AcDbEntity
  8
Top-Paste-Mask-Layer
  100
AcDbPolyline
  90
4
  70
1
  43
0
  10
30.794145288290583
  20
26.214094488188977
  10
32.494145288290575
  20
26.214094488188977
  10
32.494145288290575
  20
25.614094488188986
  10
30.794145288290583
  20
25.614094488188986
  0
HATCH
  5
1595
  100
AcDbEntity
  8
Top-Paste-Mask-Layer
  100
AcDbHatch
  10
0
  20
0
  30
0
  210
0
  220
0
  230
1
  2
SOLID
  70
1
  71
0
  91
1
  92
7
  72
0
  73
1
  93
4
  10
33.594157988315985
  20
29.514170688341384
  10
36.39415798831598
  20
29.514170688341384
  10
36.39415798831598
  20
28.51417068834138
  10
33.594157988315985
  20
28.51417068834138
  97
1
  330
1594
  75
0
  76
1
  47
0.4128176842155181
  98
1
  10
34.90568961886538
  20
22.81183545379326
  450
0
  451
0
  460
0
  461
0
  452
1
  462
1
  453
2
  463
0
  63
5
  421
255
  463
1
  63
7
  421
16777215
  470
LINEAR
  1001
ACAD
  1010
0
  1020
0
  1030
0
  0
LWPOLYLINE
  5
1594
  100
AcDbEntity
  8
Top-Paste-Mask-Layer
  100
AcDbPolyline
  90
4
  70
1
  43
0
  10
33.594157988315985
  20
29.514170688341384
  10
36.39415798831598
  20
29.514170688341384
  10
36.39415798831598
  20
28.51417068834138
  10
33.594157988315985
  20
28.51417068834138
  0
HATCH
  5
1597
  100
AcDbEntity
  8
Top-Paste-Mask-Layer
  100
AcDbHatch
  10
0
  20
0
  30
0
  210
0
  220
0
  230
1
  2
SOLID
  70
1
  71
0
  91
1
  92
7
  72
0
  73
1
  93
4
  10
37.098044196088395
  20
13.822032004064013
  10
37.098044196088395
  20
17.222032004064012
  10
40.09804419608839
  20
17.222032004064012
  10
40.09804419608839
  20
13.822032004064013
  97
1
  330
1596
  75
0
  76
1
  47
0.4128176842155181
  98
1
  10
34.90568961886538
  20
22.81183545379326
  450
0
  451
0
  460
0
  461
0
  452
1
  462
1
  453
2
  463
0
  63
5
  421
255
  463
1
  63
7
  421
16777215
  470
LINEAR
  1001
ACAD
  1010
0
  1020
0
  1030
0
  0
LWPOLYLINE
  5
1596
  100
AcDbEntity
  8
Top-Paste-Mask-Layer
  100
AcDbPolyline
  90
4
  70
1
  43
0
  10
37.098044196088395
  20
13.822032004064013
  10
37.098044196088395
  20
17.222032004064012
  10
40.09804419608839
  20
17.222032004064012
  10
40.09804419608839
  20
13.822032004064013
  0
HATCH
  5
1599
  100
AcDbEntity
  8
Top-Paste-Mask-Layer
  100
AcDbHatch
  10
0
  20
0
  30
0
  210
0
  220
0
  230
1
  2
SOLID
  70
1
  71
0
  91
1
  92
7
  72
0
  73
1
  93
4
  10
42.198120396240796
  20
13.822032004064013
  10
42.198120396240796
  20
17.222032004064012
  10
45.198120396240796
  20
17.222032004064012
  10
45.198120396240796
  20
13.822032004064013
  97
1
  330
1598
  75
0
  76
1
  47
0.4128176842155181
  98
1
  10
34.90568961886538
  20
22.81183545379326
  450
0
  451
0
  460
0
  461
0
  452
1
  462
1
  453
2
  463
0
  63
5
  421
255
  463
1
  63
7
  421
16777215
  470
LINEAR
  1001
ACAD
  1010
0
  1020
0
  1030
0
  0
LWPOLYLINE
  5
1598
  100
AcDbEntity
  8
Top-Paste-Mask-Layer
  100
AcDbPolyline
  90
4
  70
1
  43
0
  10
42.198120396240796
  20
13.822032004064013
  10
42.198120396240796
  20
17.222032004064012
  10
45.198120396240796
  20
17.222032004064012
  10
45.198120396240796
  20
13.822032004064013
  0
HATCH
  5
1601
  100
AcDbEntity
  8
Top-Paste-Mask-Layer
  100
AcDbHatch
  10
0
  20
0
  30
0
  210
0
  220
0
  230
1
  2
SOLID
  70
1
  71
0
  91
1
  92
7
  72
0
  73
1
  93
4
  10
58.28811277622557
  20
14.381468122936251
  10
58.28811277622556
  20
9.581468122936247
  10
54.488112776225556
  20
9.581468122936247
  10
54.48811277622556
  20
14.381468122936251
  97
1
  330
1600
  75
0
  76
1
  47
0.4128176842155181
  98
1
  10
34.90568961886538
  20
22.81183545379326
  450
0
  451
0
  460
0
  461
0
  452
1
  462
1
  453
2
  463
0
  63
5
  421
255
  463
1
  63
7
  421
16777215
  470
LINEAR
  1001
ACAD
  1010
0
  1020
0
  1030
0
  0
LWPOLYLINE
  5
1600
  100
AcDbEntity
  8
Top-Paste-Mask-Layer
  100
AcDbPolyline
  90
4
  70
1
  43
0
  10
58.28811277622557
  20
14.381468122936251
  10
58.28811277622556
  20
9.581468122936247
  10
54.488112776225556
  20
9.581468122936247
  10
54.48811277622556
  20
14.381468122936251
  0
HATCH
  5
1603
  100
AcDbEntity
  8
Top-Paste-Mask-Layer
  100
AcDbHatch
  10
0
  20
0
  30
0
  210
0
  220
0
  230
1
  2
SOLID
  70
1
  71
0
  91
1
  92
7
  72
0
  73
1
  93
4
  10
58.01930403860809
  20
15.369326898653807
  10
56.596901193802395
  20
15.369326898653807
  10
56.596901193802395
  20
16.659649479298967
  10
58.01930403860809
  20
16.659649479298967
  97
1
  330
1602
  75
0
  76
1
  47
0.4128176842155181
  98
1
  10
34.90568961886538
  20
22.81183545379326
  450
0
  451
0
  460
0
  461
0
  452
1
  462
1
  453
2
  463
0
  63
5
  421
255
  463
1
  63
7
  421
16777215
  470
LINEAR
  1001
ACAD
  1010
0
  1020
0
  1030
0
  0
LWPOLYLINE
  5
1602
  100
AcDbEntity
  8
Top-Paste-Mask-Layer
  100
AcDbPolyline
  90
4
  70
1
  43
0
  10
58.01930403860809
  20
15.369326898653807
  10
56.596901193802395
  20
15.369326898653807
  10
56.596901193802395
  20
16.659649479298967
  10
58.01930403860809
  20
16.659649479298967
  0
HATCH
  5
1605
  100
AcDbEntity
  8
Top-Paste-Mask-Layer
  100
AcDbHatch
  10
0
  20
0
  30
0
  210
0
  220
0
  230
1
  2
SOLID
  70
1
  71
0
  91
1
  92
7
  72
0
  73
1
  93
4
  10
56.17932435864872
  20
15.3693268986538
  10
54.75692151384304
  20
15.3693268986538
  10
54.75692151384304
  20
16.65964947929896
  10
56.17932435864872
  20
16.65964947929896
  97
1
  330
1604
  75
0
  76
1
  47
0.4128176842155181
  98
1
  10
34.90568961886538
  20
22.81183545379326
  450
0
  451
0
  460
0
  461
0
  452
1
  462
1
  453
2
  463
0
  63
5
  421
255
  463
1
  63
7
  421
16777215
  470
LINEAR
  1001
ACAD
  1010
0
  1020
0
  1030
0
  0
LWPOLYLINE
  5
1604
  100
AcDbEntity
  8
Top-Paste-Mask-Layer
  100
AcDbPolyline
  90
4
  70
1
  43
0
  10
56.17932435864872
  20
15.3693268986538
  10
54.75692151384304
  20
15.3693268986538
  10
54.75692151384304
  20
16.65964947929896
  10
56.17932435864872
  20
16.65964947929896
  0
HATCH
  5
1607
  100
AcDbEntity
  8
Top-Paste-Mask-Layer
  100
AcDbHatch
  10
0
  20
0
  30
0
  210
0
  220
0
  230
1
  2
SOLID
  70
1
  71
0
  91
1
  92
7
  72
0
  73
1
  93
4
  10
27.850647701295404
  20
16.925029210058426
  10
27.850647701295404
  20
17.675041910083824
  10
28.85064770129541
  20
17.675041910083824
  10
28.85064770129541
  20
16.925029210058426
  97
1
  330
1606
  75
0
  76
1
  47
0.4128176842155181
  98
1
  10
34.90568961886538
  20
22.81183545379326
  450
0
  451
0
  460
0
  461
0
  452
1
  462
1
  453
2
  463
0
  63
5
  421
255
  463
1
  63
7
  421
16777215
  470
LINEAR
  1001
ACAD
  1010
0
  1020
0
  1030
0
  0
LWPOLYLINE
  5
1606
  100
AcDbEntity
  8
Top-Paste-Mask-Layer
  100
AcDbPolyline
  90
4
  70
1
  43
0
  10
27.850647701295404
  20
16.925029210058426
  10
27.850647701295404
  20
17.675041910083824
  10
28.85064770129541
  20
17.675041910083824
  10
28.85064770129541
  20
16.925029210058426
  0
HATCH
  5
1609
  100
AcDbEntity
  8
Top-Paste-Mask-Layer
  100
AcDbHatch
  10
0
  20
0
  30
0
  210
0
  220
0
  230
1
  2
SOLID
  70
1
  71
0
  91
1
  92
7
  72
0
  73
1
  93
4
  10
25.505461010922023
  20
16.925029210058426
  10
25.505461010922023
  20
17.675041910083824
  10
26.505461010922026
  20
17.675041910083824
  10
26.505461010922026
  20
16.925029210058426
  97
1
  330
1608
  75
0
  76
1
  47
0.4128176842155181
  98
1
  10
34.90568961886538
  20
22.81183545379326
  450
0
  451
0
  460
0
  461
0
  452
1
  462
1
  453
2
  463
0
  63
5
  421
255
  463
1
  63
7
  421
16777215
  470
LINEAR
  1001
ACAD
  1010
0
  1020
0
  1030
0
  0
LWPOLYLINE
  5
1608
  100
AcDbEntity
  8
Top-Paste-Mask-Layer
  100
AcDbPolyline
  90
4
  70
1
  43
0
  10
25.505461010922023
  20
16.925029210058426
  10
25.505461010922023
  20
17.675041910083824
  10
26.505461010922026
  20
17.675041910083824
  10
26.505461010922026
  20
16.925029210058426
  0
HATCH
  5
1611
  100
AcDbEntity
  8
Top-Paste-Mask-Layer
  100
AcDbHatch
  10
0
  20
0
  30
0
  210
0
  220
0
  230
1
  2
SOLID
  70
1
  71
0
  91
1
  92
7
  72
0
  73
1
  93
4
  10
31.871069342138693
  20
21.909636779273562
  10
31.121056642113285
  20
21.909636779273562
  10
31.121056642113285
  20
22.909636779273566
  10
31.871069342138693
  20
22.909636779273566
  97
1
  330
1610
  75
0
  76
1
  47
0.4128176842155181
  98
1
  10
34.90568961886538
  20
22.81183545379326
  450
0
  451
0
  460
0
  461
0
  452
1
  462
1
  453
2
  463
0
  63
5
  421
255
  463
1
  63
7
  421
16777215
  470
LINEAR
  1001
ACAD
  1010
0
  1020
0
  1030
0
  0
LWPOLYLINE
  5
1610
  100
AcDbEntity
  8
Top-Paste-Mask-Layer
  100
AcDbPolyline
  90
4
  70
1
  43
0
  10
31.871069342138693
  20
21.909636779273562
  10
31.121056642113285
  20
21.909636779273562
  10
31.121056642113285
  20
22.909636779273566
  10
31.871069342138693
  20
22.909636779273566
  0
HATCH
  5
1613
  100
AcDbEntity
  8
Top-Paste-Mask-Layer
  100
AcDbHatch
  10
0
  20
0
  30
0
  210
0
  220
0
  230
1
  2
SOLID
  70
1
  71
0
  91
1
  92
7
  72
0
  73
1
  93
4
  10
31.871069342138693
  20
19.56445008890018
  10
31.121056642113285
  20
19.56445008890018
  10
31.121056642113285
  20
20.564450088900184
  10
31.871069342138693
  20
20.564450088900184
  97
1
  330
1612
  75
0
  76
1
  47
0.4128176842155181
  98
1
  10
34.90568961886538
  20
22.81183545379326
  450
0
  451
0
  460
0
  461
0
  452
1
  462
1
  453
2
  463
0
  63
5
  421
255
  463
1
  63
7
  421
16777215
  470
LINEAR
  1001
ACAD
  1010
0
  1020
0
  1030
0
  0
LWPOLYLINE
  5
1612
  100
AcDbEntity
  8
Top-Paste-Mask-Layer
  100
AcDbPolyline
  90
4
  70
1
  43
0
  10
31.871069342138693
  20
19.56445008890018
  10
31.121056642113285
  20
19.56445008890018
  10
31.121056642113285
  20
20.564450088900184
  10
31.871069342138693
  20
20.564450088900184
  0
HATCH
  5
1615
  100
AcDbEntity
  8
Top-Paste-Mask-Layer
  100
AcDbHatch
  10
0
  20
0
  30
0
  210
0
  220
0
  230
1
  2
SOLID
  70
1
  71
0
  91
1
  92
7
  72
0
  73
1
  93
4
  10
33.73487426974854
  20
22.591043942087897
  10
33.73487426974854
  20
20.39104394208789
  10
32.53487426974854
  20
20.39104394208789
  10
32.53487426974854
  20
22.591043942087897
  97
1
  330
1614
  75
0
  76
1
  47
0.4128176842155181
  98
1
  10
34.90568961886538
  20
22.81183545379326
  450
0
  451
0
  460
0
  461
0
  452
1
  462
1
  453
2
  463
0
  63
5
  421
255
  463
1
  63
7
  421
16777215
  470
LINEAR
  1001
ACAD
  1010
0
  1020
0
  1030
0
  0
LWPOLYLINE
  5
1614
  100
AcDbEntity
  8
Top-Paste-Mask-Layer
  100
AcDbPolyline
  90
4
  70
1
  43
0
  10
33.73487426974854
  20
22.591043942087897
  10
33.73487426974854
  20
20.39104394208789
  10
32.53487426974854
  20
20.39104394208789
  10
32.53487426974854
  20
22.591043942087897
  0
HATCH
  5
1617
  100
AcDbEntity
  8
Top-Paste-Mask-Layer
  100
AcDbHatch
  10
0
  20
0
  30
0
  210
0
  220
0
  230
1
  2
SOLID
  70
1
  71
0
  91
1
  92
7
  72
0
  73
1
  93
4
  10
35.79126238252477
  20
22.591043942087897
  10
35.79126238252477
  20
20.39104394208789
  10
34.59126238252477
  20
20.39104394208789
  10
34.59126238252477
  20
22.591043942087897
  97
1
  330
1616
  75
0
  76
1
  47
0.4128176842155181
  98
1
  10
34.90568961886538
  20
22.81183545379326
  450
0
  451
0
  460
0
  461
0
  452
1
  462
1
  453
2
  463
0
  63
5
  421
255
  463
1
  63
7
  421
16777215
  470
LINEAR
  1001
ACAD
  1010
0
  1020
0
  1030
0
  0
LWPOLYLINE
  5
1616
  100
AcDbEntity
  8
Top-Paste-Mask-Layer
  100
AcDbPolyline
  90
4
  70
1
  43
0
  10
35.79126238252477
  20
22.591043942087897
  10
35.79126238252477
  20
20.39104394208789
  10
34.59126238252477
  20
20.39104394208789
  10
34.59126238252477
  20
22.591043942087897
  0
HATCH
  5
1619
  100
AcDbEntity
  8
Top-Paste-Mask-Layer
  100
AcDbHatch
  10
0
  20
0
  30
0
  210
0
  220
0
  230
1
  2
SOLID
  70
1
  71
0
  91
1
  92
7
  72
0
  73
1
  93
4
  10
30.307035814071636
  20
19.020038100076206
  10
30.307035814071636
  20
18.12003810007621
  10
29.50703581407163
  20
18.12003810007621
  10
29.50703581407163
  20
19.020038100076206
  97
1
  330
1618
  75
0
  76
1
  47
0.4128176842155181
  98
1
  10
34.90568961886538
  20
22.81183545379326
  450
0
  451
0
  460
0
  461
0
  452
1
  462
1
  453
2
  463
0
  63
5
  421
255
  463
1
  63
7
  421
16777215
  470
LINEAR
  1001
ACAD
  1010
0
  1020
0
  1030
0
  0
LWPOLYLINE
  5
1618
  100
AcDbEntity
  8
Top-Paste-Mask-Layer
  100
AcDbPolyline
  90
4
  70
1
  43
0
  10
30.307035814071636
  20
19.020038100076206
  10
30.307035814071636
  20
18.12003810007621
  10
29.50703581407163
  20
18.12003810007621
  10
29.50703581407163
  20
19.020038100076206
  0
HATCH
  5
1621
  100
AcDbEntity
  8
Top-Paste-Mask-Layer
  100
AcDbHatch
  10
0
  20
0
  30
0
  210
0
  220
0
  230
1
  2
SOLID
  70
1
  71
0
  91
1
  92
7
  72
0
  73
1
  93
4
  10
31.70708661417324
  20
19.020038100076206
  10
31.70708661417324
  20
18.12003810007621
  10
30.907086614173227
  20
18.12003810007621
  10
30.907086614173227
  20
19.020038100076206
  97
1
  330
1620
  75
0
  76
1
  47
0.4128176842155181
  98
1
  10
34.90568961886538
  20
22.81183545379326
  450
0
  451
0
  460
0
  461
0
  452
1
  462
1
  453
2
  463
0
  63
5
  421
255
  463
1
  63
7
  421
16777215
  470
LINEAR
  1001
ACAD
  1010
0
  1020
0
  1030
0
  0
LWPOLYLINE
  5
1620
  100
AcDbEntity
  8
Top-Paste-Mask-Layer
  100
AcDbPolyline
  90
4
  70
1
  43
0
  10
31.70708661417324
  20
19.020038100076206
  10
31.70708661417324
  20
18.12003810007621
  10
30.907086614173227
  20
18.12003810007621
  10
30.907086614173227
  20
19.020038100076206
  0
HATCH
  5
1623
  100
AcDbEntity
  8
Top-Paste-Mask-Layer
  100
AcDbHatch
  10
0
  20
0
  30
0
  210
0
  220
0
  230
1
  2
SOLID
  70
1
  71
0
  91
1
  92
7
  72
0
  73
1
  93
4
  10
30.307035814071636
  20
17.496035052070113
  10
30.307035814071636
  20
16.596035052070114
  10
29.50703581407163
  20
16.596035052070114
  10
29.50703581407163
  20
17.496035052070113
  97
1
  330
1622
  75
0
  76
1
  47
0.4128176842155181
  98
1
  10
34.90568961886538
  20
22.81183545379326
  450
0
  451
0
  460
0
  461
0
  452
1
  462
1
  453
2
  463
0
  63
5
  421
255
  463
1
  63
7
  421
16777215
  470
LINEAR
  1001
ACAD
  1010
0
  1020
0
  1030
0
  0
LWPOLYLINE
  5
1622
  100
AcDbEntity
  8
Top-Paste-Mask-Layer
  100
AcDbPolyline
  90
4
  70
1
  43
0
  10
30.307035814071636
  20
17.496035052070113
  10
30.307035814071636
  20
16.596035052070114
  10
29.50703581407163
  20
16.596035052070114
  10
29.50703581407163
  20
17.496035052070113
  0
HATCH
  5
1625
  100
AcDbEntity
  8
Top-Paste-Mask-Layer
  100
AcDbHatch
  10
0
  20
0
  30
0
  210
0
  220
0
  230
1
  2
SOLID
  70
1
  71
0
  91
1
  92
7
  72
0
  73
1
  93
4
  10
31.70708661417324
  20
17.496035052070113
  10
31.70708661417324
  20
16.596035052070114
  10
30.907086614173227
  20
16.596035052070114
  10
30.907086614173227
  20
17.496035052070113
  97
1
  330
1624
  75
0
  76
1
  47
0.4128176842155181
  98
1
  10
34.90568961886538
  20
22.81183545379326
  450
0
  451
0
  460
0
  461
0
  452
1
  462
1
  453
2
  463
0
  63
5
  421
255
  463
1
  63
7
  421
16777215
  470
LINEAR
  1001
ACAD
  1010
0
  1020
0
  1030
0
  0
LWPOLYLINE
  5
1624
  100
AcDbEntity
  8
Top-Paste-Mask-Layer
  100
AcDbPolyline
  90
4
  70
1
  43
0
  10
31.70708661417324
  20
17.496035052070113
  10
31.70708661417324
  20
16.596035052070114
  10
30.907086614173227
  20
16.596035052070114
  10
30.907086614173227
  20
17.496035052070113
  0
HATCH
  5
1627
  100
AcDbEntity
  8
Top-Paste-Mask-Layer
  100
AcDbHatch
  10
0
  20
0
  30
0
  210
0
  220
0
  230
1
  2
SOLID
  70
1
  71
0
  91
1
  92
7
  72
0
  73
1
  93
4
  10
53.5251079502159
  20
4.934986029972066
  10
54.425107950215896
  20
4.934986029972066
  10
54.425107950215896
  20
4.134986029972062
  10
53.5251079502159
  20
4.134986029972062
  97
1
  330
1626
  75
0
  76
1
  47
0.4128176842155181
  98
1
  10
34.90568961886538
  20
22.81183545379326
  450
0
  451
0
  460
0
  461
0
  452
1
  462
1
  453
2
  463
0
  63
5
  421
255
  463
1
  63
7
  421
16777215
  470
LINEAR
  1001
ACAD
  1010
0
  1020
0
  1030
0
  0
LWPOLYLINE
  5
1626
  100
AcDbEntity
  8
Top-Paste-Mask-Layer
  100
AcDbPolyline
  90
4
  70
1
  43
0
  10
53.5251079502159
  20
4.934986029972066
  10
54.425107950215896
  20
4.934986029972066
  10
54.425107950215896
  20
4.134986029972062
  10
53.5251079502159
  20
4.134986029972062
  0
HATCH
  5
1629
  100
AcDbEntity
  8
Top-Paste-Mask-Layer
  100
AcDbHatch
  10
0
  20
0
  30
0
  210
0
  220
0
  230
1
  2
SOLID
  70
1
  71
0
  91
1
  92
7
  72
0
  73
1
  93
4
  10
53.52510795021591
  20
6.335036830073669
  10
54.42510795021591
  20
6.335036830073669
  10
54.42510795021591
  20
5.535036830073658
  10
53.52510795021591
  20
5.535036830073658
  97
1
  330
1628
  75
0
  76
1
  47
0.4128176842155181
  98
1
  10
34.90568961886538
  20
22.81183545379326
  450
0
  451
0
  460
0
  461
0
  452
1
  462
1
  453
2
  463
0
  63
5
  421
255
  463
1
  63
7
  421
16777215
  470
LINEAR
  1001
ACAD
  1010
0
  1020
0
  1030
0
  0
LWPOLYLINE
  5
1628
  100
AcDbEntity
  8
Top-Paste-Mask-Layer
  100
AcDbPolyline
  90
4
  70
1
  43
0
  10
53.52510795021591
  20
6.335036830073669
  10
54.42510795021591
  20
6.335036830073669
  10
54.42510795021591
  20
5.535036830073658
  10
53.52510795021591
  20
5.535036830073658
  0
HATCH
  5
1631
  100
AcDbEntity
  8
Top-Paste-Mask-Layer
  100
AcDbHatch
  10
0
  20
0
  30
0
  210
0
  220
0
  230
1
  2
SOLID
  70
1
  71
0
  91
1
  92
7
  72
0
  73
1
  93
4
  10
26.970078740157486
  20
18.50103886207773
  10
26.970078740157486
  20
19.401038862077726
  10
27.770078740157484
  20
19.401038862077726
  10
27.770078740157484
  20
18.50103886207773
  97
1
  330
1630
  75
0
  76
1
  47
0.4128176842155181
  98
1
  10
34.90568961886538
  20
22.81183545379326
  450
0
  451
0
  460
0
  461
0
  452
1
  462
1
  453
2
  463
0
  63
5
  421
255
  463
1
  63
7
  421
16777215
  470
LINEAR
  1001
ACAD
  1010
0
  1020
0
  1030
0
  0
LWPOLYLINE
  5
1630
  100
AcDbEntity
  8
Top-Paste-Mask-Layer
  100
AcDbPolyline
  90
4
  70
1
  43
0
  10
26.970078740157486
  20
18.50103886207773
  10
26.970078740157486
  20
19.401038862077726
  10
27.770078740157484
  20
19.401038862077726
  10
27.770078740157484
  20
18.50103886207773
  0
HATCH
  5
1633
  100
AcDbEntity
  8
Top-Paste-Mask-Layer
  100
AcDbHatch
  10
0
  20
0
  30
0
  210
0
  220
0
  230
1
  2
SOLID
  70
1
  71
0
  91
1
  92
7
  72
0
  73
1
  93
4
  10
25.570027940055887
  20
18.50103886207773
  10
25.570027940055887
  20
19.401038862077726
  10
26.370027940055884
  20
19.401038862077726
  10
26.370027940055884
  20
18.50103886207773
  97
1
  330
1632
  75
0
  76
1
  47
0.4128176842155181
  98
1
  10
34.90568961886538
  20
22.81183545379326
  450
0
  451
0
  460
0
  461
0
  452
1
  462
1
  453
2
  463
0
  63
5
  421
255
  463
1
  63
7
  421
16777215
  470
LINEAR
  1001
ACAD
  1010
0
  1020
0
  1030
0
  0
LWPOLYLINE
  5
1632
  100
AcDbEntity
  8
Top-Paste-Mask-Layer
  100
AcDbPolyline
  90
4
  70
1
  43
0
  10
25.570027940055887
  20
18.50103886207773
  10
25.570027940055887
  20
19.401038862077726
  10
26.370027940055884
  20
19.401038862077726
  10
26.370027940055884
  20
18.50103886207773
  0
HATCH
  5
1635
  100
AcDbEntity
  8
Top-Paste-Mask-Layer
  100
AcDbHatch
  10
0
  20
0
  30
0
  210
0
  220
0
  230
1
  2
SOLID
  70
1
  71
0
  91
1
  92
7
  72
0
  73
1
  93
5
  10
47.27052324104648
  20
12.493837947675896
  10
47.27052324104648
  20
11.792796545593092
  10
46.34850139700279
  20
11.792796545593092
  10
46.34850139700279
  20
12.488757937515878
  10
46.35104140208281
  20
12.488757937515878
  97
1
  330
1634
  75
0
  76
1
  47
0.4128176842155181
  98
1
  10
34.90568961886538
  20
22.81183545379326
  450
0
  451
0
  460
0
  461
0
  452
1
  462
1
  453
2
  463
0
  63
5
  421
255
  463
1
  63
7
  421
16777215
  470
LINEAR
  1001
ACAD
  1010
0
  1020
0
  1030
0
  0
LWPOLYLINE
  5
1634
  100
AcDbEntity
  8
Top-Paste-Mask-Layer
  100
AcDbPolyline
  90
5
  70
1
  43
0.005080010160020321
  10
47.27052324104648
  20
12.493837947675896
  10
47.27052324104648
  20
11.792796545593092
  10
46.34850139700279
  20
11.792796545593092
  10
46.34850139700279
  20
12.488757937515878
  10
46.35104140208281
  20
12.488757937515878
  0
HATCH
  5
1637
  100
AcDbEntity
  8
Top-Paste-Mask-Layer
  100
AcDbHatch
  10
0
  20
0
  30
0
  210
0
  220
0
  230
1
  2
SOLID
  70
1
  71
0
  91
1
  92
7
  72
0
  73
1
  93
5
  10
47.27052324104648
  20
13.763840487680977
  10
47.27052324104648
  20
13.062799085598172
  10
46.34850139700279
  20
13.062799085598172
  10
46.34850139700279
  20
13.758760477520958
  10
46.35104140208281
  20
13.758760477520958
  97
1
  330
1636
  75
0
  76
1
  47
0.4128176842155181
  98
1
  10
34.90568961886538
  20
22.81183545379326
  450
0
  451
0
  460
0
  461
0
  452
1
  462
1
  453
2
  463
0
  63
5
  421
255
  463
1
  63
7
  421
16777215
  470
LINEAR
  1001
ACAD
  1010
0
  1020
0
  1030
0
  0
LWPOLYLINE
  5
1636
  100
AcDbEntity
  8
Top-Paste-Mask-Layer
  100
AcDbPolyline
  90
5
  70
1
  43
0.005080010160020321
  10
47.27052324104648
  20
13.763840487680977
  10
47.27052324104648
  20
13.062799085598172
  10
46.34850139700279
  20
13.062799085598172
  10
46.34850139700279
  20
13.758760477520958
  10
46.35104140208281
  20
13.758760477520958
  0
HATCH
  5
1639
  100
AcDbEntity
  8
Top-Paste-Mask-Layer
  100
AcDbHatch
  10
0
  20
0
  30
0
  210
0
  220
0
  230
1
  2
SOLID
  70
1
  71
0
  91
1
  92
7
  72
0
  73
1
  93
5
  10
47.27052324104648
  20
15.033843027686057
  10
47.27052324104648
  20
14.332801625603253
  10
46.34850139700279
  20
14.332801625603253
  10
46.34850139700279
  20
15.028763017526039
  10
46.35104140208281
  20
15.028763017526039
  97
1
  330
1638
  75
0
  76
1
  47
0.4128176842155181
  98
1
  10
34.90568961886538
  20
22.81183545379326
  450
0
  451
0
  460
0
  461
0
  452
1
  462
1
  453
2
  463
0
  63
5
  421
255
  463
1
  63
7
  421
16777215
  470
LINEAR
  1001
ACAD
  1010
0
  1020
0
  1030
0
  0
LWPOLYLINE
  5
1638
  100
AcDbEntity
  8
Top-Paste-Mask-Layer
  100
AcDbPolyline
  90
5
  70
1
  43
0.005080010160020321
  10
47.27052324104648
  20
15.033843027686057
  10
47.27052324104648
  20
14.332801625603253
  10
46.34850139700279
  20
14.332801625603253
  10
46.34850139700279
  20
15.028763017526039
  10
46.35104140208281
  20
15.028763017526039
  0
HATCH
  5
1641
  100
AcDbEntity
  8
Top-Paste-Mask-Layer
  100
AcDbHatch
  10
0
  20
0
  30
0
  210
0
  220
0
  230
1
  2
SOLID
  70
1
  71
0
  91
1
  92
7
  72
0
  73
1
  93
5
  10
47.27052324104648
  20
16.303845567691138
  10
47.27052324104648
  20
15.602804165608333
  10
46.34850139700279
  20
15.602804165608333
  10
46.34850139700279
  20
16.29876555753112
  10
46.35104140208281
  20
16.29876555753112
  97
1
  330
1640
  75
0
  76
1
  47
0.4128176842155181
  98
1
  10
34.90568961886538
  20
22.81183545379326
  450
0
  451
0
  460
0
  461
0
  452
1
  462
1
  453
2
  463
0
  63
5
  421
255
  463
1
  63
7
  421
16777215
  470
LINEAR
  1001
ACAD
  1010
0
  1020
0
  1030
0
  0
LWPOLYLINE
  5
1640
  100
AcDbEntity
  8
Top-Paste-Mask-Layer
  100
AcDbPolyline
  90
5
  70
1
  43
0.005080010160020321
  10
47.27052324104648
  20
16.303845567691138
  10
47.27052324104648
  20
15.602804165608333
  10
46.34850139700279
  20
15.602804165608333
  10
46.34850139700279
  20
16.29876555753112
  10
46.35104140208281
  20
16.29876555753112
  0
HATCH
  5
1643
  100
AcDbEntity
  8
Top-Paste-Mask-Layer
  100
AcDbHatch
  10
0
  20
0
  30
0
  210
0
  220
0
  230
1
  2
SOLID
  70
1
  71
0
  91
1
  92
7
  72
0
  73
1
  93
18
  10
52.2738760477521
  20
16.2949555499111
  10
53.001866903733806
  20
16.301965963931927
  10
53.001866903733806
  20
15.602981965963934
  10
52.37786385572771
  20
15.601965963931928
  10
52.37987045974092
  20
15.03196342392685
  10
53.001866903733806
  20
15.030972821945646
  10
53.001866903733806
  20
14.331963423926851
  10
52.37887985775971
  20
14.331963423926851
  10
52.37887985775971
  20
13.761986283972568
  10
53.001866903733806
  20
13.761986283972568
  10
53.001866903733806
  20
13.061986283972569
  10
52.37887985775971
  20
13.061986283972569
  10
52.37987045974092
  20
12.491983743967488
  10
53.001866903733806
  20
12.490967741935485
  10
53.001866903733806
  20
11.791983743967489
  10
52.2738760477521
  20
11.796530353060707
  10
48.3739522479045
  20
11.796530353060707
  10
48.3739522479045
  20
16.295869951739903
  97
1
  330
1642
  75
0
  76
1
  47
0.4128176842155181
  98
1
  10
34.90568961886538
  20
22.81183545379326
  450
0
  451
0
  460
0
  461
0
  452
1
  462
1
  453
2
  463
0
  63
5
  421
255
  463
1
  63
7
  421
16777215
  470
LINEAR
  1001
ACAD
  1010
0
  1020
0
  1030
0
  0
LWPOLYLINE
  5
1642
  100
AcDbEntity
  8
Top-Paste-Mask-Layer
  100
AcDbPolyline
  90
18
  70
1
  43
0.005080010160020321
  10
52.2738760477521
  20
16.2949555499111
  10
53.001866903733806
  20
16.301965963931927
  10
53.001866903733806
  20
15.602981965963934
  10
52.37786385572771
  20
15.601965963931928
  10
52.37987045974092
  20
15.03196342392685
  10
53.001866903733806
  20
15.030972821945646
  10
53.001866903733806
  20
14.331963423926851
  10
52.37887985775971
  20
14.331963423926851
  10
52.37887985775971
  20
13.761986283972568
  10
53.001866903733806
  20
13.761986283972568
  10
53.001866903733806
  20
13.061986283972569
  10
52.37887985775971
  20
13.061986283972569
  10
52.37987045974092
  20
12.491983743967488
  10
53.001866903733806
  20
12.490967741935485
  10
53.001866903733806
  20
11.791983743967489
  10
52.2738760477521
  20
11.796530353060707
  10
48.3739522479045
  20
11.796530353060707
  10
48.3739522479045
  20
16.295869951739903
  0
HATCH
  5
1645
  100
AcDbEntity
  8
Top-Paste-Mask-Layer
  100
AcDbHatch
  10
0
  20
0
  30
0
  210
0
  220
0
  230
1
  2
SOLID
  70
1
  71
0
  91
1
  92
7
  72
0
  73
1
  93
12
  10
43.128067056134114
  20
8.595031750063505
  10
43.92806705613411
  20
8.595031750063505
  10
43.97807975615951
  20
8.645044450088903
  10
43.97807975615951
  20
8.873009906019817
  10
43.608077216154435
  20
8.873009906019817
  10
43.608077216154435
  20
9.203007366014734
  10
43.97807975615951
  20
9.203007366014734
  10
43.97807975615952
  20
9.445044450088904
  10
43.92806705613411
  20
9.495031750063504
  10
43.128067056134114
  20
9.495031750063504
  10
43.07807975615952
  20
9.445044450088904
  10
43.07807975615952
  20
8.645044450088903
  97
1
  330
1644
  75
0
  76
1
  47
0.4128176842155181
  98
1
  10
34.90568961886538
  20
22.81183545379326
  450
0
  451
0
  460
0
  461
0
  452
1
  462
1
  453
2
  463
0
  63
5
  421
255
  463
1
  63
7
  421
16777215
  470
LINEAR
  1001
ACAD
  1010
0
  1020
0
  1030
0
  0
LWPOLYLINE
  5
1644
  100
AcDbEntity
  8
Top-Paste-Mask-Layer
  100
AcDbPolyline
  90
12
  70
1
  43
0.005080010160020321
  10
43.128067056134114
  20
8.595031750063505
  10
43.92806705613411
  20
8.595031750063505
  10
43.97807975615951
  20
8.645044450088903
  10
43.97807975615951
  20
8.873009906019817
  10
43.608077216154435
  20
8.873009906019817
  10
43.608077216154435
  20
9.203007366014734
  10
43.97807975615951
  20
9.203007366014734
  10
43.97807975615952
  20
9.445044450088904
  10
43.92806705613411
  20
9.495031750063504
  10
43.128067056134114
  20
9.495031750063504
  10
43.07807975615952
  20
9.445044450088904
  10
43.07807975615952
  20
8.645044450088903
  0
HATCH
  5
1647
  100
AcDbEntity
  8
Top-Paste-Mask-Layer
  100
AcDbHatch
  10
0
  20
0
  30
0
  210
0
  220
0
  230
1
  2
SOLID
  70
1
  71
0
  91
1
  92
7
  72
0
  73
1
  93
12
  10
44.67807975615952
  20
8.645044450088903
  10
44.67807975615952
  20
8.873009906019817
  10
45.058064516129036
  20
8.873009906019817
  10
45.058064516129036
  20
9.203007366014734
  10
44.67807975615952
  20
9.203007366014734
  10
44.67807975615952
  20
9.445044450088904
  10
44.728067056134115
  20
9.495031750063504
  10
45.518059436118875
  20
9.495031750063504
  10
45.56807213614427
  20
9.445044450088904
  10
45.56807213614427
  20
8.645044450088903
  10
45.518059436118875
  20
8.595031750063505
  10
44.728067056134115
  20
8.595031750063505
  97
1
  330
1646
  75
0
  76
1
  47
0.4128176842155181
  98
1
  10
34.90568961886538
  20
22.81183545379326
  450
0
  451
0
  460
0
  461
0
  452
1
  462
1
  453
2
  463
0
  63
5
  421
255
  463
1
  63
7
  421
16777215
  470
LINEAR
  1001
ACAD
  1010
0
  1020
0
  1030
0
  0
LWPOLYLINE
  5
1646
  100
AcDbEntity
  8
Top-Paste-Mask-Layer
  100
AcDbPolyline
  90
12
  70
1
  43
0.005080010160020321
  10
44.67807975615952
  20
8.645044450088903
  10
44.67807975615952
  20
8.873009906019817
  10
45.058064516129036
  20
8.873009906019817
  10
45.058064516129036
  20
9.203007366014734
  10
44.67807975615952
  20
9.203007366014734
  10
44.67807975615952
  20
9.445044450088904
  10
44.728067056134115
  20
9.495031750063504
  10
45.518059436118875
  20
9.495031750063504
  10
45.56807213614427
  20
9.445044450088904
  10
45.56807213614427
  20
8.645044450088903
  10
45.518059436118875
  20
8.595031750063505
  10
44.728067056134115
  20
8.595031750063505
  0
HATCH
  5
1649
  100
AcDbEntity
  8
Top-Paste-Mask-Layer
  100
AcDbHatch
  10
0
  20
0
  30
0
  210
0
  220
0
  230
1
  2
SOLID
  70
1
  71
0
  91
1
  92
7
  72
0
  73
1
  93
12
  10
31.44404368808738
  20
7.579029718059438
  10
32.24404368808737
  20
7.579029718059438
  10
32.29405638811277
  20
7.629042418084836
  10
32.29405638811277
  20
7.85700787401575
  10
31.9240538481077
  20
7.85700787401575
  10
31.9240538481077
  20
8.187005334010678
  10
32.29405638811277
  20
8.187005334010678
  10
32.29405638811278
  20
8.42904241808484
  10
32.24404368808737
  20
8.479029718059444
  10
31.44404368808738
  20
8.479029718059444
  10
31.394056388112784
  20
8.42904241808484
  10
31.394056388112784
  20
7.629042418084836
  97
1
  330
1648
  75
0
  76
1
  47
0.4128176842155181
  98
1
  10
34.90568961886538
  20
22.81183545379326
  450
0
  451
0
  460
0
  461
0
  452
1
  462
1
  453
2
  463
0
  63
5
  421
255
  463
1
  63
7
  421
16777215
  470
LINEAR
  1001
ACAD
  1010
0
  1020
0
  1030
0
  0
LWPOLYLINE
  5
1648
  100
AcDbEntity
  8
Top-Paste-Mask-Layer
  100
AcDbPolyline
  90
12
  70
1
  43
0.005080010160020321
  10
31.44404368808738
  20
7.579029718059438
  10
32.24404368808737
  20
7.579029718059438
  10
32.29405638811277
  20
7.629042418084836
  10
32.29405638811277
  20
7.85700787401575
  10
31.9240538481077
  20
7.85700787401575
  10
31.9240538481077
  20
8.187005334010678
  10
32.29405638811277
  20
8.187005334010678
  10
32.29405638811278
  20
8.42904241808484
  10
32.24404368808737
  20
8.479029718059444
  10
31.44404368808738
  20
8.479029718059444
  10
31.394056388112784
  20
8.42904241808484
  10
31.394056388112784
  20
7.629042418084836
  0
HATCH
  5
1651
  100
AcDbEntity
  8
Top-Paste-Mask-Layer
  100
AcDbHatch
  10
0
  20
0
  30
0
  210
0
  220
0
  230
1
  2
SOLID
  70
1
  71
0
  91
1
  92
7
  72
0
  73
1
  93
12
  10
32.99405638811278
  20
7.629042418084836
  10
32.99405638811278
  20
7.85700787401575
  10
33.3740411480823
  20
7.85700787401575
  10
33.3740411480823
  20
8.18700533401067
  10
32.99405638811278
  20
8.18700533401067
  10
32.99405638811278
  20
8.42904241808484
  10
33.04404368808738
  20
8.479029718059444
  10
33.83403606807214
  20
8.479029718059444
  10
33.884048768097536
  20
8.429042418084833
  10
33.884048768097536
  20
7.629042418084836
  10
33.83403606807214
  20
7.579029718059438
  10
33.04404368808738
  20
7.579029718059438
  97
1
  330
1650
  75
0
  76
1
  47
0.4128176842155181
  98
1
  10
34.90568961886538
  20
22.81183545379326
  450
0
  451
0
  460
0
  461
0
  452
1
  462
1
  453
2
  463
0
  63
5
  421
255
  463
1
  63
7
  421
16777215
  470
LINEAR
  1001
ACAD
  1010
0
  1020
0
  1030
0
  0
LWPOLYLINE
  5
1650
  100
AcDbEntity
  8
Top-Paste-Mask-Layer
  100
AcDbPolyline
  90
12
  70
1
  43
0.005080010160020321
  10
32.99405638811278
  20
7.629042418084836
  10
32.99405638811278
  20
7.85700787401575
  10
33.3740411480823
  20
7.85700787401575
  10
33.3740411480823
  20
8.18700533401067
  10
32.99405638811278
  20
8.18700533401067
  10
32.99405638811278
  20
8.42904241808484
  10
33.04404368808738
  20
8.479029718059444
  10
33.83403606807214
  20
8.479029718059444
  10
33.884048768097536
  20
8.429042418084833
  10
33.884048768097536
  20
7.629042418084836
  10
33.83403606807214
  20
7.579029718059438
  10
33.04404368808738
  20
7.579029718059438
  0
HATCH
  5
1653
  100
AcDbEntity
  8
Top-Paste-Mask-Layer
  100
AcDbHatch
  10
0
  20
0
  30
0
  210
0
  220
0
  230
1
  2
SOLID
  70
1
  71
0
  91
1
  92
7
  72
0
  73
1
  93
12
  10
33.83408686817374
  20
12.924013208026423
  10
33.034086868173745
  20
12.924013208026423
  10
32.98407416814834
  20
12.874000508001021
  10
32.98407416814834
  20
12.646035052070108
  10
33.354076708153414
  20
12.646035052070108
  10
33.354076708153414
  20
12.316037592075187
  10
32.98407416814834
  20
12.316037592075187
  10
32.98407416814834
  20
12.07400050800102
  10
33.034086868173745
  20
12.024013208026421
  10
33.83408686817374
  20
12.024013208026421
  10
33.88407416814834
  20
12.07400050800102
  10
33.88407416814834
  20
12.874000508001021
  97
1
  330
1652
  75
0
  76
1
  47
0.4128176842155181
  98
1
  10
34.90568961886538
  20
22.81183545379326
  450
0
  451
0
  460
0
  461
0
  452
1
  462
1
  453
2
  463
0
  63
5
  421
255
  463
1
  63
7
  421
16777215
  470
LINEAR
  1001
ACAD
  1010
0
  1020
0
  1030
0
  0
LWPOLYLINE
  5
1652
  100
AcDbEntity
  8
Top-Paste-Mask-Layer
  100
AcDbPolyline
  90
12
  70
1
  43
0.005080010160020321
  10
33.83408686817374
  20
12.924013208026423
  10
33.034086868173745
  20
12.924013208026423
  10
32.98407416814834
  20
12.874000508001021
  10
32.98407416814834
  20
12.646035052070108
  10
33.354076708153414
  20
12.646035052070108
  10
33.354076708153414
  20
12.316037592075187
  10
32.98407416814834
  20
12.316037592075187
  10
32.98407416814834
  20
12.07400050800102
  10
33.034086868173745
  20
12.024013208026421
  10
33.83408686817374
  20
12.024013208026421
  10
33.88407416814834
  20
12.07400050800102
  10
33.88407416814834
  20
12.874000508001021
  0
HATCH
  5
1655
  100
AcDbEntity
  8
Top-Paste-Mask-Layer
  100
AcDbHatch
  10
0
  20
0
  30
0
  210
0
  220
0
  230
1
  2
SOLID
  70
1
  71
0
  91
1
  92
7
  72
0
  73
1
  93
12
  10
32.28407416814834
  20
12.874000508001021
  10
32.28407416814834
  20
12.646035052070108
  10
31.904089408178823
  20
12.646035052070108
  10
31.904089408178823
  20
12.316037592075187
  10
32.28407416814834
  20
12.316037592075187
  10
32.28407416814834
  20
12.07400050800102
  10
32.23408686817373
  20
12.024013208026421
  10
31.444094488188984
  20
12.024013208026421
  10
31.39408178816358
  20
12.07400050800102
  10
31.39408178816358
  20
12.874000508001021
  10
31.444094488188984
  20
12.924013208026423
  10
32.23408686817373
  20
12.924013208026423
  97
1
  330
1654
  75
0
  76
1
  47
0.4128176842155181
  98
1
  10
34.90568961886538
  20
22.81183545379326
  450
0
  451
0
  460
0
  461
0
  452
1
  462
1
  453
2
  463
0
  63
5
  421
255
  463
1
  63
7
  421
16777215
  470
LINEAR
  1001
ACAD
  1010
0
  1020
0
  1030
0
  0
LWPOLYLINE
  5
1654
  100
AcDbEntity
  8
Top-Paste-Mask-Layer
  100
AcDbPolyline
  90
12
  70
1
  43
0.005080010160020321
  10
32.28407416814834
  20
12.874000508001021
  10
32.28407416814834
  20
12.646035052070108
  10
31.904089408178823
  20
12.646035052070108
  10
31.904089408178823
  20
12.316037592075187
  10
32.28407416814834
  20
12.316037592075187
  10
32.28407416814834
  20
12.07400050800102
  10
32.23408686817373
  20
12.024013208026421
  10
31.444094488188984
  20
12.024013208026421
  10
31.39408178816358
  20
12.07400050800102
  10
31.39408178816358
  20
12.874000508001021
  10
31.444094488188984
  20
12.924013208026423
  10
32.23408686817373
  20
12.924013208026423
  0
HATCH
  5
1657
  100
AcDbEntity
  8
Top-Paste-Mask-Layer
  100
AcDbHatch
  10
0
  20
0
  30
0
  210
0
  220
0
  230
1
  2
SOLID
  70
1
  71
0
  91
1
  92
7
  72
0
  73
1
  93
12
  10
33.83408686817374
  20
9.876007112014229
  10
33.034086868173745
  20
9.876007112014229
  10
32.98407416814834
  20
9.82599441198883
  10
32.98407416814834
  20
9.598028956057917
  10
33.354076708153414
  20
9.598028956057917
  10
33.354076708153414
  20
9.268031496062996
  10
32.98407416814834
  20
9.268031496062996
  10
32.98407416814834
  20
9.025994411988826
  10
33.034086868173745
  20
8.97600711201423
  10
33.83408686817374
  20
8.97600711201423
  10
33.88407416814834
  20
9.025994411988826
  10
33.88407416814834
  20
9.82599441198883
  97
1
  330
1656
  75
0
  76
1
  47
0.4128176842155181
  98
1
  10
34.90568961886538
  20
22.81183545379326
  450
0
  451
0
  460
0
  461
0
  452
1
  462
1
  453
2
  463
0
  63
5
  421
255
  463
1
  63
7
  421
16777215
  470
LINEAR
  1001
ACAD
  1010
0
  1020
0
  1030
0
  0
LWPOLYLINE
  5
1656
  100
AcDbEntity
  8
Top-Paste-Mask-Layer
  100
AcDbPolyline
  90
12
  70
1
  43
0.005080010160020321
  10
33.83408686817374
  20
9.876007112014229
  10
33.034086868173745
  20
9.876007112014229
  10
32.98407416814834
  20
9.82599441198883
  10
32.98407416814834
  20
9.598028956057917
  10
33.354076708153414
  20
9.598028956057917
  10
33.354076708153414
  20
9.268031496062996
  10
32.98407416814834
  20
9.268031496062996
  10
32.98407416814834
  20
9.025994411988826
  10
33.034086868173745
  20
8.97600711201423
  10
33.83408686817374
  20
8.97600711201423
  10
33.88407416814834
  20
9.025994411988826
  10
33.88407416814834
  20
9.82599441198883
  0
HATCH
  5
1659
  100
AcDbEntity
  8
Top-Paste-Mask-Layer
  100
AcDbHatch
  10
0
  20
0
  30
0
  210
0
  220
0
  230
1
  2
SOLID
  70
1
  71
0
  91
1
  92
7
  72
0
  73
1
  93
12
  10
32.28407416814834
  20
9.82599441198883
  10
32.28407416814834
  20
9.598028956057917
  10
31.904089408178823
  20
9.598028956057917
  10
31.904089408178823
  20
9.268031496062996
  10
32.28407416814834
  20
9.268031496062996
  10
32.28407416814834
  20
9.025994411988826
  10
32.23408686817373
  20
8.97600711201423
  10
31.444094488188984
  20
8.97600711201423
  10
31.39408178816358
  20
9.025994411988826
  10
31.39408178816358
  20
9.82599441198883
  10
31.444094488188984
  20
9.876007112014229
  10
32.23408686817373
  20
9.876007112014229
  97
1
  330
1658
  75
0
  76
1
  47
0.4128176842155181
  98
1
  10
34.90568961886538
  20
22.81183545379326
  450
0
  451
0
  460
0
  461
0
  452
1
  462
1
  453
2
  463
0
  63
5
  421
255
  463
1
  63
7
  421
16777215
  470
LINEAR
  1001
ACAD
  1010
0
  1020
0
  1030
0
  0
LWPOLYLINE
  5
1658
  100
AcDbEntity
  8
Top-Paste-Mask-Layer
  100
AcDbPolyline
  90
12
  70
1
  43
0.005080010160020321
  10
32.28407416814834
  20
9.82599441198883
  10
32.28407416814834
  20
9.598028956057917
  10
31.904089408178823
  20
9.598028956057917
  10
31.904089408178823
  20
9.268031496062996
  10
32.28407416814834
  20
9.268031496062996
  10
32.28407416814834
  20
9.025994411988826
  10
32.23408686817373
  20
8.97600711201423
  10
31.444094488188984
  20
8.97600711201423
  10
31.39408178816358
  20
9.025994411988826
  10
31.39408178816358
  20
9.82599441198883
  10
31.444094488188984
  20
9.876007112014229
  10
32.23408686817373
  20
9.876007112014229
  0
HATCH
  5
1661
  100
AcDbEntity
  8
Top-Paste-Mask-Layer
  100
AcDbHatch
  10
0
  20
0
  30
0
  210
0
  220
0
  230
1
  2
SOLID
  70
1
  71
0
  91
1
  92
7
  72
0
  73
1
  93
4
  10
21.459969519939044
  20
24.492009144018294
  10
21.459969519939044
  20
23.392009144018292
  10
21.759994919989843
  20
23.392009144018292
  10
21.759994919989843
  20
24.492009144018294
  97
1
  330
1660
  75
0
  76
1
  47
0.4128176842155181
  98
1
  10
34.90568961886538
  20
22.81183545379326
  450
0
  451
0
  460
0
  461
0
  452
1
  462
1
  453
2
  463
0
  63
5
  421
255
  463
1
  63
7
  421
16777215
  470
LINEAR
  1001
ACAD
  1010
0
  1020
0
  1030
0
  0
LWPOLYLINE
  5
1660
  100
AcDbEntity
  8
Top-Paste-Mask-Layer
  100
AcDbPolyline
  90
4
  70
1
  43
0.005080010160020321
  10
21.459969519939044
  20
24.492009144018294
  10
21.459969519939044
  20
23.392009144018292
  10
21.759994919989843
  20
23.392009144018292
  10
21.759994919989843
  20
24.492009144018294
  0
HATCH
  5
1663
  100
AcDbEntity
  8
Top-Paste-Mask-Layer
  100
AcDbHatch
  10
0
  20
0
  30
0
  210
0
  220
0
  230
1
  2
SOLID
  70
1
  71
0
  91
1
  92
7
  72
0
  73
1
  93
4
  10
21.259867919735843
  20
23.392009144018292
  10
21.259867919735843
  20
24.492009144018294
  10
20.959842519685044
  20
24.492009144018294
  10
20.959842519685044
  20
23.392009144018292
  97
1
  330
1662
  75
0
  76
1
  47
0.4128176842155181
  98
1
  10
34.90568961886538
  20
22.81183545379326
  450
0
  451
0
  460
0
  461
0
  452
1
  462
1
  453
2
  463
0
  63
5
  421
255
  463
1
  63
7
  421
16777215
  470
LINEAR
  1001
ACAD
  1010
0
  1020
0
  1030
0
  0
LWPOLYLINE
  5
1662
  100
AcDbEntity
  8
Top-Paste-Mask-Layer
  100
AcDbPolyline
  90
4
  70
1
  43
0.005080010160020321
  10
21.259867919735843
  20
23.392009144018292
  10
21.259867919735843
  20
24.492009144018294
  10
20.959842519685044
  20
24.492009144018294
  10
20.959842519685044
  20
23.392009144018292
  0
HATCH
  5
1665
  100
AcDbEntity
  8
Top-Paste-Mask-Layer
  100
AcDbHatch
  10
0
  20
0
  30
0
  210
0
  220
0
  230
1
  2
SOLID
  70
1
  71
0
  91
1
  92
7
  72
0
  73
1
  93
4
  10
26.360071120142244
  20
23.392009144018292
  10
26.360071120142244
  20
24.49200914401829
  10
25.760071120142246
  20
24.49200914401829
  10
25.760071120142246
  20
23.392009144018292
  97
1
  330
1664
  75
0
  76
1
  47
0.4128176842155181
  98
1
  10
34.90568961886538
  20
22.81183545379326
  450
0
  451
0
  460
0
  461
0
  452
1
  462
1
  453
2
  463
0
  63
5
  421
255
  463
1
  63
7
  421
16777215
  470
LINEAR
  1001
ACAD
  1010
0
  1020
0
  1030
0
  0
LWPOLYLINE
  5
1664
  100
AcDbEntity
  8
Top-Paste-Mask-Layer
  100
AcDbPolyline
  90
4
  70
1
  43
0.005080010160020321
  10
26.360071120142244
  20
23.392009144018292
  10
26.360071120142244
  20
24.49200914401829
  10
25.760071120142246
  20
24.49200914401829
  10
25.760071120142246
  20
23.392009144018292
  0
HATCH
  5
1667
  100
AcDbEntity
  8
Top-Paste-Mask-Layer
  100
AcDbHatch
  10
0
  20
0
  30
0
  210
0
  220
0
  230
1
  2
SOLID
  70
1
  71
0
  91
1
  92
7
  72
0
  73
1
  93
4
  10
21.960096520193044
  20
24.492009144018294
  10
21.960096520193044
  20
23.392009144018292
  10
22.260121920243844
  20
23.392009144018292
  10
22.260121920243844
  20
24.492009144018294
  97
1
  330
1666
  75
0
  76
1
  47
0.4128176842155181
  98
1
  10
34.90568961886538
  20
22.81183545379326
  450
0
  451
0
  460
0
  461
0
  452
1
  462
1
  453
2
  463
0
  63
5
  421
255
  463
1
  63
7
  421
16777215
  470
LINEAR
  1001
ACAD
  1010
0
  1020
0
  1030
0
  0
LWPOLYLINE
  5
1666
  100
AcDbEntity
  8
Top-Paste-Mask-Layer
  100
AcDbPolyline
  90
4
  70
1
  43
0.005080010160020321
  10
21.960096520193044
  20
24.492009144018294
  10
21.960096520193044
  20
23.392009144018292
  10
22.260121920243844
  20
23.392009144018292
  10
22.260121920243844
  20
24.492009144018294
  0
HATCH
  5
1669
  100
AcDbEntity
  8
Top-Paste-Mask-Layer
  100
AcDbHatch
  10
0
  20
0
  30
0
  210
0
  220
0
  230
1
  2
SOLID
  70
1
  71
0
  91
1
  92
7
  72
0
  73
1
  93
4
  10
20.759867919735843
  20
23.392009144018292
  10
20.759867919735843
  20
24.492009144018294
  10
20.15986791973584
  20
24.492009144018294
  10
20.15986791973584
  20
23.392009144018292
  97
1
  330
1668
  75
0
  76
1
  47
0.4128176842155181
  98
1
  10
34.90568961886538
  20
22.81183545379326
  450
0
  451
0
  460
0
  461
0
  452
1
  462
1
  453
2
  463
0
  63
5
  421
255
  463
1
  63
7
  421
16777215
  470
LINEAR
  1001
ACAD
  1010
0
  1020
0
  1030
0
  0
LWPOLYLINE
  5
1668
  100
AcDbEntity
  8
Top-Paste-Mask-Layer
  100
AcDbPolyline
  90
4
  70
1
  43
0.005080010160020321
  10
20.759867919735843
  20
23.392009144018292
  10
20.759867919735843
  20
24.492009144018294
  10
20.15986791973584
  20
24.492009144018294
  10
20.15986791973584
  20
23.392009144018292
  0
HATCH
  5
1671
  100
AcDbEntity
  8
Top-Paste-Mask-Layer
  100
AcDbHatch
  10
0
  20
0
  30
0
  210
0
  220
0
  230
1
  2
SOLID
  70
1
  71
0
  91
1
  92
7
  72
0
  73
1
  93
4
  10
19.360020320040643
  20
24.492009144018294
  10
19.360020320040643
  20
23.392009144018292
  10
19.960020320040645
  20
23.392009144018292
  10
19.960020320040645
  20
24.492009144018294
  97
1
  330
1670
  75
0
  76
1
  47
0.4128176842155181
  98
1
  10
34.90568961886538
  20
22.81183545379326
  450
0
  451
0
  460
0
  461
0
  452
1
  462
1
  453
2
  463
0
  63
5
  421
255
  463
1
  63
7
  421
16777215
  470
LINEAR
  1001
ACAD
  1010
0
  1020
0
  1030
0
  0
LWPOLYLINE
  5
1670
  100
AcDbEntity
  8
Top-Paste-Mask-Layer
  100
AcDbPolyline
  90
4
  70
1
  43
0.005080010160020321
  10
19.360020320040643
  20
24.492009144018294
  10
19.360020320040643
  20
23.392009144018292
  10
19.960020320040645
  20
23.392009144018292
  10
19.960020320040645
  20
24.492009144018294
  0
HATCH
  5
1673
  100
AcDbEntity
  8
Top-Paste-Mask-Layer
  100
AcDbHatch
  10
0
  20
0
  30
0
  210
0
  220
0
  230
1
  2
SOLID
  70
1
  71
0
  91
1
  92
7
  72
0
  73
1
  93
4
  10
22.459969519939044
  20
24.492009144018294
  10
22.459969519939044
  20
23.392009144018292
  10
22.759994919989843
  20
23.392009144018292
  10
22.759994919989843
  20
24.492009144018294
  97
1
  330
1672
  75
0
  76
1
  47
0.4128176842155181
  98
1
  10
34.90568961886538
  20
22.81183545379326
  450
0
  451
0
  460
0
  461
0
  452
1
  462
1
  453
2
  463
0
  63
5
  421
255
  463
1
  63
7
  421
16777215
  470
LINEAR
  1001
ACAD
  1010
0
  1020
0
  1030
0
  0
LWPOLYLINE
  5
1672
  100
AcDbEntity
  8
Top-Paste-Mask-Layer
  100
AcDbPolyline
  90
4
  70
1
  43
0.005080010160020321
  10
22.459969519939044
  20
24.492009144018294
  10
22.459969519939044
  20
23.392009144018292
  10
22.759994919989843
  20
23.392009144018292
  10
22.759994919989843
  20
24.492009144018294
  0
HATCH
  5
1675
  100
AcDbEntity
  8
Top-Paste-Mask-Layer
  100
AcDbHatch
  10
0
  20
0
  30
0
  210
0
  220
0
  230
1
  2
SOLID
  70
1
  71
0
  91
1
  92
7
  72
0
  73
1
  93
4
  10
22.960096520193044
  20
24.492009144018294
  10
22.960096520193044
  20
23.392009144018292
  10
23.260121920243844
  20
23.392009144018292
  10
23.260121920243844
  20
24.492009144018294
  97
1
  330
1674
  75
0
  76
1
  47
0.4128176842155181
  98
1
  10
34.90568961886538
  20
22.81183545379326
  450
0
  451
0
  460
0
  461
0
  452
1
  462
1
  453
2
  463
0
  63
5
  421
255
  463
1
  63
7
  421
16777215
  470
LINEAR
  1001
ACAD
  1010
0
  1020
0
  1030
0
  0
LWPOLYLINE
  5
1674
  100
AcDbEntity
  8
Top-Paste-Mask-Layer
  100
AcDbPolyline
  90
4
  70
1
  43
0.005080010160020321
  10
22.960096520193044
  20
24.492009144018294
  10
22.960096520193044
  20
23.392009144018292
  10
23.260121920243844
  20
23.392009144018292
  10
23.260121920243844
  20
24.492009144018294
  0
HATCH
  5
1677
  100
AcDbEntity
  8
Top-Paste-Mask-Layer
  100
AcDbHatch
  10
0
  20
0
  30
0
  210
0
  220
0
  230
1
  2
SOLID
  70
1
  71
0
  91
1
  92
7
  72
0
  73
1
  93
4
  10
25.55996951993904
  20
23.392009144018292
  10
25.55996951993904
  20
24.492009144018294
  10
24.959969519939044
  20
24.492009144018294
  10
24.959969519939044
  20
23.392009144018292
  97
1
  330
1676
  75
0
  76
1
  47
0.4128176842155181
  98
1
  10
34.90568961886538
  20
22.81183545379326
  450
0
  451
0
  460
0
  461
0
  452
1
  462
1
  453
2
  463
0
  63
5
  421
255
  463
1
  63
7
  421
16777215
  470
LINEAR
  1001
ACAD
  1010
0
  1020
0
  1030
0
  0
LWPOLYLINE
  5
1676
  100
AcDbEntity
  8
Top-Paste-Mask-Layer
  100
AcDbPolyline
  90
4
  70
1
  43
0.005080010160020321
  10
25.55996951993904
  20
23.392009144018292
  10
25.55996951993904
  20
24.492009144018294
  10
24.959969519939044
  20
24.492009144018294
  10
24.959969519939044
  20
23.392009144018292
  0
HATCH
  5
1679
  100
AcDbEntity
  8
Top-Paste-Mask-Layer
  100
AcDbHatch
  10
0
  20
0
  30
0
  210
0
  220
0
  230
1
  2
SOLID
  70
1
  71
0
  91
1
  92
7
  72
0
  73
1
  93
4
  10
23.459969519939044
  20
24.492009144018294
  10
23.45996951993904
  20
23.392009144018292
  10
23.759994919989843
  20
23.392009144018292
  10
23.759994919989843
  20
24.492009144018294
  97
1
  330
1678
  75
0
  76
1
  47
0.4128176842155181
  98
1
  10
34.90568961886538
  20
22.81183545379326
  450
0
  451
0
  460
0
  461
0
  452
1
  462
1
  453
2
  463
0
  63
5
  421
255
  463
1
  63
7
  421
16777215
  470
LINEAR
  1001
ACAD
  1010
0
  1020
0
  1030
0
  0
LWPOLYLINE
  5
1678
  100
AcDbEntity
  8
Top-Paste-Mask-Layer
  100
AcDbPolyline
  90
4
  70
1
  43
0.005080010160020321
  10
23.459969519939044
  20
24.492009144018294
  10
23.45996951993904
  20
23.392009144018292
  10
23.759994919989843
  20
23.392009144018292
  10
23.759994919989843
  20
24.492009144018294
  0
HATCH
  5
1681
  100
AcDbEntity
  8
Top-Paste-Mask-Layer
  100
AcDbHatch
  10
0
  20
0
  30
0
  210
0
  220
0
  230
1
  2
SOLID
  70
1
  71
0
  91
1
  92
7
  72
0
  73
1
  93
4
  10
23.959842519685044
  20
24.492009144018294
  10
23.959842519685044
  20
23.392009144018292
  10
24.259867919735843
  20
23.392009144018292
  10
24.259867919735843
  20
24.492009144018294
  97
1
  330
1680
  75
0
  76
1
  47
0.4128176842155181
  98
1
  10
34.90568961886538
  20
22.81183545379326
  450
0
  451
0
  460
0
  461
0
  452
1
  462
1
  453
2
  463
0
  63
5
  421
255
  463
1
  63
7
  421
16777215
  470
LINEAR
  1001
ACAD
  1010
0
  1020
0
  1030
0
  0
LWPOLYLINE
  5
1680
  100
AcDbEntity
  8
Top-Paste-Mask-Layer
  100
AcDbPolyline
  90
4
  70
1
  43
0.005080010160020321
  10
23.959842519685044
  20
24.492009144018294
  10
23.959842519685044
  20
23.392009144018292
  10
24.259867919735843
  20
23.392009144018292
  10
24.259867919735843
  20
24.492009144018294
  0
HATCH
  5
1683
  100
AcDbEntity
  8
Top-Paste-Mask-Layer
  100
AcDbHatch
  10
0
  20
0
  30
0
  210
0
  220
0
  230
1
  2
SOLID
  70
1
  71
0
  91
1
  92
7
  72
0
  73
1
  93
4
  10
24.459969519939044
  20
24.492009144018294
  10
24.459969519939044
  20
23.392009144018292
  10
24.759994919989843
  20
23.392009144018292
  10
24.759994919989843
  20
24.492009144018294
  97
1
  330
1682
  75
0
  76
1
  47
0.4128176842155181
  98
1
  10
34.90568961886538
  20
22.81183545379326
  450
0
  451
0
  460
0
  461
0
  452
1
  462
1
  453
2
  463
0
  63
5
  421
255
  463
1
  63
7
  421
16777215
  470
LINEAR
  1001
ACAD
  1010
0
  1020
0
  1030
0
  0
LWPOLYLINE
  5
1682
  100
AcDbEntity
  8
Top-Paste-Mask-Layer
  100
AcDbPolyline
  90
4
  70
1
  43
0.005080010160020321
  10
24.459969519939044
  20
24.492009144018294
  10
24.459969519939044
  20
23.392009144018292
  10
24.759994919989843
  20
23.392009144018292
  10
24.759994919989843
  20
24.492009144018294
  0
HATCH
  5
1685
  100
AcDbEntity
  8
Top-Paste-Mask-Layer
  100
AcDbHatch
  10
0
  20
0
  30
0
  210
0
  220
0
  230
1
  2
SOLID
  70
1
  71
0
  91
1
  92
7
  72
0
  73
1
  93
128
  10
18.49022098044196
  20
23.4936093472187
  10
18.520091440182885
  20
23.492110744221495
  10
18.550012700025402
  20
23.492110744221495
  10
18.57988315976632
  20
23.4936093472187
  10
18.60965201930404
  20
23.496581153162314
  10
18.63924307848616
  20
23.50105156210313
  10
18.668554737109478
  20
23.506969773939556
  10
18.697561595123194
  20
23.514361188722383
  10
18.726136652273308
  20
23.52317500635002
  10
18.75425450850902
  20
23.533411226822462
  10
18.781813563627132
  20
23.545019050038107
  10
18.80878841757684
  20
23.55799847599696
  10
18.835052070104144
  20
23.572324104648217
  10
18.860579121158246
  20
23.58791973583948
  10
18.885293370586744
  20
23.604759969519947
  10
18.90914401828804
  20
23.622844805689617
  10
18.93205486410973
  20
23.642072644145298
  10
18.95400050800102
  20
23.662418084836176
  10
18.9748793497587
  20
23.68383032766066
  10
18.994691389382783
  20
23.70625857251715
  10
19.01333502667006
  20
23.729652019304044
  10
19.030784861569725
  20
23.753934467868945
  10
19.047015494030994
  20
23.77908051816104
  10
19.06197612395225
  20
23.804988569977144
  10
19.075641351282705
  20
23.831607823215652
  10
19.087934975869953
  20
23.85886207772416
  10
19.098856997713998
  20
23.88672593345187
  10
19.108407416814835
  20
23.915072390144786
  10
19.116510033020067
  20
23.943876047752102
  10
19.123164846329693
  20
23.97303530607062
  10
19.128346456692917
  20
24.002499364998737
  10
19.13208026416053
  20
24.032192024384056
  10
19.13431546863094
  20
24.062037084074174
  10
19.135052070104145
  20
24.091932943865892
  10
19.135052070104145
  20
24.891932943865896
  10
19.13431546863094
  20
24.921828803657615
  10
19.13208026416053
  20
24.951673863347732
  10
19.128346456692917
  20
24.98136652273305
  10
19.123164846329693
  20
25.010830581661168
  10
19.11651003302007
  20
25.039989839979686
  10
19.108407416814835
  20
25.068793497587002
  10
19.098856997713998
  20
25.097139954279914
  10
19.087934975869953
  20
25.125003810007627
  10
19.07564135128271
  20
25.152258064516136
  10
19.06197612395225
  20
25.17887731775464
  10
19.047015494030994
  20
25.204785369570743
  10
19.030784861569725
  20
25.229931419862844
  10
19.01333502667006
  20
25.254213868427744
  10
18.994691389382783
  20
25.277607315214638
  10
18.9748793497587
  20
25.300035560071127
  10
18.95400050800102
  20
25.321447802895612
  10
18.93205486410973
  20
25.341793243586494
  10
18.90914401828804
  20
25.36102108204217
  10
18.885293370586744
  20
25.37910591821184
  10
18.860579121158246
  20
25.39594615189231
  10
18.835052070104144
  20
25.41154178308357
  10
18.80878841757684
  20
25.425867411734828
  10
18.781813563627132
  20
25.43884683769368
  10
18.75425450850902
  20
25.45045466090933
  10
18.726136652273308
  20
25.46069088138177
  10
18.697561595123194
  20
25.469504699009406
  10
18.668554737109478
  20
25.476896113792236
  10
18.63924307848616
  20
25.48281432562866
  10
18.60965201930404
  20
25.487284734569478
  10
18.57988315976632
  20
25.490256540513087
  10
18.550012700025402
  20
25.491755143510296
  10
18.520091440182885
  20
25.491755143510296
  10
18.49022098044196
  20
25.490256540513087
  10
18.460452120904243
  20
25.487284734569478
  10
18.430861061722126
  20
25.48281432562866
  10
18.40154940309881
  20
25.476896113792236
  10
18.372542545085093
  20
25.469504699009406
  10
18.343967487934982
  20
25.46069088138177
  10
18.315849631699265
  20
25.45045466090933
  10
18.288290576581158
  20
25.43884683769368
  10
18.261315722631448
  20
25.425867411734828
  10
18.235052070104143
  20
25.41154178308357
  10
18.20952501905004
  20
25.39594615189231
  10
18.184810769621546
  20
25.37910591821184
  10
18.160960121920247
  20
25.36102108204217
  10
18.138049276098556
  20
25.341793243586494
  10
18.116103632207267
  20
25.321447802895612
  10
18.095224790449585
  20
25.300035560071127
  10
18.075412750825507
  20
25.277607315214638
  10
18.05676911353823
  20
25.254213868427744
  10
18.039319278638562
  20
25.229931419862847
  10
18.023088646177293
  20
25.204785369570743
  10
18.008128016256034
  20
25.17887731775464
  10
17.99446278892558
  20
25.152258064516136
  10
17.98216916433833
  20
25.125003810007627
  10
17.971247142494292
  20
25.097139954279914
  10
17.961696723393448
  20
25.068793497587002
  10
17.95359410718822
  20
25.039989839979686
  10
17.94693929387859
  20
25.01083058166117
  10
17.94175768351537
  20
24.981366522733055
  10
17.938023876047755
  20
24.951673863347732
  10
17.93578867157735
  20
24.921828803657615
  10
17.935052070104142
  20
24.891932943865896
  10
17.935052070104142
  20
24.091932943865892
  10
17.93578867157735
  20
24.062037084074174
  10
17.938023876047755
  20
24.032192024384056
  10
17.94175768351537
  20
24.002499364998737
  10
17.94693929387859
  20
23.97303530607062
  10
17.95359410718822
  20
23.943876047752102
  10
17.961696723393448
  20
23.915072390144786
  10
17.971247142494292
  20
23.88672593345187
  10
17.98216916433833
  20
23.85886207772416
  10
17.99446278892558
  20
23.831607823215652
  10
18.008128016256034
  20
23.804988569977144
  10
18.023088646177293
  20
23.77908051816104
  10
18.039319278638562
  20
23.753934467868945
  10
18.05676911353823
  20
23.729652019304044
  10
18.075412750825507
  20
23.70625857251715
  10
18.095224790449585
  20
23.68383032766066
  10
18.116103632207267
  20
23.662418084836176
  10
18.138049276098556
  20
23.642072644145298
  10
18.160960121920247
  20
23.622844805689617
  10
18.184810769621546
  20
23.604759969519947
  10
18.20952501905004
  20
23.58791973583948
  10
18.235052070104143
  20
23.572324104648217
  10
18.261315722631448
  20
23.55799847599696
  10
18.288290576581158
  20
23.545019050038107
  10
18.315849631699265
  20
23.533411226822462
  10
18.343967487934982
  20
23.52317500635002
  10
18.372542545085093
  20
23.514361188722383
  10
18.40154940309881
  20
23.506969773939556
  10
18.430861061722126
  20
23.50105156210313
  10
18.460452120904243
  20
23.496581153162314
  97
1
  330
1684
  75
0
  76
1
  47
0.4128176842155181
  98
1
  10
34.90568961886538
  20
22.81183545379326
  450
0
  451
0
  460
0
  461
0
  452
1
  462
1
  453
2
  463
0
  63
5
  421
255
  463
1
  63
7
  421
16777215
  470
LINEAR
  1001
ACAD
  1010
0
  1020
0
  1030
0
  0
LWPOLYLINE
  5
1684
  100
AcDbEntity
  8
Top-Paste-Mask-Layer
  100
AcDbPolyline
  90
128
  70
1
  43
0.005080010160020321
  10
18.49022098044196
  20
23.4936093472187
  10
18.520091440182885
  20
23.492110744221495
  10
18.550012700025402
  20
23.492110744221495
  10
18.57988315976632
  20
23.4936093472187
  10
18.60965201930404
  20
23.496581153162314
  10
18.63924307848616
  20
23.50105156210313
  10
18.668554737109478
  20
23.506969773939556
  10
18.697561595123194
  20
23.514361188722383
  10
18.726136652273308
  20
23.52317500635002
  10
18.75425450850902
  20
23.533411226822462
  10
18.781813563627132
  20
23.545019050038107
  10
18.80878841757684
  20
23.55799847599696
  10
18.835052070104144
  20
23.572324104648217
  10
18.860579121158246
  20
23.58791973583948
  10
18.885293370586744
  20
23.604759969519947
  10
18.90914401828804
  20
23.622844805689617
  10
18.93205486410973
  20
23.642072644145298
  10
18.95400050800102
  20
23.662418084836176
  10
18.9748793497587
  20
23.68383032766066
  10
18.994691389382783
  20
23.70625857251715
  10
19.01333502667006
  20
23.729652019304044
  10
19.030784861569725
  20
23.753934467868945
  10
19.047015494030994
  20
23.77908051816104
  10
19.06197612395225
  20
23.804988569977144
  10
19.075641351282705
  20
23.831607823215652
  10
19.087934975869953
  20
23.85886207772416
  10
19.098856997713998
  20
23.88672593345187
  10
19.108407416814835
  20
23.915072390144786
  10
19.116510033020067
  20
23.943876047752102
  10
19.123164846329693
  20
23.97303530607062
  10
19.128346456692917
  20
24.002499364998737
  10
19.13208026416053
  20
24.032192024384056
  10
19.13431546863094
  20
24.062037084074174
  10
19.135052070104145
  20
24.091932943865892
  10
19.135052070104145
  20
24.891932943865896
  10
19.13431546863094
  20
24.921828803657615
  10
19.13208026416053
  20
24.951673863347732
  10
19.128346456692917
  20
24.98136652273305
  10
19.123164846329693
  20
25.010830581661168
  10
19.11651003302007
  20
25.039989839979686
  10
19.108407416814835
  20
25.068793497587002
  10
19.098856997713998
  20
25.097139954279914
  10
19.087934975869953
  20
25.125003810007627
  10
19.07564135128271
  20
25.152258064516136
  10
19.06197612395225
  20
25.17887731775464
  10
19.047015494030994
  20
25.204785369570743
  10
19.030784861569725
  20
25.229931419862844
  10
19.01333502667006
  20
25.254213868427744
  10
18.994691389382783
  20
25.277607315214638
  10
18.9748793497587
  20
25.300035560071127
  10
18.95400050800102
  20
25.321447802895612
  10
18.93205486410973
  20
25.341793243586494
  10
18.90914401828804
  20
25.36102108204217
  10
18.885293370586744
  20
25.37910591821184
  10
18.860579121158246
  20
25.39594615189231
  10
18.835052070104144
  20
25.41154178308357
  10
18.80878841757684
  20
25.425867411734828
  10
18.781813563627132
  20
25.43884683769368
  10
18.75425450850902
  20
25.45045466090933
  10
18.726136652273308
  20
25.46069088138177
  10
18.697561595123194
  20
25.469504699009406
  10
18.668554737109478
  20
25.476896113792236
  10
18.63924307848616
  20
25.48281432562866
  10
18.60965201930404
  20
25.487284734569478
  10
18.57988315976632
  20
25.490256540513087
  10
18.550012700025402
  20
25.491755143510296
  10
18.520091440182885
  20
25.491755143510296
  10
18.49022098044196
  20
25.490256540513087
  10
18.460452120904243
  20
25.487284734569478
  10
18.430861061722126
  20
25.48281432562866
  10
18.40154940309881
  20
25.476896113792236
  10
18.372542545085093
  20
25.469504699009406
  10
18.343967487934982
  20
25.46069088138177
  10
18.315849631699265
  20
25.45045466090933
  10
18.288290576581158
  20
25.43884683769368
  10
18.261315722631448
  20
25.425867411734828
  10
18.235052070104143
  20
25.41154178308357
  10
18.20952501905004
  20
25.39594615189231
  10
18.184810769621546
  20
25.37910591821184
  10
18.160960121920247
  20
25.36102108204217
  10
18.138049276098556
  20
25.341793243586494
  10
18.116103632207267
  20
25.321447802895612
  10
18.095224790449585
  20
25.300035560071127
  10
18.075412750825507
  20
25.277607315214638
  10
18.05676911353823
  20
25.254213868427744
  10
18.039319278638562
  20
25.229931419862847
  10
18.023088646177293
  20
25.204785369570743
  10
18.008128016256034
  20
25.17887731775464
  10
17.99446278892558
  20
25.152258064516136
  10
17.98216916433833
  20
25.125003810007627
  10
17.971247142494292
  20
25.097139954279914
  10
17.961696723393448
  20
25.068793497587002
  10
17.95359410718822
  20
25.039989839979686
  10
17.94693929387859
  20
25.01083058166117
  10
17.94175768351537
  20
24.981366522733055
  10
17.938023876047755
  20
24.951673863347732
  10
17.93578867157735
  20
24.921828803657615
  10
17.935052070104142
  20
24.891932943865896
  10
17.935052070104142
  20
24.091932943865892
  10
17.93578867157735
  20
24.062037084074174
  10
17.938023876047755
  20
24.032192024384056
  10
17.94175768351537
  20
24.002499364998737
  10
17.94693929387859
  20
23.97303530607062
  10
17.95359410718822
  20
23.943876047752102
  10
17.961696723393448
  20
23.915072390144786
  10
17.971247142494292
  20
23.88672593345187
  10
17.98216916433833
  20
23.85886207772416
  10
17.99446278892558
  20
23.831607823215652
  10
18.008128016256034
  20
23.804988569977144
  10
18.023088646177293
  20
23.77908051816104
  10
18.039319278638562
  20
23.753934467868945
  10
18.05676911353823
  20
23.729652019304044
  10
18.075412750825507
  20
23.70625857251715
  10
18.095224790449585
  20
23.68383032766066
  10
18.116103632207267
  20
23.662418084836176
  10
18.138049276098556
  20
23.642072644145298
  10
18.160960121920247
  20
23.622844805689617
  10
18.184810769621546
  20
23.604759969519947
  10
18.20952501905004
  20
23.58791973583948
  10
18.235052070104143
  20
23.572324104648217
  10
18.261315722631448
  20
23.55799847599696
  10
18.288290576581158
  20
23.545019050038107
  10
18.315849631699265
  20
23.533411226822462
  10
18.343967487934982
  20
23.52317500635002
  10
18.372542545085093
  20
23.514361188722383
  10
18.40154940309881
  20
23.506969773939556
  10
18.430861061722126
  20
23.50105156210313
  10
18.460452120904243
  20
23.496581153162314
  0
HATCH
  5
1687
  100
AcDbEntity
  8
Top-Paste-Mask-Layer
  100
AcDbHatch
  10
0
  20
0
  30
0
  210
0
  220
0
  230
1
  2
SOLID
  70
1
  71
0
  91
1
  92
7
  72
0
  73
1
  93
128
  10
27.200000000000003
  20
23.492110744221492
  10
27.229870459740926
  20
23.4936093472187
  10
27.259639319278644
  20
23.49658115316231
  10
27.289230378460765
  20
23.50105156210313
  10
27.31854203708408
  20
23.506969773939556
  10
27.347548895097795
  20
23.514361188722383
  10
27.37612395224791
  20
23.52317500635002
  10
27.404241808483622
  20
23.533411226822462
  10
27.43180086360173
  20
23.545019050038107
  10
27.45877571755144
  20
23.557998475996957
  10
27.485039370078745
  20
23.572324104648217
  10
27.510566421132847
  20
23.587919735839478
  10
27.53528067056134
  20
23.604759969519943
  10
27.55913131826264
  20
23.622844805689617
  10
27.58204216408433
  20
23.642072644145294
  10
27.60398780797562
  20
23.662418084836176
  10
27.624866649733306
  20
23.68383032766066
  10
27.64467868935738
  20
23.70625857251715
  10
27.663322326644657
  20
23.729652019304044
  10
27.680772161544326
  20
23.75393446786894
  10
27.697002794005595
  20
23.77908051816104
  10
27.71196342392685
  20
23.804988569977144
  10
27.725628651257306
  20
23.831607823215652
  10
27.737922275844557
  20
23.85886207772416
  10
27.748844297688596
  20
23.88672593345187
  10
27.758394716789436
  20
23.915072390144783
  10
27.76649733299467
  20
23.943876047752102
  10
27.773152146304295
  20
23.973035306070617
  10
27.778333756667518
  20
24.002499364998734
  10
27.78206756413513
  20
24.032192024384052
  10
27.78430276860554
  20
24.062037084074174
  10
27.785039370078746
  20
24.091932943865892
  10
27.785039370078746
  20
24.891932943865893
  10
27.78430276860554
  20
24.92182880365761
  10
27.78206756413513
  20
24.951673863347732
  10
27.778333756667518
  20
24.98136652273305
  10
27.773152146304295
  20
25.010830581661168
  10
27.76649733299467
  20
25.039989839979686
  10
27.758394716789436
  20
25.068793497587002
  10
27.748844297688596
  20
25.097139954279914
  10
27.737922275844557
  20
25.125003810007627
  10
27.725628651257306
  20
25.152258064516133
  10
27.71196342392685
  20
25.17887731775464
  10
27.697002794005595
  20
25.204785369570743
  10
27.680772161544326
  20
25.229931419862844
  10
27.663322326644657
  20
25.25421386842774
  10
27.64467868935738
  20
25.277607315214638
  10
27.624866649733306
  20
25.300035560071123
  10
27.60398780797562
  20
25.321447802895612
  10
27.58204216408433
  20
25.341793243586494
  10
27.55913131826264
  20
25.36102108204217
  10
27.53528067056134
  20
25.37910591821184
  10
27.510566421132847
  20
25.39594615189231
  10
27.485039370078745
  20
25.41154178308357
  10
27.45877571755144
  20
25.425867411734828
  10
27.43180086360173
  20
25.43884683769368
  10
27.404241808483622
  20
25.45045466090933
  10
27.37612395224791
  20
25.460690881381765
  10
27.347548895097795
  20
25.469504699009406
  10
27.31854203708408
  20
25.476896113792233
  10
27.289230378460765
  20
25.482814325628656
  10
27.259639319278644
  20
25.487284734569474
  10
27.229870459740926
  20
25.490256540513087
  10
27.200000000000003
  20
25.491755143510293
  10
27.170078740157486
  20
25.491755143510293
  10
27.140208280416566
  20
25.490256540513087
  10
27.110439420878848
  20
25.487284734569474
  10
27.080848361696727
  20
25.482814325628656
  10
27.051536703073413
  20
25.476896113792233
  10
27.022529845059694
  20
25.469504699009406
  10
26.99395478790958
  20
25.460690881381765
  10
26.96583693167387
  20
25.45045466090933
  10
26.938277876555755
  20
25.43884683769368
  10
26.91130302260605
  20
25.425867411734828
  10
26.885039370078744
  20
25.41154178308357
  10
26.859512319024645
  20
25.39594615189231
  10
26.834798069596143
  20
25.37910591821184
  10
26.81094742189485
  20
25.36102108204217
  10
26.788036576073157
  20
25.341793243586494
  10
26.76609093218187
  20
25.321447802895612
  10
26.745212090424186
  20
25.300035560071123
  10
26.725400050800108
  20
25.277607315214638
  10
26.70675641351283
  20
25.25421386842774
  10
26.689306578613163
  20
25.229931419862844
  10
26.673075946151897
  20
25.204785369570743
  10
26.65811531623064
  20
25.17887731775464
  10
26.64445008890018
  20
25.152258064516136
  10
26.632156464312935
  20
25.125003810007627
  10
26.62123444246889
  20
25.097139954279914
  10
26.611684023368053
  20
25.068793497587002
  10
26.603581407162817
  20
25.039989839979686
  10
26.596926593853194
  20
25.010830581661168
  10
26.59174498348997
  20
24.98136652273305
  10
26.58801117602236
  20
24.951673863347732
  10
26.585775971551946
  20
24.92182880365761
  10
26.585039370078746
  20
24.891932943865893
  10
26.585039370078746
  20
24.091932943865892
  10
26.585775971551946
  20
24.062037084074174
  10
26.588011176022356
  20
24.032192024384052
  10
26.59174498348997
  20
24.002499364998734
  10
26.59692659385319
  20
23.973035306070617
  10
26.603581407162817
  20
23.943876047752102
  10
26.611684023368053
  20
23.915072390144783
  10
26.62123444246889
  20
23.88672593345187
  10
26.63215646431293
  20
23.85886207772416
  10
26.64445008890018
  20
23.831607823215652
  10
26.65811531623064
  20
23.804988569977144
  10
26.673075946151897
  20
23.77908051816104
  10
26.689306578613163
  20
23.75393446786894
  10
26.70675641351283
  20
23.729652019304044
  10
26.725400050800108
  20
23.70625857251715
  10
26.745212090424186
  20
23.68383032766066
  10
26.76609093218187
  20
23.662418084836176
  10
26.788036576073157
  20
23.642072644145294
  10
26.81094742189485
  20
23.622844805689617
  10
26.834798069596143
  20
23.604759969519943
  10
26.859512319024645
  20
23.587919735839478
  10
26.885039370078744
  20
23.572324104648217
  10
26.91130302260605
  20
23.557998475996957
  10
26.938277876555755
  20
23.545019050038107
  10
26.96583693167387
  20
23.533411226822462
  10
26.99395478790958
  20
23.52317500635002
  10
27.022529845059694
  20
23.514361188722383
  10
27.051536703073413
  20
23.506969773939556
  10
27.080848361696727
  20
23.50105156210313
  10
27.110439420878848
  20
23.49658115316231
  10
27.140208280416566
  20
23.4936093472187
  10
27.170078740157486
  20
23.492110744221492
  97
1
  330
1686
  75
0
  76
1
  47
0.4128176842155181
  98
1
  10
34.90568961886538
  20
22.81183545379326
  450
0
  451
0
  460
0
  461
0
  452
1
  462
1
  453
2
  463
0
  63
5
  421
255
  463
1
  63
7
  421
16777215
  470
LINEAR
  1001
ACAD
  1010
0
  1020
0
  1030
0
  0
LWPOLYLINE
  5
1686
  100
AcDbEntity
  8
Top-Paste-Mask-Layer
  100
AcDbPolyline
  90
128
  70
1
  43
0.005080010160020321
  10
27.200000000000003
  20
23.492110744221492
  10
27.229870459740926
  20
23.4936093472187
  10
27.259639319278644
  20
23.49658115316231
  10
27.289230378460765
  20
23.50105156210313
  10
27.31854203708408
  20
23.506969773939556
  10
27.347548895097795
  20
23.514361188722383
  10
27.37612395224791
  20
23.52317500635002
  10
27.404241808483622
  20
23.533411226822462
  10
27.43180086360173
  20
23.545019050038107
  10
27.45877571755144
  20
23.557998475996957
  10
27.485039370078745
  20
23.572324104648217
  10
27.510566421132847
  20
23.587919735839478
  10
27.53528067056134
  20
23.604759969519943
  10
27.55913131826264
  20
23.622844805689617
  10
27.58204216408433
  20
23.642072644145294
  10
27.60398780797562
  20
23.662418084836176
  10
27.624866649733306
  20
23.68383032766066
  10
27.64467868935738
  20
23.70625857251715
  10
27.663322326644657
  20
23.729652019304044
  10
27.680772161544326
  20
23.75393446786894
  10
27.697002794005595
  20
23.77908051816104
  10
27.71196342392685
  20
23.804988569977144
  10
27.725628651257306
  20
23.831607823215652
  10
27.737922275844557
  20
23.85886207772416
  10
27.748844297688596
  20
23.88672593345187
  10
27.758394716789436
  20
23.915072390144783
  10
27.76649733299467
  20
23.943876047752102
  10
27.773152146304295
  20
23.973035306070617
  10
27.778333756667518
  20
24.002499364998734
  10
27.78206756413513
  20
24.032192024384052
  10
27.78430276860554
  20
24.062037084074174
  10
27.785039370078746
  20
24.091932943865892
  10
27.785039370078746
  20
24.891932943865893
  10
27.78430276860554
  20
24.92182880365761
  10
27.78206756413513
  20
24.951673863347732
  10
27.778333756667518
  20
24.98136652273305
  10
27.773152146304295
  20
25.010830581661168
  10
27.76649733299467
  20
25.039989839979686
  10
27.758394716789436
  20
25.068793497587002
  10
27.748844297688596
  20
25.097139954279914
  10
27.737922275844557
  20
25.125003810007627
  10
27.725628651257306
  20
25.152258064516133
  10
27.71196342392685
  20
25.17887731775464
  10
27.697002794005595
  20
25.204785369570743
  10
27.680772161544326
  20
25.229931419862844
  10
27.663322326644657
  20
25.25421386842774
  10
27.64467868935738
  20
25.277607315214638
  10
27.624866649733306
  20
25.300035560071123
  10
27.60398780797562
  20
25.321447802895612
  10
27.58204216408433
  20
25.341793243586494
  10
27.55913131826264
  20
25.36102108204217
  10
27.53528067056134
  20
25.37910591821184
  10
27.510566421132847
  20
25.39594615189231
  10
27.485039370078745
  20
25.41154178308357
  10
27.45877571755144
  20
25.425867411734828
  10
27.43180086360173
  20
25.43884683769368
  10
27.404241808483622
  20
25.45045466090933
  10
27.37612395224791
  20
25.460690881381765
  10
27.347548895097795
  20
25.469504699009406
  10
27.31854203708408
  20
25.476896113792233
  10
27.289230378460765
  20
25.482814325628656
  10
27.259639319278644
  20
25.487284734569474
  10
27.229870459740926
  20
25.490256540513087
  10
27.200000000000003
  20
25.491755143510293
  10
27.170078740157486
  20
25.491755143510293
  10
27.140208280416566
  20
25.490256540513087
  10
27.110439420878848
  20
25.487284734569474
  10
27.080848361696727
  20
25.482814325628656
  10
27.051536703073413
  20
25.476896113792233
  10
27.022529845059694
  20
25.469504699009406
  10
26.99395478790958
  20
25.460690881381765
  10
26.96583693167387
  20
25.45045466090933
  10
26.938277876555755
  20
25.43884683769368
  10
26.91130302260605
  20
25.425867411734828
  10
26.885039370078744
  20
25.41154178308357
  10
26.859512319024645
  20
25.39594615189231
  10
26.834798069596143
  20
25.37910591821184
  10
26.81094742189485
  20
25.36102108204217
  10
26.788036576073157
  20
25.341793243586494
  10
26.76609093218187
  20
25.321447802895612
  10
26.745212090424186
  20
25.300035560071123
  10
26.725400050800108
  20
25.277607315214638
  10
26.70675641351283
  20
25.25421386842774
  10
26.689306578613163
  20
25.229931419862844
  10
26.673075946151897
  20
25.204785369570743
  10
26.65811531623064
  20
25.17887731775464
  10
26.64445008890018
  20
25.152258064516136
  10
26.632156464312935
  20
25.125003810007627
  10
26.62123444246889
  20
25.097139954279914
  10
26.611684023368053
  20
25.068793497587002
  10
26.603581407162817
  20
25.039989839979686
  10
26.596926593853194
  20
25.010830581661168
  10
26.59174498348997
  20
24.98136652273305
  10
26.58801117602236
  20
24.951673863347732
  10
26.585775971551946
  20
24.92182880365761
  10
26.585039370078746
  20
24.891932943865893
  10
26.585039370078746
  20
24.091932943865892
  10
26.585775971551946
  20
24.062037084074174
  10
26.588011176022356
  20
24.032192024384052
  10
26.59174498348997
  20
24.002499364998734
  10
26.59692659385319
  20
23.973035306070617
  10
26.603581407162817
  20
23.943876047752102
  10
26.611684023368053
  20
23.915072390144783
  10
26.62123444246889
  20
23.88672593345187
  10
26.63215646431293
  20
23.85886207772416
  10
26.64445008890018
  20
23.831607823215652
  10
26.65811531623064
  20
23.804988569977144
  10
26.673075946151897
  20
23.77908051816104
  10
26.689306578613163
  20
23.75393446786894
  10
26.70675641351283
  20
23.729652019304044
  10
26.725400050800108
  20
23.70625857251715
  10
26.745212090424186
  20
23.68383032766066
  10
26.76609093218187
  20
23.662418084836176
  10
26.788036576073157
  20
23.642072644145294
  10
26.81094742189485
  20
23.622844805689617
  10
26.834798069596143
  20
23.604759969519943
  10
26.859512319024645
  20
23.587919735839478
  10
26.885039370078744
  20
23.572324104648217
  10
26.91130302260605
  20
23.557998475996957
  10
26.938277876555755
  20
23.545019050038107
  10
26.96583693167387
  20
23.533411226822462
  10
26.99395478790958
  20
23.52317500635002
  10
27.022529845059694
  20
23.514361188722383
  10
27.051536703073413
  20
23.506969773939556
  10
27.080848361696727
  20
23.50105156210313
  10
27.110439420878848
  20
23.49658115316231
  10
27.140208280416566
  20
23.4936093472187
  10
27.170078740157486
  20
23.492110744221492
  0
HATCH
  5
1689
  100
AcDbEntity
  8
Top-Paste-Mask-Layer
  100
AcDbHatch
  10
0
  20
0
  30
0
  210
0
  220
0
  230
1
  2
SOLID
  70
1
  71
0
  91
1
  92
7
  72
0
  73
1
  93
128
  10
27.140208280416562
  20
27.9437744475489
  10
27.170078740157482
  20
27.942275844551695
  10
27.2
  20
27.942275844551695
  10
27.229870459740923
  20
27.9437744475489
  10
27.25963931927864
  20
27.946746253492513
  10
27.289230378460758
  20
27.951216662433332
  10
27.318542037084075
  20
27.957134874269755
  10
27.34754889509779
  20
27.964526289052586
  10
27.376123952247905
  20
27.97334010668022
  10
27.40424180848362
  20
27.98357632715266
  10
27.431800863601726
  20
27.995184150368306
  10
27.458775717551436
  20
28.008163576327156
  10
27.48503937007874
  20
28.022489204978413
  10
27.510566421132843
  20
28.03808483616968
  10
27.535280670561338
  20
28.054925069850146
  10
27.559131318262637
  20
28.07300990601982
  10
27.582042164084328
  20
28.092237744475494
  10
27.603987807975617
  20
28.112583185166375
  10
27.624866649733303
  20
28.13399542799086
  10
27.644678689357377
  20
28.156423672847353
  10
27.663322326644654
  20
28.179817119634244
  10
27.680772161544322
  20
28.20409956819914
  10
27.697002794005588
  20
28.22924561849124
  10
27.71196342392685
  20
28.255153670307347
  10
27.725628651257306
  20
28.28177292354585
  10
27.73792227584455
  20
28.309027178054365
  10
27.748844297688596
  20
28.336891033782074
  10
27.758394716789436
  20
28.36523749047499
  10
27.766497332994664
  20
28.3940411480823
  10
27.773152146304295
  20
28.423200406400817
  10
27.778333756667518
  20
28.452664465328937
  10
27.78206756413513
  20
28.482357124714255
  10
27.78430276860554
  20
28.512202184404373
  10
27.785039370078746
  20
28.542098044196095
  10
27.785039370078746
  20
28.842098044196092
  10
27.78430276860554
  20
28.871993903987814
  10
27.78206756413513
  20
28.901838963677932
  10
27.778333756667518
  20
28.93153162306325
  10
27.773152146304295
  20
28.96099568199137
  10
27.766497332994664
  20
28.990154940309885
  10
27.758394716789436
  20
29.0189585979172
  10
27.748844297688596
  20
29.047305054610113
  10
27.73792227584455
  20
29.075168910337826
  10
27.725628651257306
  20
29.102423164846336
  10
27.71196342392685
  20
29.129042418084843
  10
27.697002794005588
  20
29.154950469900946
  10
27.680772161544322
  20
29.180096520193047
  10
27.663322326644654
  20
29.204378968757943
  10
27.644678689357377
  20
29.227772415544838
  10
27.624866649733303
  20
29.250200660401326
  10
27.603987807975617
  20
29.27161290322581
  10
27.582042164084328
  20
29.291958343916694
  10
27.559131318262637
  20
29.31118618237237
  10
27.535280670561338
  20
29.329271018542045
  10
27.510566421132843
  20
29.34611125222251
  10
27.48503937007874
  20
29.361706883413774
  10
27.458775717551436
  20
29.37603251206503
  10
27.431800863601726
  20
29.389011938023884
  10
27.40424180848362
  20
29.40061976123953
  10
27.376123952247905
  20
29.41085598171197
  10
27.34754889509779
  20
29.419669799339605
  10
27.318542037084075
  20
29.427061214122432
  10
27.289230378460758
  20
29.432979425958855
  10
27.25963931927864
  20
29.437449834899674
  10
27.229870459740923
  20
29.44042164084329
  10
27.2
  20
29.441920243840492
  10
27.170078740157482
  20
29.441920243840492
  10
27.140208280416562
  20
29.44042164084329
  10
27.110439420878844
  20
29.437449834899674
  10
27.080848361696724
  20
29.432979425958855
  10
27.05153670307341
  20
29.427061214122432
  10
27.02252984505969
  20
29.419669799339605
  10
26.993954787909576
  20
29.41085598171197
  10
26.965836931673866
  20
29.40061976123953
  10
26.938277876555752
  20
29.389011938023884
  10
26.911303022606045
  20
29.37603251206503
  10
26.88503937007874
  20
29.361706883413774
  10
26.859512319024642
  20
29.34611125222251
  10
26.83479806959614
  20
29.329271018542045
  10
26.810947421894845
  20
29.31118618237237
  10
26.788036576073154
  20
29.291958343916694
  10
26.766090932181864
  20
29.27161290322581
  10
26.745212090424182
  20
29.250200660401326
  10
26.725400050800104
  20
29.227772415544838
  10
26.706756413512828
  20
29.204378968757943
  10
26.68930657861316
  20
29.180096520193047
  10
26.673075946151894
  20
29.154950469900946
  10
26.658115316230635
  20
29.129042418084843
  10
26.64445008890018
  20
29.102423164846336
  10
26.63215646431293
  20
29.075168910337826
  10
26.621234442468886
  20
29.047305054610113
  10
26.61168402336805
  20
29.0189585979172
  10
26.603581407162817
  20
28.990154940309885
  10
26.59692659385319
  20
28.96099568199137
  10
26.591744983489967
  20
28.93153162306325
  10
26.588011176022356
  20
28.901838963677932
  10
26.585775971551943
  20
28.871993903987814
  10
26.585039370078743
  20
28.842098044196092
  10
26.585039370078743
  20
28.542098044196095
  10
26.585775971551943
  20
28.512202184404373
  10
26.588011176022356
  20
28.482357124714255
  10
26.591744983489967
  20
28.452664465328937
  10
26.59692659385319
  20
28.423200406400817
  10
26.603581407162817
  20
28.3940411480823
  10
26.61168402336805
  20
28.36523749047499
  10
26.621234442468886
  20
28.336891033782074
  10
26.63215646431293
  20
28.309027178054365
  10
26.64445008890018
  20
28.28177292354585
  10
26.658115316230635
  20
28.255153670307347
  10
26.673075946151894
  20
28.229245618491245
  10
26.68930657861316
  20
28.20409956819914
  10
26.706756413512828
  20
28.179817119634244
  10
26.725400050800104
  20
28.156423672847353
  10
26.745212090424182
  20
28.13399542799086
  10
26.766090932181864
  20
28.112583185166375
  10
26.788036576073154
  20
28.092237744475497
  10
26.810947421894845
  20
28.07300990601982
  10
26.83479806959614
  20
28.054925069850146
  10
26.859512319024642
  20
28.03808483616968
  10
26.88503937007874
  20
28.022489204978413
  10
26.911303022606045
  20
28.008163576327156
  10
26.938277876555752
  20
27.995184150368306
  10
26.965836931673866
  20
27.98357632715266
  10
26.993954787909576
  20
27.97334010668022
  10
27.02252984505969
  20
27.964526289052586
  10
27.05153670307341
  20
27.957134874269755
  10
27.080848361696724
  20
27.951216662433332
  10
27.110439420878844
  20
27.946746253492513
  97
1
  330
1688
  75
0
  76
1
  47
0.4128176842155181
  98
1
  10
34.90568961886538
  20
22.81183545379326
  450
0
  451
0
  460
0
  461
0
  452
1
  462
1
  453
2
  463
0
  63
5
  421
255
  463
1
  63
7
  421
16777215
  470
LINEAR
  1001
ACAD
  1010
0
  1020
0
  1030
0
  0
LWPOLYLINE
  5
1688
  100
AcDbEntity
  8
Top-Paste-Mask-Layer
  100
AcDbPolyline
  90
128
  70
1
  43
0.005080010160020321
  10
27.140208280416562
  20
27.9437744475489
  10
27.170078740157482
  20
27.942275844551695
  10
27.2
  20
27.942275844551695
  10
27.229870459740923
  20
27.9437744475489
  10
27.25963931927864
  20
27.946746253492513
  10
27.289230378460758
  20
27.951216662433332
  10
27.318542037084075
  20
27.957134874269755
  10
27.34754889509779
  20
27.964526289052586
  10
27.376123952247905
  20
27.97334010668022
  10
27.40424180848362
  20
27.98357632715266
  10
27.431800863601726
  20
27.995184150368306
  10
27.458775717551436
  20
28.008163576327156
  10
27.48503937007874
  20
28.022489204978413
  10
27.510566421132843
  20
28.03808483616968
  10
27.535280670561338
  20
28.054925069850146
  10
27.559131318262637
  20
28.07300990601982
  10
27.582042164084328
  20
28.092237744475494
  10
27.603987807975617
  20
28.112583185166375
  10
27.624866649733303
  20
28.13399542799086
  10
27.644678689357377
  20
28.156423672847353
  10
27.663322326644654
  20
28.179817119634244
  10
27.680772161544322
  20
28.20409956819914
  10
27.697002794005588
  20
28.22924561849124
  10
27.71196342392685
  20
28.255153670307347
  10
27.725628651257306
  20
28.28177292354585
  10
27.73792227584455
  20
28.309027178054365
  10
27.748844297688596
  20
28.336891033782074
  10
27.758394716789436
  20
28.36523749047499
  10
27.766497332994664
  20
28.3940411480823
  10
27.773152146304295
  20
28.423200406400817
  10
27.778333756667518
  20
28.452664465328937
  10
27.78206756413513
  20
28.482357124714255
  10
27.78430276860554
  20
28.512202184404373
  10
27.785039370078746
  20
28.542098044196095
  10
27.785039370078746
  20
28.842098044196092
  10
27.78430276860554
  20
28.871993903987814
  10
27.78206756413513
  20
28.901838963677932
  10
27.778333756667518
  20
28.93153162306325
  10
27.773152146304295
  20
28.96099568199137
  10
27.766497332994664
  20
28.990154940309885
  10
27.758394716789436
  20
29.0189585979172
  10
27.748844297688596
  20
29.047305054610113
  10
27.73792227584455
  20
29.075168910337826
  10
27.725628651257306
  20
29.102423164846336
  10
27.71196342392685
  20
29.129042418084843
  10
27.697002794005588
  20
29.154950469900946
  10
27.680772161544322
  20
29.180096520193047
  10
27.663322326644654
  20
29.204378968757943
  10
27.644678689357377
  20
29.227772415544838
  10
27.624866649733303
  20
29.250200660401326
  10
27.603987807975617
  20
29.27161290322581
  10
27.582042164084328
  20
29.291958343916694
  10
27.559131318262637
  20
29.31118618237237
  10
27.535280670561338
  20
29.329271018542045
  10
27.510566421132843
  20
29.34611125222251
  10
27.48503937007874
  20
29.361706883413774
  10
27.458775717551436
  20
29.37603251206503
  10
27.431800863601726
  20
29.389011938023884
  10
27.40424180848362
  20
29.40061976123953
  10
27.376123952247905
  20
29.41085598171197
  10
27.34754889509779
  20
29.419669799339605
  10
27.318542037084075
  20
29.427061214122432
  10
27.289230378460758
  20
29.432979425958855
  10
27.25963931927864
  20
29.437449834899674
  10
27.229870459740923
  20
29.44042164084329
  10
27.2
  20
29.441920243840492
  10
27.170078740157482
  20
29.441920243840492
  10
27.140208280416562
  20
29.44042164084329
  10
27.110439420878844
  20
29.437449834899674
  10
27.080848361696724
  20
29.432979425958855
  10
27.05153670307341
  20
29.427061214122432
  10
27.02252984505969
  20
29.419669799339605
  10
26.993954787909576
  20
29.41085598171197
  10
26.965836931673866
  20
29.40061976123953
  10
26.938277876555752
  20
29.389011938023884
  10
26.911303022606045
  20
29.37603251206503
  10
26.88503937007874
  20
29.361706883413774
  10
26.859512319024642
  20
29.34611125222251
  10
26.83479806959614
  20
29.329271018542045
  10
26.810947421894845
  20
29.31118618237237
  10
26.788036576073154
  20
29.291958343916694
  10
26.766090932181864
  20
29.27161290322581
  10
26.745212090424182
  20
29.250200660401326
  10
26.725400050800104
  20
29.227772415544838
  10
26.706756413512828
  20
29.204378968757943
  10
26.68930657861316
  20
29.180096520193047
  10
26.673075946151894
  20
29.154950469900946
  10
26.658115316230635
  20
29.129042418084843
  10
26.64445008890018
  20
29.102423164846336
  10
26.63215646431293
  20
29.075168910337826
  10
26.621234442468886
  20
29.047305054610113
  10
26.61168402336805
  20
29.0189585979172
  10
26.603581407162817
  20
28.990154940309885
  10
26.59692659385319
  20
28.96099568199137
  10
26.591744983489967
  20
28.93153162306325
  10
26.588011176022356
  20
28.901838963677932
  10
26.585775971551943
  20
28.871993903987814
  10
26.585039370078743
  20
28.842098044196092
  10
26.585039370078743
  20
28.542098044196095
  10
26.585775971551943
  20
28.512202184404373
  10
26.588011176022356
  20
28.482357124714255
  10
26.591744983489967
  20
28.452664465328937
  10
26.59692659385319
  20
28.423200406400817
  10
26.603581407162817
  20
28.3940411480823
  10
26.61168402336805
  20
28.36523749047499
  10
26.621234442468886
  20
28.336891033782074
  10
26.63215646431293
  20
28.309027178054365
  10
26.64445008890018
  20
28.28177292354585
  10
26.658115316230635
  20
28.255153670307347
  10
26.673075946151894
  20
28.229245618491245
  10
26.68930657861316
  20
28.20409956819914
  10
26.706756413512828
  20
28.179817119634244
  10
26.725400050800104
  20
28.156423672847353
  10
26.745212090424182
  20
28.13399542799086
  10
26.766090932181864
  20
28.112583185166375
  10
26.788036576073154
  20
28.092237744475497
  10
26.810947421894845
  20
28.07300990601982
  10
26.83479806959614
  20
28.054925069850146
  10
26.859512319024642
  20
28.03808483616968
  10
26.88503937007874
  20
28.022489204978413
  10
26.911303022606045
  20
28.008163576327156
  10
26.938277876555752
  20
27.995184150368306
  10
26.965836931673866
  20
27.98357632715266
  10
26.993954787909576
  20
27.97334010668022
  10
27.02252984505969
  20
27.964526289052586
  10
27.05153670307341
  20
27.957134874269755
  10
27.080848361696724
  20
27.951216662433332
  10
27.110439420878844
  20
27.946746253492513
  0
HATCH
  5
1691
  100
AcDbEntity
  8
Top-Paste-Mask-Layer
  100
AcDbHatch
  10
0
  20
0
  30
0
  210
0
  220
0
  230
1
  2
SOLID
  70
1
  71
0
  91
1
  92
7
  72
0
  73
1
  93
128
  10
18.5500127000254
  20
27.942275844551695
  10
18.579883159766318
  20
27.943774447548904
  10
18.609652019304036
  20
27.946746253492513
  10
18.639243078486157
  20
27.951216662433332
  10
18.66855473710947
  20
27.957134874269755
  10
18.69756159512319
  20
27.964526289052586
  10
18.726136652273304
  20
27.97334010668022
  10
18.754254508509018
  20
27.98357632715266
  10
18.78181356362713
  20
27.995184150368306
  10
18.808788417576835
  20
28.008163576327156
  10
18.83505207010414
  20
28.022489204978417
  10
18.860579121158242
  20
28.03808483616968
  10
18.88529337058674
  20
28.054925069850146
  10
18.909144018288035
  20
28.07300990601982
  10
18.932054864109727
  20
28.092237744475497
  10
18.954000508001016
  20
28.11258318516638
  10
18.974879349758698
  20
28.13399542799086
  10
18.99469138938278
  20
28.156423672847353
  10
19.013335026670056
  20
28.179817119634244
  10
19.03078486156972
  20
28.204099568199144
  10
19.04701549403099
  20
28.229245618491245
  10
19.061976123952245
  20
28.25515367030735
  10
19.075641351282705
  20
28.28177292354585
  10
19.087934975869953
  20
28.309027178054365
  10
19.098856997713995
  20
28.336891033782074
  10
19.10840741681483
  20
28.36523749047499
  10
19.116510033020067
  20
28.3940411480823
  10
19.123164846329693
  20
28.423200406400817
  10
19.128346456692913
  20
28.452664465328937
  10
19.13208026416053
  20
28.482357124714255
  10
19.134315468630938
  20
28.512202184404376
  10
19.13505207010414
  20
28.542098044196095
  10
19.13505207010414
  20
28.842098044196096
  10
19.134315468630938
  20
28.871993903987814
  10
19.13208026416053
  20
28.901838963677935
  10
19.128346456692913
  20
28.93153162306325
  10
19.123164846329693
  20
28.96099568199137
  10
19.116510033020067
  20
28.990154940309885
  10
19.10840741681483
  20
29.0189585979172
  10
19.098856997713995
  20
29.047305054610117
  10
19.087934975869953
  20
29.075168910337826
  10
19.075641351282705
  20
29.102423164846336
  10
19.061976123952245
  20
29.129042418084843
  10
19.04701549403099
  20
29.154950469900946
  10
19.03078486156972
  20
29.180096520193047
  10
19.013335026670056
  20
29.204378968757943
  10
18.99469138938278
  20
29.22777241554484
  10
18.974879349758698
  20
29.250200660401326
  10
18.954000508001016
  20
29.271612903225815
  10
18.932054864109727
  20
29.291958343916697
  10
18.909144018288035
  20
29.31118618237237
  10
18.88529337058674
  20
29.329271018542045
  10
18.860579121158242
  20
29.346111252222514
  10
18.83505207010414
  20
29.361706883413774
  10
18.808788417576835
  20
29.37603251206503
  10
18.78181356362713
  20
29.389011938023884
  10
18.754254508509018
  20
29.40061976123953
  10
18.726136652273304
  20
29.41085598171197
  10
18.69756159512319
  20
29.41966979933961
  10
18.66855473710947
  20
29.427061214122435
  10
18.639243078486157
  20
29.43297942595886
  10
18.609652019304036
  20
29.437449834899677
  10
18.579883159766318
  20
29.44042164084329
  10
18.5500127000254
  20
29.441920243840492
  10
18.52009144018288
  20
29.441920243840492
  10
18.490220980441958
  20
29.44042164084329
  10
18.46045212090424
  20
29.437449834899677
  10
18.430861061722123
  20
29.43297942595886
  10
18.401549403098805
  20
29.427061214122435
  10
18.37254254508509
  20
29.41966979933961
  10
18.343967487934975
  20
29.41085598171197
  10
18.315849631699262
  20
29.40061976123953
  10
18.288290576581154
  20
29.389011938023884
  10
18.261315722631444
  20
29.37603251206503
  10
18.23505207010414
  20
29.361706883413774
  10
18.209525019050037
  20
29.346111252222514
  10
18.184810769621542
  20
29.329271018542045
  10
18.160960121920244
  20
29.31118618237237
  10
18.138049276098553
  20
29.291958343916697
  10
18.116103632207263
  20
29.271612903225815
  10
18.09522479044958
  20
29.250200660401326
  10
18.075412750825503
  20
29.22777241554484
  10
18.056769113538227
  20
29.204378968757943
  10
18.03931927863856
  20
29.180096520193047
  10
18.02308864617729
  20
29.154950469900946
  10
18.00812801625603
  20
29.129042418084843
  10
17.994462788925578
  20
29.102423164846336
  10
17.982169164338327
  20
29.075168910337826
  10
17.97124714249429
  20
29.047305054610117
  10
17.961696723393445
  20
29.0189585979172
  10
17.953594107188216
  20
28.990154940309885
  10
17.946939293878586
  20
28.96099568199137
  10
17.941757683515366
  20
28.93153162306325
  10
17.93802387604775
  20
28.901838963677935
  10
17.935788671577345
  20
28.871993903987814
  10
17.93505207010414
  20
28.842098044196096
  10
17.93505207010414
  20
28.542098044196095
  10
17.935788671577345
  20
28.512202184404376
  10
17.93802387604775
  20
28.482357124714255
  10
17.941757683515366
  20
28.452664465328937
  10
17.946939293878586
  20
28.423200406400817
  10
17.953594107188216
  20
28.3940411480823
  10
17.961696723393445
  20
28.36523749047499
  10
17.97124714249429
  20
28.336891033782074
  10
17.982169164338327
  20
28.309027178054365
  10
17.994462788925578
  20
28.28177292354585
  10
18.00812801625603
  20
28.25515367030735
  10
18.02308864617729
  20
28.229245618491245
  10
18.03931927863856
  20
28.204099568199144
  10
18.056769113538227
  20
28.179817119634244
  10
18.075412750825503
  20
28.156423672847353
  10
18.09522479044958
  20
28.13399542799086
  10
18.116103632207263
  20
28.11258318516638
  10
18.138049276098553
  20
28.092237744475497
  10
18.160960121920244
  20
28.07300990601982
  10
18.184810769621542
  20
28.05492506985015
  10
18.209525019050037
  20
28.03808483616968
  10
18.23505207010414
  20
28.022489204978417
  10
18.261315722631444
  20
28.008163576327156
  10
18.288290576581154
  20
27.995184150368306
  10
18.315849631699262
  20
27.98357632715266
  10
18.343967487934975
  20
27.97334010668022
  10
18.37254254508509
  20
27.964526289052586
  10
18.401549403098805
  20
27.957134874269755
  10
18.430861061722123
  20
27.951216662433332
  10
18.46045212090424
  20
27.946746253492513
  10
18.490220980441958
  20
27.943774447548904
  10
18.52009144018288
  20
27.942275844551695
  97
1
  330
1690
  75
0
  76
1
  47
0.4128176842155181
  98
1
  10
34.90568961886538
  20
22.81183545379326
  450
0
  451
0
  460
0
  461
0
  452
1
  462
1
  453
2
  463
0
  63
5
  421
255
  463
1
  63
7
  421
16777215
  470
LINEAR
  1001
ACAD
  1010
0
  1020
0
  1030
0
  0
LWPOLYLINE
  5
1690
  100
AcDbEntity
  8
Top-Paste-Mask-Layer
  100
AcDbPolyline
  90
128
  70
1
  43
0.005080010160020321
  10
18.5500127000254
  20
27.942275844551695
  10
18.579883159766318
  20
27.943774447548904
  10
18.609652019304036
  20
27.946746253492513
  10
18.639243078486157
  20
27.951216662433332
  10
18.66855473710947
  20
27.957134874269755
  10
18.69756159512319
  20
27.964526289052586
  10
18.726136652273304
  20
27.97334010668022
  10
18.754254508509018
  20
27.98357632715266
  10
18.78181356362713
  20
27.995184150368306
  10
18.808788417576835
  20
28.008163576327156
  10
18.83505207010414
  20
28.022489204978417
  10
18.860579121158242
  20
28.03808483616968
  10
18.88529337058674
  20
28.054925069850146
  10
18.909144018288035
  20
28.07300990601982
  10
18.932054864109727
  20
28.092237744475497
  10
18.954000508001016
  20
28.11258318516638
  10
18.974879349758698
  20
28.13399542799086
  10
18.99469138938278
  20
28.156423672847353
  10
19.013335026670056
  20
28.179817119634244
  10
19.03078486156972
  20
28.204099568199144
  10
19.04701549403099
  20
28.229245618491245
  10
19.061976123952245
  20
28.25515367030735
  10
19.075641351282705
  20
28.28177292354585
  10
19.087934975869953
  20
28.309027178054365
  10
19.098856997713995
  20
28.336891033782074
  10
19.10840741681483
  20
28.36523749047499
  10
19.116510033020067
  20
28.3940411480823
  10
19.123164846329693
  20
28.423200406400817
  10
19.128346456692913
  20
28.452664465328937
  10
19.13208026416053
  20
28.482357124714255
  10
19.134315468630938
  20
28.512202184404376
  10
19.13505207010414
  20
28.542098044196095
  10
19.13505207010414
  20
28.842098044196096
  10
19.134315468630938
  20
28.871993903987814
  10
19.13208026416053
  20
28.901838963677935
  10
19.128346456692913
  20
28.93153162306325
  10
19.123164846329693
  20
28.96099568199137
  10
19.116510033020067
  20
28.990154940309885
  10
19.10840741681483
  20
29.0189585979172
  10
19.098856997713995
  20
29.047305054610117
  10
19.087934975869953
  20
29.075168910337826
  10
19.075641351282705
  20
29.102423164846336
  10
19.061976123952245
  20
29.129042418084843
  10
19.04701549403099
  20
29.154950469900946
  10
19.03078486156972
  20
29.180096520193047
  10
19.013335026670056
  20
29.204378968757943
  10
18.99469138938278
  20
29.22777241554484
  10
18.974879349758698
  20
29.250200660401326
  10
18.954000508001016
  20
29.271612903225815
  10
18.932054864109727
  20
29.291958343916697
  10
18.909144018288035
  20
29.31118618237237
  10
18.88529337058674
  20
29.329271018542045
  10
18.860579121158242
  20
29.346111252222514
  10
18.83505207010414
  20
29.361706883413774
  10
18.808788417576835
  20
29.37603251206503
  10
18.78181356362713
  20
29.389011938023884
  10
18.754254508509018
  20
29.40061976123953
  10
18.726136652273304
  20
29.41085598171197
  10
18.69756159512319
  20
29.41966979933961
  10
18.66855473710947
  20
29.427061214122435
  10
18.639243078486157
  20
29.43297942595886
  10
18.609652019304036
  20
29.437449834899677
  10
18.579883159766318
  20
29.44042164084329
  10
18.5500127000254
  20
29.441920243840492
  10
18.52009144018288
  20
29.441920243840492
  10
18.490220980441958
  20
29.44042164084329
  10
18.46045212090424
  20
29.437449834899677
  10
18.430861061722123
  20
29.43297942595886
  10
18.401549403098805
  20
29.427061214122435
  10
18.37254254508509
  20
29.41966979933961
  10
18.343967487934975
  20
29.41085598171197
  10
18.315849631699262
  20
29.40061976123953
  10
18.288290576581154
  20
29.389011938023884
  10
18.261315722631444
  20
29.37603251206503
  10
18.23505207010414
  20
29.361706883413774
  10
18.209525019050037
  20
29.346111252222514
  10
18.184810769621542
  20
29.329271018542045
  10
18.160960121920244
  20
29.31118618237237
  10
18.138049276098553
  20
29.291958343916697
  10
18.116103632207263
  20
29.271612903225815
  10
18.09522479044958
  20
29.250200660401326
  10
18.075412750825503
  20
29.22777241554484
  10
18.056769113538227
  20
29.204378968757943
  10
18.03931927863856
  20
29.180096520193047
  10
18.02308864617729
  20
29.154950469900946
  10
18.00812801625603
  20
29.129042418084843
  10
17.994462788925578
  20
29.102423164846336
  10
17.982169164338327
  20
29.075168910337826
  10
17.97124714249429
  20
29.047305054610117
  10
17.961696723393445
  20
29.0189585979172
  10
17.953594107188216
  20
28.990154940309885
  10
17.946939293878586
  20
28.96099568199137
  10
17.941757683515366
  20
28.93153162306325
  10
17.93802387604775
  20
28.901838963677935
  10
17.935788671577345
  20
28.871993903987814
  10
17.93505207010414
  20
28.842098044196096
  10
17.93505207010414
  20
28.542098044196095
  10
17.935788671577345
  20
28.512202184404376
  10
17.93802387604775
  20
28.482357124714255
  10
17.941757683515366
  20
28.452664465328937
  10
17.946939293878586
  20
28.423200406400817
  10
17.953594107188216
  20
28.3940411480823
  10
17.961696723393445
  20
28.36523749047499
  10
17.97124714249429
  20
28.336891033782074
  10
17.982169164338327
  20
28.309027178054365
  10
17.994462788925578
  20
28.28177292354585
  10
18.00812801625603
  20
28.25515367030735
  10
18.02308864617729
  20
28.229245618491245
  10
18.03931927863856
  20
28.204099568199144
  10
18.056769113538227
  20
28.179817119634244
  10
18.075412750825503
  20
28.156423672847353
  10
18.09522479044958
  20
28.13399542799086
  10
18.116103632207263
  20
28.11258318516638
  10
18.138049276098553
  20
28.092237744475497
  10
18.160960121920244
  20
28.07300990601982
  10
18.184810769621542
  20
28.05492506985015
  10
18.209525019050037
  20
28.03808483616968
  10
18.23505207010414
  20
28.022489204978417
  10
18.261315722631444
  20
28.008163576327156
  10
18.288290576581154
  20
27.995184150368306
  10
18.315849631699262
  20
27.98357632715266
  10
18.343967487934975
  20
27.97334010668022
  10
18.37254254508509
  20
27.964526289052586
  10
18.401549403098805
  20
27.957134874269755
  10
18.430861061722123
  20
27.951216662433332
  10
18.46045212090424
  20
27.946746253492513
  10
18.490220980441958
  20
27.943774447548904
  10
18.52009144018288
  20
27.942275844551695
  0
HATCH
  5
1693
  100
AcDbEntity
  8
Top-Paste-Mask-Layer
  100
AcDbHatch
  10
0
  20
0
  30
0
  210
0
  220
0
  230
1
  2
SOLID
  70
1
  71
0
  91
1
  92
7
  72
0
  73
1
  93
16
  10
5.475006350012701
  20
15.256525273050553
  10
5.475006350012701
  20
14.895209550419107
  10
5.375006350012701
  20
14.795209550419102
  10
5.164439928879859
  20
14.795209550419106
  10
5.064439928879858
  20
14.695209550419104
  10
5.064439928879858
  20
14.316850393700793
  10
5.164439928879859
  20
14.216850393700792
  10
5.375006350012701
  20
14.216850393700792
  10
5.475006350012701
  20
14.11685039370079
  10
5.475006350012701
  20
13.755534671069345
  10
5.375006350012701
  20
13.655534671069347
  10
4.367487934975871
  20
13.655534671069347
  10
4.267487934975871
  20
13.755534671069345
  10
4.267487934975871
  20
15.256525273050553
  10
4.367487934975871
  20
15.35652527305055
  10
5.375006350012701
  20
15.35652527305055
  97
1
  330
1692
  75
0
  76
1
  47
0.4128176842155181
  98
1
  10
34.90568961886538
  20
22.81183545379326
  450
0
  451
0
  460
0
  461
0
  452
1
  462
1
  453
2
  463
0
  63
5
  421
255
  463
1
  63
7
  421
16777215
  470
LINEAR
  1001
ACAD
  1010
0
  1020
0
  1030
0
  0
LWPOLYLINE
  5
1692
  100
AcDbEntity
  8
Top-Paste-Mask-Layer
  100
AcDbPolyline
  90
16
  70
1
  43
0.005080010160020321
  10
5.475006350012701
  20
15.256525273050553
  10
5.475006350012701
  20
14.895209550419107
  10
5.375006350012701
  20
14.795209550419102
  10
5.164439928879859
  20
14.795209550419106
  10
5.064439928879858
  20
14.695209550419104
  10
5.064439928879858
  20
14.316850393700793
  10
5.164439928879859
  20
14.216850393700792
  10
5.375006350012701
  20
14.216850393700792
  10
5.475006350012701
  20
14.11685039370079
  10
5.475006350012701
  20
13.755534671069345
  10
5.375006350012701
  20
13.655534671069347
  10
4.367487934975871
  20
13.655534671069347
  10
4.267487934975871
  20
13.755534671069345
  10
4.267487934975871
  20
15.256525273050553
  10
4.367487934975871
  20
15.35652527305055
  10
5.375006350012701
  20
15.35652527305055
  0
HATCH
  5
1695
  100
AcDbEntity
  8
Top-Paste-Mask-Layer
  100
AcDbHatch
  10
0
  20
0
  30
0
  210
0
  220
0
  230
1
  2
SOLID
  70
1
  71
0
  91
1
  92
7
  72
0
  73
1
  93
16
  10
7.2250190500381
  20
15.256525273050553
  10
7.2250190500381
  20
14.895209550419107
  10
7.325019050038102
  20
14.795209550419102
  10
7.535585471170944
  20
14.795209550419102
  10
7.635585471170944
  20
14.695209550419104
  10
7.635585471170944
  20
14.316850393700793
  10
7.535585471170944
  20
14.216850393700788
  10
7.325019050038102
  20
14.216850393700792
  10
7.2250190500381
  20
14.11685039370079
  10
7.2250190500381
  20
13.755534671069345
  10
7.325019050038102
  20
13.655534671069347
  10
8.332537465074932
  20
13.655534671069347
  10
8.432537465074933
  20
13.755534671069345
  10
8.432537465074933
  20
15.256525273050553
  10
8.332537465074932
  20
15.35652527305055
  10
7.325019050038102
  20
15.35652527305055
  97
1
  330
1694
  75
0
  76
1
  47
0.4128176842155181
  98
1
  10
34.90568961886538
  20
22.81183545379326
  450
0
  451
0
  460
0
  461
0
  452
1
  462
1
  453
2
  463
0
  63
5
  421
255
  463
1
  63
7
  421
16777215
  470
LINEAR
  1001
ACAD
  1010
0
  1020
0
  1030
0
  0
LWPOLYLINE
  5
1694
  100
AcDbEntity
  8
Top-Paste-Mask-Layer
  100
AcDbPolyline
  90
16
  70
1
  43
0.005080010160020321
  10
7.2250190500381
  20
15.256525273050553
  10
7.2250190500381
  20
14.895209550419107
  10
7.325019050038102
  20
14.795209550419102
  10
7.535585471170944
  20
14.795209550419102
  10
7.635585471170944
  20
14.695209550419104
  10
7.635585471170944
  20
14.316850393700793
  10
7.535585471170944
  20
14.216850393700788
  10
7.325019050038102
  20
14.216850393700792
  10
7.2250190500381
  20
14.11685039370079
  10
7.2250190500381
  20
13.755534671069345
  10
7.325019050038102
  20
13.655534671069347
  10
8.332537465074932
  20
13.655534671069347
  10
8.432537465074933
  20
13.755534671069345
  10
8.432537465074933
  20
15.256525273050553
  10
8.332537465074932
  20
15.35652527305055
  10
7.325019050038102
  20
15.35652527305055
  0
HATCH
  5
1697
  100
AcDbEntity
  8
Top-Paste-Mask-Layer
  100
AcDbHatch
  10
0
  20
0
  30
0
  210
0
  220
0
  230
1
  2
SOLID
  70
1
  71
0
  91
1
  92
7
  72
0
  73
1
  93
16
  10
18.022529845059694
  20
11.444028448056901
  10
17.661214122428248
  20
11.444028448056901
  10
17.561214122428247
  20
11.544028448056899
  10
17.561214122428247
  20
11.754594869189742
  10
17.46121412242825
  20
11.854594869189743
  10
17.082854965709934
  20
11.854594869189743
  10
16.982854965709937
  20
11.754594869189742
  10
16.982854965709937
  20
11.544028448056899
  10
16.882854965709935
  20
11.444028448056901
  10
16.52153924307849
  20
11.444028448056901
  10
16.421539243078488
  20
11.544028448056899
  10
16.421539243078488
  20
12.55154686309373
  10
16.52153924307849
  20
12.651546863093728
  10
18.022529845059694
  20
12.651546863093728
  10
18.12252984505969
  20
12.55154686309373
  10
18.12252984505969
  20
11.544028448056899
  97
1
  330
1696
  75
0
  76
1
  47
0.4128176842155181
  98
1
  10
34.90568961886538
  20
22.81183545379326
  450
0
  451
0
  460
0
  461
0
  452
1
  462
1
  453
2
  463
0
  63
5
  421
255
  463
1
  63
7
  421
16777215
  470
LINEAR
  1001
ACAD
  1010
0
  1020
0
  1030
0
  0
LWPOLYLINE
  5
1696
  100
AcDbEntity
  8
Top-Paste-Mask-Layer
  100
AcDbPolyline
  90
16
  70
1
  43
0.005080010160020321
  10
18.022529845059694
  20
11.444028448056901
  10
17.661214122428248
  20
11.444028448056901
  10
17.561214122428247
  20
11.544028448056899
  10
17.561214122428247
  20
11.754594869189742
  10
17.46121412242825
  20
11.854594869189743
  10
17.082854965709934
  20
11.854594869189743
  10
16.982854965709937
  20
11.754594869189742
  10
16.982854965709937
  20
11.544028448056899
  10
16.882854965709935
  20
11.444028448056901
  10
16.52153924307849
  20
11.444028448056901
  10
16.421539243078488
  20
11.544028448056899
  10
16.421539243078488
  20
12.55154686309373
  10
16.52153924307849
  20
12.651546863093728
  10
18.022529845059694
  20
12.651546863093728
  10
18.12252984505969
  20
12.55154686309373
  10
18.12252984505969
  20
11.544028448056899
  0
HATCH
  5
1699
  100
AcDbEntity
  8
Top-Paste-Mask-Layer
  100
AcDbHatch
  10
0
  20
0
  30
0
  210
0
  220
0
  230
1
  2
SOLID
  70
1
  71
0
  91
1
  92
7
  72
0
  73
1
  93
16
  10
18.022529845059694
  20
9.6940157480315
  10
17.661214122428248
  20
9.6940157480315
  10
17.561214122428247
  20
9.594015748031499
  10
17.561214122428247
  20
9.38344932689866
  10
17.46121412242825
  20
9.283449326898658
  10
17.082854965709934
  20
9.283449326898658
  10
16.982854965709937
  20
9.38344932689866
  10
16.982854965709937
  20
9.594015748031499
  10
16.882854965709935
  20
9.6940157480315
  10
16.52153924307849
  20
9.6940157480315
  10
16.421539243078488
  20
9.594015748031499
  10
16.421539243078488
  20
8.586497332994668
  10
16.52153924307849
  20
8.486497332994666
  10
18.022529845059694
  20
8.486497332994666
  10
18.12252984505969
  20
8.586497332994668
  10
18.12252984505969
  20
9.594015748031499
  97
1
  330
1698
  75
0
  76
1
  47
0.4128176842155181
  98
1
  10
34.90568961886538
  20
22.81183545379326
  450
0
  451
0
  460
0
  461
0
  452
1
  462
1
  453
2
  463
0
  63
5
  421
255
  463
1
  63
7
  421
16777215
  470
LINEAR
  1001
ACAD
  1010
0
  1020
0
  1030
0
  0
LWPOLYLINE
  5
1698
  100
AcDbEntity
  8
Top-Paste-Mask-Layer
  100
AcDbPolyline
  90
16
  70
1
  43
0.005080010160020321
  10
18.022529845059694
  20
9.6940157480315
  10
17.661214122428248
  20
9.6940157480315
  10
17.561214122428247
  20
9.594015748031499
  10
17.561214122428247
  20
9.38344932689866
  10
17.46121412242825
  20
9.283449326898658
  10
17.082854965709934
  20
9.283449326898658
  10
16.982854965709937
  20
9.38344932689866
  10
16.982854965709937
  20
9.594015748031499
  10
16.882854965709935
  20
9.6940157480315
  10
16.52153924307849
  20
9.6940157480315
  10
16.421539243078488
  20
9.594015748031499
  10
16.421539243078488
  20
8.586497332994668
  10
16.52153924307849
  20
8.486497332994666
  10
18.022529845059694
  20
8.486497332994666
  10
18.12252984505969
  20
8.586497332994668
  10
18.12252984505969
  20
9.594015748031499
  0
HATCH
  5
1701
  100
AcDbEntity
  8
Top-Paste-Mask-Layer
  100
AcDbHatch
  10
0
  20
0
  30
0
  210
0
  220
0
  230
1
  2
SOLID
  70
1
  71
0
  91
1
  92
7
  72
0
  73
1
  93
12
  10
19.506019812039625
  20
12.02403860807722
  10
20.30601981203963
  20
12.02403860807722
  10
20.356032512065028
  20
12.074051308102622
  10
20.356032512065028
  20
12.302016764033532
  10
19.98602997205995
  20
12.302016764033532
  10
19.98602997205995
  20
12.632014224028453
  10
20.356032512065028
  20
12.632014224028453
  10
20.356032512065028
  20
12.874051308102622
  10
20.30601981203963
  20
12.924038608077218
  10
19.506019812039625
  20
12.924038608077218
  10
19.456032512065025
  20
12.874051308102622
  10
19.456032512065025
  20
12.074051308102622
  97
1
  330
1700
  75
0
  76
1
  47
0.4128176842155181
  98
1
  10
34.90568961886538
  20
22.81183545379326
  450
0
  451
0
  460
0
  461
0
  452
1
  462
1
  453
2
  463
0
  63
5
  421
255
  463
1
  63
7
  421
16777215
  470
LINEAR
  1001
ACAD
  1010
0
  1020
0
  1030
0
  0
LWPOLYLINE
  5
1700
  100
AcDbEntity
  8
Top-Paste-Mask-Layer
  100
AcDbPolyline
  90
12
  70
1
  43
0.005080010160020321
  10
19.506019812039625
  20
12.02403860807722
  10
20.30601981203963
  20
12.02403860807722
  10
20.356032512065028
  20
12.074051308102622
  10
20.356032512065028
  20
12.302016764033532
  10
19.98602997205995
  20
12.302016764033532
  10
19.98602997205995
  20
12.632014224028453
  10
20.356032512065028
  20
12.632014224028453
  10
20.356032512065028
  20
12.874051308102622
  10
20.30601981203963
  20
12.924038608077218
  10
19.506019812039625
  20
12.924038608077218
  10
19.456032512065025
  20
12.874051308102622
  10
19.456032512065025
  20
12.074051308102622
  0
HATCH
  5
1703
  100
AcDbEntity
  8
Top-Paste-Mask-Layer
  100
AcDbHatch
  10
0
  20
0
  30
0
  210
0
  220
0
  230
1
  2
SOLID
  70
1
  71
0
  91
1
  92
7
  72
0
  73
1
  93
12
  10
21.89606299212599
  20
12.924013208026423
  10
21.096062992125987
  20
12.924013208026423
  10
21.04605029210059
  20
12.874000508001018
  10
21.04605029210059
  20
12.646035052070108
  10
21.416052832105667
  20
12.646035052070108
  10
21.416052832105667
  20
12.316037592075187
  10
21.04605029210059
  20
12.316037592075187
  10
21.04605029210059
  20
12.07400050800102
  10
21.096062992125987
  20
12.024013208026421
  10
21.89606299212599
  20
12.024013208026421
  10
21.946050292100587
  20
12.07400050800102
  10
21.946050292100587
  20
12.874000508001018
  97
1
  330
1702
  75
0
  76
1
  47
0.4128176842155181
  98
1
  10
34.90568961886538
  20
22.81183545379326
  450
0
  451
0
  460
0
  461
0
  452
1
  462
1
  453
2
  463
0
  63
5
  421
255
  463
1
  63
7
  421
16777215
  470
LINEAR
  1001
ACAD
  1010
0
  1020
0
  1030
0
  0
LWPOLYLINE
  5
1702
  100
AcDbEntity
  8
Top-Paste-Mask-Layer
  100
AcDbPolyline
  90
12
  70
1
  43
0.005080010160020321
  10
21.89606299212599
  20
12.924013208026423
  10
21.096062992125987
  20
12.924013208026423
  10
21.04605029210059
  20
12.874000508001018
  10
21.04605029210059
  20
12.646035052070108
  10
21.416052832105667
  20
12.646035052070108
  10
21.416052832105667
  20
12.316037592075187
  10
21.04605029210059
  20
12.316037592075187
  10
21.04605029210059
  20
12.07400050800102
  10
21.096062992125987
  20
12.024013208026421
  10
21.89606299212599
  20
12.024013208026421
  10
21.946050292100587
  20
12.07400050800102
  10
21.946050292100587
  20
12.874000508001018
  0
HATCH
  5
1705
  100
AcDbEntity
  8
Top-Paste-Mask-Layer
  100
AcDbHatch
  10
0
  20
0
  30
0
  210
0
  220
0
  230
1
  2
SOLID
  70
1
  71
0
  91
1
  92
7
  72
0
  73
1
  93
12
  10
22.55402590805182
  20
13.548041656083313
  10
23.35402590805182
  20
13.548041656083313
  10
23.40403860807722
  20
13.598054356108719
  10
23.40403860807722
  20
13.826019812039629
  10
23.03403606807214
  20
13.826019812039629
  10
23.03403606807214
  20
14.15601727203455
  10
23.40403860807722
  20
14.15601727203455
  10
23.40403860807722
  20
14.398054356108716
  10
23.35402590805182
  20
14.448041656083316
  10
22.55402590805182
  20
14.448041656083316
  10
22.50403860807722
  20
14.398054356108716
  10
22.50403860807722
  20
13.598054356108719
  97
1
  330
1704
  75
0
  76
1
  47
0.4128176842155181
  98
1
  10
34.90568961886538
  20
22.81183545379326
  450
0
  451
0
  460
0
  461
0
  452
1
  462
1
  453
2
  463
0
  63
5
  421
255
  463
1
  63
7
  421
16777215
  470
LINEAR
  1001
ACAD
  1010
0
  1020
0
  1030
0
  0
LWPOLYLINE
  5
1704
  100
AcDbEntity
  8
Top-Paste-Mask-Layer
  100
AcDbPolyline
  90
12
  70
1
  43
0.005080010160020321
  10
22.55402590805182
  20
13.548041656083313
  10
23.35402590805182
  20
13.548041656083313
  10
23.40403860807722
  20
13.598054356108719
  10
23.40403860807722
  20
13.826019812039629
  10
23.03403606807214
  20
13.826019812039629
  10
23.03403606807214
  20
14.15601727203455
  10
23.40403860807722
  20
14.15601727203455
  10
23.40403860807722
  20
14.398054356108716
  10
23.35402590805182
  20
14.448041656083316
  10
22.55402590805182
  20
14.448041656083316
  10
22.50403860807722
  20
14.398054356108716
  10
22.50403860807722
  20
13.598054356108719
  0
HATCH
  5
1707
  100
AcDbEntity
  8
Top-Paste-Mask-Layer
  100
AcDbHatch
  10
0
  20
0
  30
0
  210
0
  220
0
  230
1
  2
SOLID
  70
1
  71
0
  91
1
  92
7
  72
0
  73
1
  93
12
  10
24.944069088138182
  20
14.448016256032517
  10
24.14406908813818
  20
14.448016256032517
  10
24.09405638811278
  20
14.398003556007115
  10
24.09405638811278
  20
14.170038100076205
  10
24.46405892811786
  20
14.170038100076205
  10
24.46405892811786
  20
13.840040640081284
  10
24.09405638811278
  20
13.840040640081284
  10
24.09405638811278
  20
13.598003556007118
  10
24.14406908813818
  20
13.548016256032518
  10
24.944069088138182
  20
13.548016256032518
  10
24.99405638811278
  20
13.598003556007118
  10
24.99405638811278
  20
14.398003556007115
  97
1
  330
1706
  75
0
  76
1
  47
0.4128176842155181
  98
1
  10
34.90568961886538
  20
22.81183545379326
  450
0
  451
0
  460
0
  461
0
  452
1
  462
1
  453
2
  463
0
  63
5
  421
255
  463
1
  63
7
  421
16777215
  470
LINEAR
  1001
ACAD
  1010
0
  1020
0
  1030
0
  0
LWPOLYLINE
  5
1706
  100
AcDbEntity
  8
Top-Paste-Mask-Layer
  100
AcDbPolyline
  90
12
  70
1
  43
0.005080010160020321
  10
24.944069088138182
  20
14.448016256032517
  10
24.14406908813818
  20
14.448016256032517
  10
24.09405638811278
  20
14.398003556007115
  10
24.09405638811278
  20
14.170038100076205
  10
24.46405892811786
  20
14.170038100076205
  10
24.46405892811786
  20
13.840040640081284
  10
24.09405638811278
  20
13.840040640081284
  10
24.09405638811278
  20
13.598003556007118
  10
24.14406908813818
  20
13.548016256032518
  10
24.944069088138182
  20
13.548016256032518
  10
24.99405638811278
  20
13.598003556007118
  10
24.99405638811278
  20
14.398003556007115
  0
HATCH
  5
1709
  100
AcDbEntity
  8
Top-Paste-Mask-Layer
  100
AcDbHatch
  10
0
  20
0
  30
0
  210
0
  220
0
  230
1
  2
SOLID
  70
1
  71
0
  91
1
  92
7
  72
0
  73
1
  93
12
  10
22.55402590805182
  20
16.850048260096525
  10
23.35402590805182
  20
16.850048260096525
  10
23.40403860807722
  20
16.900060960121927
  10
23.40403860807722
  20
17.128026416052837
  10
23.03403606807214
  20
17.128026416052837
  10
23.03403606807214
  20
17.458023876047758
  10
23.40403860807722
  20
17.458023876047758
  10
23.40403860807722
  20
17.700060960121924
  10
23.35402590805182
  20
17.750048260096523
  10
22.55402590805182
  20
17.750048260096523
  10
22.50403860807722
  20
17.700060960121924
  10
22.50403860807722
  20
16.900060960121927
  97
1
  330
1708
  75
0
  76
1
  47
0.4128176842155181
  98
1
  10
34.90568961886538
  20
22.81183545379326
  450
0
  451
0
  460
0
  461
0
  452
1
  462
1
  453
2
  463
0
  63
5
  421
255
  463
1
  63
7
  421
16777215
  470
LINEAR
  1001
ACAD
  1010
0
  1020
0
  1030
0
  0
LWPOLYLINE
  5
1708
  100
AcDbEntity
  8
Top-Paste-Mask-Layer
  100
AcDbPolyline
  90
12
  70
1
  43
0.005080010160020321
  10
22.55402590805182
  20
16.850048260096525
  10
23.35402590805182
  20
16.850048260096525
  10
23.40403860807722
  20
16.900060960121927
  10
23.40403860807722
  20
17.128026416052837
  10
23.03403606807214
  20
17.128026416052837
  10
23.03403606807214
  20
17.458023876047758
  10
23.40403860807722
  20
17.458023876047758
  10
23.40403860807722
  20
17.700060960121924
  10
23.35402590805182
  20
17.750048260096523
  10
22.55402590805182
  20
17.750048260096523
  10
22.50403860807722
  20
17.700060960121924
  10
22.50403860807722
  20
16.900060960121927
  0
HATCH
  5
1711
  100
AcDbEntity
  8
Top-Paste-Mask-Layer
  100
AcDbHatch
  10
0
  20
0
  30
0
  210
0
  220
0
  230
1
  2
SOLID
  70
1
  71
0
  91
1
  92
7
  72
0
  73
1
  93
12
  10
24.944069088138182
  20
17.75002286004573
  10
24.14406908813818
  20
17.75002286004573
  10
24.09405638811278
  20
17.700010160020323
  10
24.09405638811278
  20
17.472044704089413
  10
24.46405892811786
  20
17.472044704089413
  10
24.46405892811786
  20
17.142047244094492
  10
24.09405638811278
  20
17.142047244094492
  10
24.09405638811278
  20
16.900010160020326
  10
24.14406908813818
  20
16.850022860045726
  10
24.944069088138182
  20
16.850022860045726
  10
24.99405638811278
  20
16.900010160020326
  10
24.99405638811278
  20
17.700010160020323
  97
1
  330
1710
  75
0
  76
1
  47
0.4128176842155181
  98
1
  10
34.90568961886538
  20
22.81183545379326
  450
0
  451
0
  460
0
  461
0
  452
1
  462
1
  453
2
  463
0
  63
5
  421
255
  463
1
  63
7
  421
16777215
  470
LINEAR
  1001
ACAD
  1010
0
  1020
0
  1030
0
  0
LWPOLYLINE
  5
1710
  100
AcDbEntity
  8
Top-Paste-Mask-Layer
  100
AcDbPolyline
  90
12
  70
1
  43
0.005080010160020321
  10
24.944069088138182
  20
17.75002286004573
  10
24.14406908813818
  20
17.75002286004573
  10
24.09405638811278
  20
17.700010160020323
  10
24.09405638811278
  20
17.472044704089413
  10
24.46405892811786
  20
17.472044704089413
  10
24.46405892811786
  20
17.142047244094492
  10
24.09405638811278
  20
17.142047244094492
  10
24.09405638811278
  20
16.900010160020326
  10
24.14406908813818
  20
16.850022860045726
  10
24.944069088138182
  20
16.850022860045726
  10
24.99405638811278
  20
16.900010160020326
  10
24.99405638811278
  20
17.700010160020323
  0
HATCH
  5
1713
  100
AcDbEntity
  8
Top-Paste-Mask-Layer
  100
AcDbHatch
  10
0
  20
0
  30
0
  210
0
  220
0
  230
1
  2
SOLID
  70
1
  71
0
  91
1
  92
7
  72
0
  73
1
  93
12
  10
22.55402590805182
  20
15.199044958089921
  10
23.35402590805182
  20
15.199044958089921
  10
23.40403860807722
  20
15.249057658115323
  10
23.40403860807722
  20
15.477023114046233
  10
23.03403606807214
  20
15.477023114046233
  10
23.03403606807214
  20
15.807020574041154
  10
23.40403860807722
  20
15.807020574041154
  10
23.40403860807722
  20
16.04905765811532
  10
23.35402590805182
  20
16.09904495808992
  10
22.55402590805182
  20
16.09904495808992
  10
22.50403860807722
  20
16.04905765811532
  10
22.50403860807722
  20
15.249057658115323
  97
1
  330
1712
  75
0
  76
1
  47
0.4128176842155181
  98
1
  10
34.90568961886538
  20
22.81183545379326
  450
0
  451
0
  460
0
  461
0
  452
1
  462
1
  453
2
  463
0
  63
5
  421
255
  463
1
  63
7
  421
16777215
  470
LINEAR
  1001
ACAD
  1010
0
  1020
0
  1030
0
  0
LWPOLYLINE
  5
1712
  100
AcDbEntity
  8
Top-Paste-Mask-Layer
  100
AcDbPolyline
  90
12
  70
1
  43
0.005080010160020321
  10
22.55402590805182
  20
15.199044958089921
  10
23.35402590805182
  20
15.199044958089921
  10
23.40403860807722
  20
15.249057658115323
  10
23.40403860807722
  20
15.477023114046233
  10
23.03403606807214
  20
15.477023114046233
  10
23.03403606807214
  20
15.807020574041154
  10
23.40403860807722
  20
15.807020574041154
  10
23.40403860807722
  20
16.04905765811532
  10
23.35402590805182
  20
16.09904495808992
  10
22.55402590805182
  20
16.09904495808992
  10
22.50403860807722
  20
16.04905765811532
  10
22.50403860807722
  20
15.249057658115323
  0
HATCH
  5
1715
  100
AcDbEntity
  8
Top-Paste-Mask-Layer
  100
AcDbHatch
  10
0
  20
0
  30
0
  210
0
  220
0
  230
1
  2
SOLID
  70
1
  71
0
  91
1
  92
7
  72
0
  73
1
  93
12
  10
24.944069088138182
  20
16.09901955803912
  10
24.14406908813818
  20
16.09901955803912
  10
24.09405638811278
  20
16.04900685801372
  10
24.09405638811278
  20
15.821041402082809
  10
24.46405892811786
  20
15.821041402082809
  10
24.46405892811786
  20
15.491043942087888
  10
24.09405638811278
  20
15.491043942087888
  10
24.09405638811278
  20
15.249006858013722
  10
24.14406908813818
  20
15.199019558039122
  10
24.944069088138182
  20
15.199019558039122
  10
24.99405638811278
  20
15.249006858013722
  10
24.99405638811278
  20
16.04900685801372
  97
1
  330
1714
  75
0
  76
1
  47
0.4128176842155181
  98
1
  10
34.90568961886538
  20
22.81183545379326
  450
0
  451
0
  460
0
  461
0
  452
1
  462
1
  453
2
  463
0
  63
5
  421
255
  463
1
  63
7
  421
16777215
  470
LINEAR
  1001
ACAD
  1010
0
  1020
0
  1030
0
  0
LWPOLYLINE
  5
1714
  100
AcDbEntity
  8
Top-Paste-Mask-Layer
  100
AcDbPolyline
  90
12
  70
1
  43
0.005080010160020321
  10
24.944069088138182
  20
16.09901955803912
  10
24.14406908813818
  20
16.09901955803912
  10
24.09405638811278
  20
16.04900685801372
  10
24.09405638811278
  20
15.821041402082809
  10
24.46405892811786
  20
15.821041402082809
  10
24.46405892811786
  20
15.491043942087888
  10
24.09405638811278
  20
15.491043942087888
  10
24.09405638811278
  20
15.249006858013722
  10
24.14406908813818
  20
15.199019558039122
  10
24.944069088138182
  20
15.199019558039122
  10
24.99405638811278
  20
15.249006858013722
  10
24.99405638811278
  20
16.04900685801372
  0
HATCH
  5
1717
  100
AcDbEntity
  8
Top-Paste-Mask-Layer
  100
AcDbHatch
  10
0
  20
0
  30
0
  210
0
  220
0
  230
1
  2
SOLID
  70
1
  71
0
  91
1
  92
7
  72
0
  73
1
  93
12
  10
24.944069088138182
  20
19.401026162052332
  10
24.14406908813818
  20
19.401026162052332
  10
24.09405638811278
  20
19.35101346202693
  10
24.09405638811278
  20
19.123048006096017
  10
24.46405892811786
  20
19.123048006096017
  10
24.46405892811786
  20
18.793050546101096
  10
24.09405638811278
  20
18.793050546101096
  10
24.09405638811278
  20
18.55101346202693
  10
24.14406908813818
  20
18.50102616205233
  10
24.944069088138182
  20
18.50102616205233
  10
24.99405638811278
  20
18.55101346202693
  10
24.99405638811278
  20
19.35101346202693
  97
1
  330
1716
  75
0
  76
1
  47
0.4128176842155181
  98
1
  10
34.90568961886538
  20
22.81183545379326
  450
0
  451
0
  460
0
  461
0
  452
1
  462
1
  453
2
  463
0
  63
5
  421
255
  463
1
  63
7
  421
16777215
  470
LINEAR
  1001
ACAD
  1010
0
  1020
0
  1030
0
  0
LWPOLYLINE
  5
1716
  100
AcDbEntity
  8
Top-Paste-Mask-Layer
  100
AcDbPolyline
  90
12
  70
1
  43
0.005080010160020321
  10
24.944069088138182
  20
19.401026162052332
  10
24.14406908813818
  20
19.401026162052332
  10
24.09405638811278
  20
19.35101346202693
  10
24.09405638811278
  20
19.123048006096017
  10
24.46405892811786
  20
19.123048006096017
  10
24.46405892811786
  20
18.793050546101096
  10
24.09405638811278
  20
18.793050546101096
  10
24.09405638811278
  20
18.55101346202693
  10
24.14406908813818
  20
18.50102616205233
  10
24.944069088138182
  20
18.50102616205233
  10
24.99405638811278
  20
18.55101346202693
  10
24.99405638811278
  20
19.35101346202693
  0
HATCH
  5
1719
  100
AcDbEntity
  8
Top-Paste-Mask-Layer
  100
AcDbHatch
  10
0
  20
0
  30
0
  210
0
  220
0
  230
1
  2
SOLID
  70
1
  71
0
  91
1
  92
7
  72
0
  73
1
  93
12
  10
23.39405638811278
  20
19.35101346202693
  10
23.39405638811278
  20
19.123048006096017
  10
23.01407162814326
  20
19.123048006096017
  10
23.01407162814326
  20
18.793050546101096
  10
23.39405638811278
  20
18.793050546101096
  10
23.39405638811278
  20
18.55101346202693
  10
23.34406908813818
  20
18.50102616205233
  10
22.55407670815342
  20
18.50102616205233
  10
22.50406400812802
  20
18.55101346202693
  10
22.50406400812802
  20
19.35101346202693
  10
22.55407670815342
  20
19.401026162052332
  10
23.34406908813818
  20
19.401026162052332
  97
1
  330
1718
  75
0
  76
1
  47
0.4128176842155181
  98
1
  10
34.90568961886538
  20
22.81183545379326
  450
0
  451
0
  460
0
  461
0
  452
1
  462
1
  453
2
  463
0
  63
5
  421
255
  463
1
  63
7
  421
16777215
  470
LINEAR
  1001
ACAD
  1010
0
  1020
0
  1030
0
  0
LWPOLYLINE
  5
1718
  100
AcDbEntity
  8
Top-Paste-Mask-Layer
  100
AcDbPolyline
  90
12
  70
1
  43
0.005080010160020321
  10
23.39405638811278
  20
19.35101346202693
  10
23.39405638811278
  20
19.123048006096017
  10
23.01407162814326
  20
19.123048006096017
  10
23.01407162814326
  20
18.793050546101096
  10
23.39405638811278
  20
18.793050546101096
  10
23.39405638811278
  20
18.55101346202693
  10
23.34406908813818
  20
18.50102616205233
  10
22.55407670815342
  20
18.50102616205233
  10
22.50406400812802
  20
18.55101346202693
  10
22.50406400812802
  20
19.35101346202693
  10
22.55407670815342
  20
19.401026162052332
  10
23.34406908813818
  20
19.401026162052332
  0
HATCH
  5
1721
  100
AcDbEntity
  8
Top-Paste-Mask-Layer
  100
AcDbHatch
  10
0
  20
0
  30
0
  210
0
  220
0
  230
1
  2
SOLID
  70
1
  71
0
  91
1
  92
7
  72
0
  73
1
  93
12
  10
24.944069088138182
  20
20.79802895605792
  10
24.14406908813818
  20
20.79802895605792
  10
24.09405638811278
  20
20.748016256032518
  10
24.09405638811278
  20
20.520050800101604
  10
24.46405892811786
  20
20.520050800101604
  10
24.46405892811786
  20
20.190053340106687
  10
24.09405638811278
  20
20.190053340106687
  10
24.09405638811278
  20
19.948016256032517
  10
24.14406908813818
  20
19.898028956057917
  10
24.944069088138182
  20
19.898028956057917
  10
24.99405638811278
  20
19.948016256032517
  10
24.99405638811278
  20
20.748016256032518
  97
1
  330
1720
  75
0
  76
1
  47
0.4128176842155181
  98
1
  10
34.90568961886538
  20
22.81183545379326
  450
0
  451
0
  460
0
  461
0
  452
1
  462
1
  453
2
  463
0
  63
5
  421
255
  463
1
  63
7
  421
16777215
  470
LINEAR
  1001
ACAD
  1010
0
  1020
0
  1030
0
  0
LWPOLYLINE
  5
1720
  100
AcDbEntity
  8
Top-Paste-Mask-Layer
  100
AcDbPolyline
  90
12
  70
1
  43
0.005080010160020321
  10
24.944069088138182
  20
20.79802895605792
  10
24.14406908813818
  20
20.79802895605792
  10
24.09405638811278
  20
20.748016256032518
  10
24.09405638811278
  20
20.520050800101604
  10
24.46405892811786
  20
20.520050800101604
  10
24.46405892811786
  20
20.190053340106687
  10
24.09405638811278
  20
20.190053340106687
  10
24.09405638811278
  20
19.948016256032517
  10
24.14406908813818
  20
19.898028956057917
  10
24.944069088138182
  20
19.898028956057917
  10
24.99405638811278
  20
19.948016256032517
  10
24.99405638811278
  20
20.748016256032518
  0
HATCH
  5
1723
  100
AcDbEntity
  8
Top-Paste-Mask-Layer
  100
AcDbHatch
  10
0
  20
0
  30
0
  210
0
  220
0
  230
1
  2
SOLID
  70
1
  71
0
  91
1
  92
7
  72
0
  73
1
  93
12
  10
23.39405638811278
  20
20.748016256032518
  10
23.39405638811278
  20
20.520050800101604
  10
23.01407162814326
  20
20.520050800101604
  10
23.01407162814326
  20
20.190053340106687
  10
23.39405638811278
  20
20.190053340106687
  10
23.39405638811278
  20
19.948016256032517
  10
23.34406908813818
  20
19.898028956057917
  10
22.55407670815342
  20
19.898028956057917
  10
22.50406400812802
  20
19.948016256032517
  10
22.50406400812802
  20
20.748016256032518
  10
22.55407670815342
  20
20.79802895605792
  10
23.34406908813818
  20
20.79802895605792
  97
1
  330
1722
  75
0
  76
1
  47
0.4128176842155181
  98
1
  10
34.90568961886538
  20
22.81183545379326
  450
0
  451
0
  460
0
  461
0
  452
1
  462
1
  453
2
  463
0
  63
5
  421
255
  463
1
  63
7
  421
16777215
  470
LINEAR
  1001
ACAD
  1010
0
  1020
0
  1030
0
  0
LWPOLYLINE
  5
1722
  100
AcDbEntity
  8
Top-Paste-Mask-Layer
  100
AcDbPolyline
  90
12
  70
1
  43
0.005080010160020321
  10
23.39405638811278
  20
20.748016256032518
  10
23.39405638811278
  20
20.520050800101604
  10
23.01407162814326
  20
20.520050800101604
  10
23.01407162814326
  20
20.190053340106687
  10
23.39405638811278
  20
20.190053340106687
  10
23.39405638811278
  20
19.948016256032517
  10
23.34406908813818
  20
19.898028956057917
  10
22.55407670815342
  20
19.898028956057917
  10
22.50406400812802
  20
19.948016256032517
  10
22.50406400812802
  20
20.748016256032518
  10
22.55407670815342
  20
20.79802895605792
  10
23.34406908813818
  20
20.79802895605792
  0
HATCH
  5
1725
  100
AcDbEntity
  8
Top-Paste-Mask-Layer
  100
AcDbHatch
  10
0
  20
0
  30
0
  210
0
  220
0
  230
1
  2
SOLID
  70
1
  71
0
  91
1
  92
7
  72
0
  73
1
  93
12
  10
19.506019812039625
  20
19.898054356108716
  10
20.30601981203963
  20
19.898054356108716
  10
20.356032512065028
  20
19.948067056134118
  10
20.356032512065028
  20
20.176032512065028
  10
19.98602997205995
  20
20.176032512065028
  10
19.98602997205995
  20
20.50602997205995
  10
20.356032512065028
  20
20.50602997205995
  10
20.356032512065028
  20
20.74806705613412
  10
20.30601981203963
  20
20.798054356108718
  10
19.506019812039625
  20
20.798054356108718
  10
19.456032512065025
  20
20.74806705613412
  10
19.456032512065025
  20
19.948067056134118
  97
1
  330
1724
  75
0
  76
1
  47
0.4128176842155181
  98
1
  10
34.90568961886538
  20
22.81183545379326
  450
0
  451
0
  460
0
  461
0
  452
1
  462
1
  453
2
  463
0
  63
5
  421
255
  463
1
  63
7
  421
16777215
  470
LINEAR
  1001
ACAD
  1010
0
  1020
0
  1030
0
  0
LWPOLYLINE
  5
1724
  100
AcDbEntity
  8
Top-Paste-Mask-Layer
  100
AcDbPolyline
  90
12
  70
1
  43
0.005080010160020321
  10
19.506019812039625
  20
19.898054356108716
  10
20.30601981203963
  20
19.898054356108716
  10
20.356032512065028
  20
19.948067056134118
  10
20.356032512065028
  20
20.176032512065028
  10
19.98602997205995
  20
20.176032512065028
  10
19.98602997205995
  20
20.50602997205995
  10
20.356032512065028
  20
20.50602997205995
  10
20.356032512065028
  20
20.74806705613412
  10
20.30601981203963
  20
20.798054356108718
  10
19.506019812039625
  20
20.798054356108718
  10
19.456032512065025
  20
20.74806705613412
  10
19.456032512065025
  20
19.948067056134118
  0
HATCH
  5
1727
  100
AcDbEntity
  8
Top-Paste-Mask-Layer
  100
AcDbHatch
  10
0
  20
0
  30
0
  210
0
  220
0
  230
1
  2
SOLID
  70
1
  71
0
  91
1
  92
7
  72
0
  73
1
  93
12
  10
21.056032512065027
  20
19.948067056134114
  10
21.056032512065027
  20
20.176032512065028
  10
21.43601727203455
  20
20.176032512065028
  10
21.43601727203455
  20
20.50602997205995
  10
21.056032512065027
  20
20.50602997205995
  10
21.056032512065027
  20
20.74806705613412
  10
21.10601981203963
  20
20.798054356108718
  10
21.896012192024386
  20
20.798054356108718
  10
21.94602489204979
  20
20.74806705613412
  10
21.94602489204979
  20
19.948067056134114
  10
21.896012192024386
  20
19.898054356108716
  10
21.106019812039627
  20
19.898054356108716
  97
1
  330
1726
  75
0
  76
1
  47
0.4128176842155181
  98
1
  10
34.90568961886538
  20
22.81183545379326
  450
0
  451
0
  460
0
  461
0
  452
1
  462
1
  453
2
  463
0
  63
5
  421
255
  463
1
  63
7
  421
16777215
  470
LINEAR
  1001
ACAD
  1010
0
  1020
0
  1030
0
  0
LWPOLYLINE
  5
1726
  100
AcDbEntity
  8
Top-Paste-Mask-Layer
  100
AcDbPolyline
  90
12
  70
1
  43
0.005080010160020321
  10
21.056032512065027
  20
19.948067056134114
  10
21.056032512065027
  20
20.176032512065028
  10
21.43601727203455
  20
20.176032512065028
  10
21.43601727203455
  20
20.50602997205995
  10
21.056032512065027
  20
20.50602997205995
  10
21.056032512065027
  20
20.74806705613412
  10
21.10601981203963
  20
20.798054356108718
  10
21.896012192024386
  20
20.798054356108718
  10
21.94602489204979
  20
20.74806705613412
  10
21.94602489204979
  20
19.948067056134114
  10
21.896012192024386
  20
19.898054356108716
  10
21.106019812039627
  20
19.898054356108716
  0
HATCH
  5
1729
  100
AcDbEntity
  8
Top-Paste-Mask-Layer
  100
AcDbHatch
  10
0
  20
0
  30
0
  210
0
  220
0
  230
1
  2
SOLID
  70
1
  71
0
  91
1
  92
7
  72
0
  73
1
  93
12
  10
8.583997967995938
  20
23.327061214122434
  10
9.383997967995938
  20
23.327061214122434
  10
9.434010668021337
  20
23.377073914147836
  10
9.434010668021337
  20
23.605039370078746
  10
9.064008128016258
  20
23.605039370078746
  10
9.064008128016258
  20
23.935036830073667
  10
9.434010668021337
  20
23.935036830073667
  10
9.434010668021337
  20
24.177073914147833
  10
9.383997967995938
  20
24.227061214122433
  10
8.583997967995938
  20
24.227061214122433
  10
8.534010668021338
  20
24.177073914147833
  10
8.534010668021338
  20
23.377073914147836
  97
1
  330
1728
  75
0
  76
1
  47
0.4128176842155181
  98
1
  10
34.90568961886538
  20
22.81183545379326
  450
0
  451
0
  460
0
  461
0
  452
1
  462
1
  453
2
  463
0
  63
5
  421
255
  463
1
  63
7
  421
16777215
  470
LINEAR
  1001
ACAD
  1010
0
  1020
0
  1030
0
  0
LWPOLYLINE
  5
1728
  100
AcDbEntity
  8
Top-Paste-Mask-Layer
  100
AcDbPolyline
  90
12
  70
1
  43
0.005080010160020321
  10
8.583997967995938
  20
23.327061214122434
  10
9.383997967995938
  20
23.327061214122434
  10
9.434010668021337
  20
23.377073914147836
  10
9.434010668021337
  20
23.605039370078746
  10
9.064008128016258
  20
23.605039370078746
  10
9.064008128016258
  20
23.935036830073667
  10
9.434010668021337
  20
23.935036830073667
  10
9.434010668021337
  20
24.177073914147833
  10
9.383997967995938
  20
24.227061214122433
  10
8.583997967995938
  20
24.227061214122433
  10
8.534010668021338
  20
24.177073914147833
  10
8.534010668021338
  20
23.377073914147836
  0
HATCH
  5
1731
  100
AcDbEntity
  8
Top-Paste-Mask-Layer
  100
AcDbHatch
  10
0
  20
0
  30
0
  210
0
  220
0
  230
1
  2
SOLID
  70
1
  71
0
  91
1
  92
7
  72
0
  73
1
  93
12
  10
10.134010668021336
  20
23.377073914147832
  10
10.134010668021336
  20
23.605039370078746
  10
10.513995427990857
  20
23.605039370078746
  10
10.513995427990857
  20
23.935036830073667
  10
10.134010668021336
  20
23.935036830073667
  10
10.134010668021336
  20
24.177073914147833
  10
10.18399796799594
  20
24.227061214122433
  10
10.973990347980696
  20
24.227061214122433
  10
11.024003048006097
  20
24.177073914147833
  10
11.024003048006097
  20
23.377073914147832
  10
10.973990347980696
  20
23.327061214122434
  10
10.18399796799594
  20
23.327061214122434
  97
1
  330
1730
  75
0
  76
1
  47
0.4128176842155181
  98
1
  10
34.90568961886538
  20
22.81183545379326
  450
0
  451
0
  460
0
  461
0
  452
1
  462
1
  453
2
  463
0
  63
5
  421
255
  463
1
  63
7
  421
16777215
  470
LINEAR
  1001
ACAD
  1010
0
  1020
0
  1030
0
  0
LWPOLYLINE
  5
1730
  100
AcDbEntity
  8
Top-Paste-Mask-Layer
  100
AcDbPolyline
  90
12
  70
1
  43
0.005080010160020321
  10
10.134010668021336
  20
23.377073914147832
  10
10.134010668021336
  20
23.605039370078746
  10
10.513995427990857
  20
23.605039370078746
  10
10.513995427990857
  20
23.935036830073667
  10
10.134010668021336
  20
23.935036830073667
  10
10.134010668021336
  20
24.177073914147833
  10
10.18399796799594
  20
24.227061214122433
  10
10.973990347980696
  20
24.227061214122433
  10
11.024003048006097
  20
24.177073914147833
  10
11.024003048006097
  20
23.377073914147832
  10
10.973990347980696
  20
23.327061214122434
  10
10.18399796799594
  20
23.327061214122434
  0
HATCH
  5
1733
  100
AcDbEntity
  8
Top-Paste-Mask-Layer
  100
AcDbHatch
  10
0
  20
0
  30
0
  210
0
  220
0
  230
1
  2
SOLID
  70
1
  71
0
  91
1
  92
7
  72
0
  73
1
  93
12
  10
38.33903987807976
  20
25.53102362204725
  10
37.05905511811024
  20
25.53102362204725
  10
37.00904241808484
  20
25.58103632207265
  10
37.00904241808484
  20
26.73104902209805
  10
37.05905511811024
  20
26.78103632207265
  10
37.46908813817628
  20
26.78606553213107
  10
37.46908813817628
  20
26.336052832105672
  10
37.91907543815088
  20
26.336052832105672
  10
37.91907543815088
  20
26.77605791211583
  10
38.33903987807976
  20
26.78103632207265
  10
38.38905257810516
  20
26.73104902209805
  10
38.38905257810516
  20
25.58103632207265
  97
1
  330
1732
  75
0
  76
1
  47
0.4128176842155181
  98
1
  10
34.90568961886538
  20
22.81183545379326
  450
0
  451
0
  460
0
  461
0
  452
1
  462
1
  453
2
  463
0
  63
5
  421
255
  463
1
  63
7
  421
16777215
  470
LINEAR
  1001
ACAD
  1010
0
  1020
0
  1030
0
  0
LWPOLYLINE
  5
1732
  100
AcDbEntity
  8
Top-Paste-Mask-Layer
  100
AcDbPolyline
  90
12
  70
1
  43
0.005080010160020321
  10
38.33903987807976
  20
25.53102362204725
  10
37.05905511811024
  20
25.53102362204725
  10
37.00904241808484
  20
25.58103632207265
  10
37.00904241808484
  20
26.73104902209805
  10
37.05905511811024
  20
26.78103632207265
  10
37.46908813817628
  20
26.78606553213107
  10
37.46908813817628
  20
26.336052832105672
  10
37.91907543815088
  20
26.336052832105672
  10
37.91907543815088
  20
26.77605791211583
  10
38.33903987807976
  20
26.78103632207265
  10
38.38905257810516
  20
26.73104902209805
  10
38.38905257810516
  20
25.58103632207265
  0
HATCH
  5
1735
  100
AcDbEntity
  8
Top-Paste-Mask-Layer
  100
AcDbHatch
  10
0
  20
0
  30
0
  210
0
  220
0
  230
1
  2
SOLID
  70
1
  71
0
  91
1
  92
7
  72
0
  73
1
  93
12
  10
38.33903987807976
  20
27.68103632207265
  10
37.91907543815088
  20
27.681061722123452
  10
37.91907543815088
  20
28.126045212090432
  10
37.46908813817628
  20
28.126045212090432
  10
37.46908813817628
  20
27.68606553213107
  10
37.05905511811024
  20
27.68103632207265
  10
37.00904241808484
  20
27.73104902209805
  10
37.00904241808484
  20
28.881036322072653
  10
37.05905511811024
  20
28.93104902209805
  10
38.33903987807976
  20
28.93104902209805
  10
38.38905257810516
  20
28.881036322072653
  10
38.38905257810516
  20
27.73104902209805
  97
1
  330
1734
  75
0
  76
1
  47
0.4128176842155181
  98
1
  10
34.90568961886538
  20
22.81183545379326
  450
0
  451
0
  460
0
  461
0
  452
1
  462
1
  453
2
  463
0
  63
5
  421
255
  463
1
  63
7
  421
16777215
  470
LINEAR
  1001
ACAD
  1010
0
  1020
0
  1030
0
  0
LWPOLYLINE
  5
1734
  100
AcDbEntity
  8
Top-Paste-Mask-Layer
  100
AcDbPolyline
  90
12
  70
1
  43
0.005080010160020321
  10
38.33903987807976
  20
27.68103632207265
  10
37.91907543815088
  20
27.681061722123452
  10
37.91907543815088
  20
28.126045212090432
  10
37.46908813817628
  20
28.126045212090432
  10
37.46908813817628
  20
27.68606553213107
  10
37.05905511811024
  20
27.68103632207265
  10
37.00904241808484
  20
27.73104902209805
  10
37.00904241808484
  20
28.881036322072653
  10
37.05905511811024
  20
28.93104902209805
  10
38.33903987807976
  20
28.93104902209805
  10
38.38905257810516
  20
28.881036322072653
  10
38.38905257810516
  20
27.73104902209805
  0
HATCH
  5
1737
  100
AcDbEntity
  8
Top-Paste-Mask-Layer
  100
AcDbHatch
  10
0
  20
0
  30
0
  210
0
  220
0
  230
1
  2
SOLID
  70
1
  71
0
  91
1
  92
7
  72
0
  73
1
  93
12
  10
22.609156718313443
  20
9.619314198628402
  10
22.609156718313443
  20
8.33932943865888
  10
22.55914401828804
  20
8.289316738633481
  10
21.40913131826264
  20
8.289316738633481
  10
21.359144018288042
  20
8.33932943865888
  10
21.35411480822962
  20
8.749362458724924
  10
21.804127508255025
  20
8.749362458724924
  10
21.804127508255025
  20
9.199349758699523
  10
21.364122428244862
  20
9.199349758699523
  10
21.359144018288042
  20
9.619314198628402
  10
21.40913131826264
  20
9.6693268986538
  10
22.55914401828804
  20
9.6693268986538
  97
1
  330
1736
  75
0
  76
1
  47
0.4128176842155181
  98
1
  10
34.90568961886538
  20
22.81183545379326
  450
0
  451
0
  460
0
  461
0
  452
1
  462
1
  453
2
  463
0
  63
5
  421
255
  463
1
  63
7
  421
16777215
  470
LINEAR
  1001
ACAD
  1010
0
  1020
0
  1030
0
  0
LWPOLYLINE
  5
1736
  100
AcDbEntity
  8
Top-Paste-Mask-Layer
  100
AcDbPolyline
  90
12
  70
1
  43
0.005080010160020321
  10
22.609156718313443
  20
9.619314198628402
  10
22.609156718313443
  20
8.33932943865888
  10
22.55914401828804
  20
8.289316738633481
  10
21.40913131826264
  20
8.289316738633481
  10
21.359144018288042
  20
8.33932943865888
  10
21.35411480822962
  20
8.749362458724924
  10
21.804127508255025
  20
8.749362458724924
  10
21.804127508255025
  20
9.199349758699523
  10
21.364122428244862
  20
9.199349758699523
  10
21.359144018288042
  20
9.619314198628402
  10
21.40913131826264
  20
9.6693268986538
  10
22.55914401828804
  20
9.6693268986538
  0
HATCH
  5
1739
  100
AcDbEntity
  8
Top-Paste-Mask-Layer
  100
AcDbHatch
  10
0
  20
0
  30
0
  210
0
  220
0
  230
1
  2
SOLID
  70
1
  71
0
  91
1
  92
7
  72
0
  73
1
  93
12
  10
20.45914401828804
  20
9.619314198628402
  10
20.459118618237245
  20
9.199349758699523
  10
20.01413512827026
  20
9.199349758699523
  10
20.01413512827026
  20
8.749362458724924
  10
20.454114808229622
  20
8.749362458724924
  10
20.45914401828804
  20
8.33932943865888
  10
20.40913131826264
  20
8.289316738633481
  10
19.25914401828804
  20
8.289316738633481
  10
19.209131318262642
  20
8.33932943865888
  10
19.209131318262642
  20
9.619314198628402
  10
19.25914401828804
  20
9.6693268986538
  10
20.40913131826264
  20
9.6693268986538
  97
1
  330
1738
  75
0
  76
1
  47
0.4128176842155181
  98
1
  10
34.90568961886538
  20
22.81183545379326
  450
0
  451
0
  460
0
  461
0
  452
1
  462
1
  453
2
  463
0
  63
5
  421
255
  463
1
  63
7
  421
16777215
  470
LINEAR
  1001
ACAD
  1010
0
  1020
0
  1030
0
  0
LWPOLYLINE
  5
1738
  100
AcDbEntity
  8
Top-Paste-Mask-Layer
  100
AcDbPolyline
  90
12
  70
1
  43
0.005080010160020321
  10
20.45914401828804
  20
9.619314198628402
  10
20.459118618237245
  20
9.199349758699523
  10
20.01413512827026
  20
9.199349758699523
  10
20.01413512827026
  20
8.749362458724924
  10
20.454114808229622
  20
8.749362458724924
  10
20.45914401828804
  20
8.33932943865888
  10
20.40913131826264
  20
8.289316738633481
  10
19.25914401828804
  20
8.289316738633481
  10
19.209131318262642
  20
8.33932943865888
  10
19.209131318262642
  20
9.619314198628402
  10
19.25914401828804
  20
9.6693268986538
  10
20.40913131826264
  20
9.6693268986538
  0
HATCH
  5
1741
  100
AcDbEntity
  8
Top-Paste-Mask-Layer
  100
AcDbHatch
  10
0
  20
0
  30
0
  210
0
  220
0
  230
1
  2
SOLID
  70
1
  71
0
  91
1
  92
7
  72
0
  73
1
  93
12
  10
8.397053594107188
  20
29.008087376174757
  10
9.67703835407671
  20
29.008087376174757
  10
9.727051054102109
  20
28.95807467614936
  10
9.727051054102109
  20
27.80806197612396
  10
9.67703835407671
  20
27.758074676149356
  10
9.267005334010669
  20
27.75304546609094
  10
9.267005334010669
  20
28.20305816611634
  10
8.81701803403607
  20
28.20305816611634
  10
8.81701803403607
  20
27.76305308610618
  10
8.397053594107188
  20
27.758074676149356
  10
8.34704089408179
  20
27.80806197612396
  10
8.34704089408179
  20
28.95807467614936
  97
1
  330
1740
  75
0
  76
1
  47
0.4128176842155181
  98
1
  10
34.90568961886538
  20
22.81183545379326
  450
0
  451
0
  460
0
  461
0
  452
1
  462
1
  453
2
  463
0
  63
5
  421
255
  463
1
  63
7
  421
16777215
  470
LINEAR
  1001
ACAD
  1010
0
  1020
0
  1030
0
  0
LWPOLYLINE
  5
1740
  100
AcDbEntity
  8
Top-Paste-Mask-Layer
  100
AcDbPolyline
  90
12
  70
1
  43
0.005080010160020321
  10
8.397053594107188
  20
29.008087376174757
  10
9.67703835407671
  20
29.008087376174757
  10
9.727051054102109
  20
28.95807467614936
  10
9.727051054102109
  20
27.80806197612396
  10
9.67703835407671
  20
27.758074676149356
  10
9.267005334010669
  20
27.75304546609094
  10
9.267005334010669
  20
28.20305816611634
  10
8.81701803403607
  20
28.20305816611634
  10
8.81701803403607
  20
27.76305308610618
  10
8.397053594107188
  20
27.758074676149356
  10
8.34704089408179
  20
27.80806197612396
  10
8.34704089408179
  20
28.95807467614936
  0
HATCH
  5
1743
  100
AcDbEntity
  8
Top-Paste-Mask-Layer
  100
AcDbHatch
  10
0
  20
0
  30
0
  210
0
  220
0
  230
1
  2
SOLID
  70
1
  71
0
  91
1
  92
7
  72
0
  73
1
  93
12
  10
8.397053594107188
  20
26.858074676149357
  10
8.81701803403607
  20
26.85804927609856
  10
8.81701803403607
  20
26.41306578613158
  10
9.267005334010669
  20
26.41306578613158
  10
9.267005334010669
  20
26.85304546609094
  10
9.67703835407671
  20
26.858074676149357
  10
9.727051054102109
  20
26.80806197612396
  10
9.727051054102109
  20
25.658074676149358
  10
9.67703835407671
  20
25.608061976123956
  10
8.397053594107188
  20
25.608061976123956
  10
8.34704089408179
  20
25.658074676149358
  10
8.34704089408179
  20
26.80806197612396
  97
1
  330
1742
  75
0
  76
1
  47
0.4128176842155181
  98
1
  10
34.90568961886538
  20
22.81183545379326
  450
0
  451
0
  460
0
  461
0
  452
1
  462
1
  453
2
  463
0
  63
5
  421
255
  463
1
  63
7
  421
16777215
  470
LINEAR
  1001
ACAD
  1010
0
  1020
0
  1030
0
  0
LWPOLYLINE
  5
1742
  100
AcDbEntity
  8
Top-Paste-Mask-Layer
  100
AcDbPolyline
  90
12
  70
1
  43
0.005080010160020321
  10
8.397053594107188
  20
26.858074676149357
  10
8.81701803403607
  20
26.85804927609856
  10
8.81701803403607
  20
26.41306578613158
  10
9.267005334010669
  20
26.41306578613158
  10
9.267005334010669
  20
26.85304546609094
  10
9.67703835407671
  20
26.858074676149357
  10
9.727051054102109
  20
26.80806197612396
  10
9.727051054102109
  20
25.658074676149358
  10
9.67703835407671
  20
25.608061976123956
  10
8.397053594107188
  20
25.608061976123956
  10
8.34704089408179
  20
25.658074676149358
  10
8.34704089408179
  20
26.80806197612396
  0
HATCH
  5
1745
  100
AcDbEntity
  8
Top-Paste-Mask-Layer
  100
AcDbHatch
  10
0
  20
0
  30
0
  210
0
  220
0
  230
1
  2
SOLID
  70
1
  71
0
  91
1
  92
7
  72
0
  73
1
  93
12
  10
2.397967995935992
  20
15.2440030480061
  10
1.1179832359664719
  20
15.2440030480061
  10
1.0679705359410718
  20
15.294015748031502
  10
1.0679705359410718
  20
16.4440284480569
  10
1.1179832359664719
  20
16.4940157480315
  10
1.5280162560325117
  20
16.49904495808992
  10
1.5280162560325117
  20
16.04903225806452
  10
1.9780035560071116
  20
16.04903225806452
  10
1.9780035560071116
  20
16.48903733807468
  10
2.397967995935992
  20
16.4940157480315
  10
2.447980695961392
  20
16.4440284480569
  10
2.447980695961392
  20
15.294015748031502
  97
1
  330
1744
  75
0
  76
1
  47
0.4128176842155181
  98
1
  10
34.90568961886538
  20
22.81183545379326
  450
0
  451
0
  460
0
  461
0
  452
1
  462
1
  453
2
  463
0
  63
5
  421
255
  463
1
  63
7
  421
16777215
  470
LINEAR
  1001
ACAD
  1010
0
  1020
0
  1030
0
  0
LWPOLYLINE
  5
1744
  100
AcDbEntity
  8
Top-Paste-Mask-Layer
  100
AcDbPolyline
  90
12
  70
1
  43
0.005080010160020321
  10
2.397967995935992
  20
15.2440030480061
  10
1.1179832359664719
  20
15.2440030480061
  10
1.0679705359410718
  20
15.294015748031502
  10
1.0679705359410718
  20
16.4440284480569
  10
1.1179832359664719
  20
16.4940157480315
  10
1.5280162560325117
  20
16.49904495808992
  10
1.5280162560325117
  20
16.04903225806452
  10
1.9780035560071116
  20
16.04903225806452
  10
1.9780035560071116
  20
16.48903733807468
  10
2.397967995935992
  20
16.4940157480315
  10
2.447980695961392
  20
16.4440284480569
  10
2.447980695961392
  20
15.294015748031502
  0
HATCH
  5
1747
  100
AcDbEntity
  8
Top-Paste-Mask-Layer
  100
AcDbHatch
  10
0
  20
0
  30
0
  210
0
  220
0
  230
1
  2
SOLID
  70
1
  71
0
  91
1
  92
7
  72
0
  73
1
  93
12
  10
2.397967995935992
  20
17.394015748031503
  10
1.9780035560071125
  20
17.394041148082298
  10
1.9780035560071125
  20
17.83902463804928
  10
1.5280162560325117
  20
17.83902463804928
  10
1.5280162560325117
  20
17.39904495808992
  10
1.1179832359664719
  20
17.394015748031503
  10
1.0679705359410718
  20
17.4440284480569
  10
1.0679705359410718
  20
18.594015748031502
  10
1.1179832359664719
  20
18.644028448056904
  10
2.397967995935992
  20
18.644028448056904
  10
2.447980695961392
  20
18.594015748031502
  10
2.447980695961392
  20
17.4440284480569
  97
1
  330
1746
  75
0
  76
1
  47
0.4128176842155181
  98
1
  10
34.90568961886538
  20
22.81183545379326
  450
0
  451
0
  460
0
  461
0
  452
1
  462
1
  453
2
  463
0
  63
5
  421
255
  463
1
  63
7
  421
16777215
  470
LINEAR
  1001
ACAD
  1010
0
  1020
0
  1030
0
  0
LWPOLYLINE
  5
1746
  100
AcDbEntity
  8
Top-Paste-Mask-Layer
  100
AcDbPolyline
  90
12
  70
1
  43
0.005080010160020321
  10
2.397967995935992
  20
17.394015748031503
  10
1.9780035560071125
  20
17.394041148082298
  10
1.9780035560071125
  20
17.83902463804928
  10
1.5280162560325117
  20
17.83902463804928
  10
1.5280162560325117
  20
17.39904495808992
  10
1.1179832359664719
  20
17.394015748031503
  10
1.0679705359410718
  20
17.4440284480569
  10
1.0679705359410718
  20
18.594015748031502
  10
1.1179832359664719
  20
18.644028448056904
  10
2.397967995935992
  20
18.644028448056904
  10
2.447980695961392
  20
18.594015748031502
  10
2.447980695961392
  20
17.4440284480569
  0
HATCH
  5
1749
  100
AcDbEntity
  8
Top-Paste-Mask-Layer
  100
AcDbHatch
  10
0
  20
0
  30
0
  210
0
  220
0
  230
1
  2
SOLID
  70
1
  71
0
  91
1
  92
7
  72
0
  73
1
  93
12
  10
8.053035306070612
  20
17.115021590043188
  10
7.253035306070614
  20
17.115021590043188
  10
7.203022606045214
  20
17.065008890017786
  10
7.203022606045214
  20
16.837043434086873
  10
7.573025146050292
  20
16.837043434086873
  10
7.573025146050292
  20
16.50704597409195
  10
7.203022606045214
  20
16.50704597409195
  10
7.203022606045214
  20
16.265008890017786
  10
7.253035306070614
  20
16.215021590043186
  10
8.053035306070612
  20
16.215021590043186
  10
8.103022606045215
  20
16.265008890017786
  10
8.103022606045215
  20
17.065008890017786
  97
1
  330
1748
  75
0
  76
1
  47
0.4128176842155181
  98
1
  10
34.90568961886538
  20
22.81183545379326
  450
0
  451
0
  460
0
  461
0
  452
1
  462
1
  453
2
  463
0
  63
5
  421
255
  463
1
  63
7
  421
16777215
  470
LINEAR
  1001
ACAD
  1010
0
  1020
0
  1030
0
  0
LWPOLYLINE
  5
1748
  100
AcDbEntity
  8
Top-Paste-Mask-Layer
  100
AcDbPolyline
  90
12
  70
1
  43
0.005080010160020321
  10
8.053035306070612
  20
17.115021590043188
  10
7.253035306070614
  20
17.115021590043188
  10
7.203022606045214
  20
17.065008890017786
  10
7.203022606045214
  20
16.837043434086873
  10
7.573025146050292
  20
16.837043434086873
  10
7.573025146050292
  20
16.50704597409195
  10
7.203022606045214
  20
16.50704597409195
  10
7.203022606045214
  20
16.265008890017786
  10
7.253035306070614
  20
16.215021590043186
  10
8.053035306070612
  20
16.215021590043186
  10
8.103022606045215
  20
16.265008890017786
  10
8.103022606045215
  20
17.065008890017786
  0
HATCH
  5
1751
  100
AcDbEntity
  8
Top-Paste-Mask-Layer
  100
AcDbHatch
  10
0
  20
0
  30
0
  210
0
  220
0
  230
1
  2
SOLID
  70
1
  71
0
  91
1
  92
7
  72
0
  73
1
  93
12
  10
5.662992125984252
  20
16.215046990093985
  10
6.462992125984253
  20
16.215046990093985
  10
6.513004826009653
  20
16.265059690119383
  10
6.513004826009653
  20
16.493025146050297
  10
6.143002286004573
  20
16.493025146050297
  10
6.143002286004573
  20
16.823022606045217
  10
6.513004826009653
  20
16.823022606045217
  10
6.513004826009653
  20
17.065059690119384
  10
6.462992125984253
  20
17.115046990093983
  10
5.662992125984252
  20
17.115046990093983
  10
5.613004826009653
  20
17.065059690119384
  10
5.613004826009653
  20
16.265059690119383
  97
1
  330
1750
  75
0
  76
1
  47
0.4128176842155181
  98
1
  10
34.90568961886538
  20
22.81183545379326
  450
0
  451
0
  460
0
  461
0
  452
1
  462
1
  453
2
  463
0
  63
5
  421
255
  463
1
  63
7
  421
16777215
  470
LINEAR
  1001
ACAD
  1010
0
  1020
0
  1030
0
  0
LWPOLYLINE
  5
1750
  100
AcDbEntity
  8
Top-Paste-Mask-Layer
  100
AcDbPolyline
  90
12
  70
1
  43
0.005080010160020321
  10
5.662992125984252
  20
16.215046990093985
  10
6.462992125984253
  20
16.215046990093985
  10
6.513004826009653
  20
16.265059690119383
  10
6.513004826009653
  20
16.493025146050297
  10
6.143002286004573
  20
16.493025146050297
  10
6.143002286004573
  20
16.823022606045217
  10
6.513004826009653
  20
16.823022606045217
  10
6.513004826009653
  20
17.065059690119384
  10
6.462992125984253
  20
17.115046990093983
  10
5.662992125984252
  20
17.115046990093983
  10
5.613004826009653
  20
17.065059690119384
  10
5.613004826009653
  20
16.265059690119383
  0
HATCH
  5
1753
  100
AcDbEntity
  8
Top-Paste-Mask-Layer
  100
AcDbHatch
  10
0
  20
0
  30
0
  210
0
  220
0
  230
1
  2
SOLID
  70
1
  71
0
  91
1
  92
7
  72
0
  73
1
  93
12
  10
45.51811023622048
  20
12.670012700025406
  10
44.71811023622048
  20
12.670012700025406
  10
44.66809753619508
  20
12.620000000000005
  10
44.66809753619508
  20
12.39203454406909
  10
45.03810007620015
  20
12.39203454406909
  10
45.03810007620015
  20
12.062037084074174
  10
44.66809753619508
  20
12.062037084074174
  10
44.66809753619508
  20
11.820000000000004
  10
44.71811023622048
  20
11.770012700025404
  10
45.51811023622048
  20
11.770012700025404
  10
45.568097536195076
  20
11.820000000000004
  10
45.568097536195076
  20
12.620000000000005
  97
1
  330
1752
  75
0
  76
1
  47
0.4128176842155181
  98
1
  10
34.90568961886538
  20
22.81183545379326
  450
0
  451
0
  460
0
  461
0
  452
1
  462
1
  453
2
  463
0
  63
5
  421
255
  463
1
  63
7
  421
16777215
  470
LINEAR
  1001
ACAD
  1010
0
  1020
0
  1030
0
  0
LWPOLYLINE
  5
1752
  100
AcDbEntity
  8
Top-Paste-Mask-Layer
  100
AcDbPolyline
  90
12
  70
1
  43
0.005080010160020321
  10
45.51811023622048
  20
12.670012700025406
  10
44.71811023622048
  20
12.670012700025406
  10
44.66809753619508
  20
12.620000000000005
  10
44.66809753619508
  20
12.39203454406909
  10
45.03810007620015
  20
12.39203454406909
  10
45.03810007620015
  20
12.062037084074174
  10
44.66809753619508
  20
12.062037084074174
  10
44.66809753619508
  20
11.820000000000004
  10
44.71811023622048
  20
11.770012700025404
  10
45.51811023622048
  20
11.770012700025404
  10
45.568097536195076
  20
11.820000000000004
  10
45.568097536195076
  20
12.620000000000005
  0
HATCH
  5
1755
  100
AcDbEntity
  8
Top-Paste-Mask-Layer
  100
AcDbHatch
  10
0
  20
0
  30
0
  210
0
  220
0
  230
1
  2
SOLID
  70
1
  71
0
  91
1
  92
7
  72
0
  73
1
  93
12
  10
43.128067056134114
  20
11.770038100076203
  10
43.92806705613411
  20
11.770038100076203
  10
43.97807975615951
  20
11.820050800101601
  10
43.97807975615951
  20
12.048016256032515
  10
43.608077216154435
  20
12.048016256032515
  10
43.608077216154435
  20
12.378013716027436
  10
43.97807975615951
  20
12.378013716027436
  10
43.97807975615951
  20
12.620050800101605
  10
43.92806705613411
  20
12.670038100076205
  10
43.128067056134114
  20
12.670038100076205
  10
43.07807975615952
  20
12.620050800101605
  10
43.07807975615952
  20
11.820050800101601
  97
1
  330
1754
  75
0
  76
1
  47
0.4128176842155181
  98
1
  10
34.90568961886538
  20
22.81183545379326
  450
0
  451
0
  460
0
  461
0
  452
1
  462
1
  453
2
  463
0
  63
5
  421
255
  463
1
  63
7
  421
16777215
  470
LINEAR
  1001
ACAD
  1010
0
  1020
0
  1030
0
  0
LWPOLYLINE
  5
1754
  100
AcDbEntity
  8
Top-Paste-Mask-Layer
  100
AcDbPolyline
  90
12
  70
1
  43
0.005080010160020321
  10
43.128067056134114
  20
11.770038100076203
  10
43.92806705613411
  20
11.770038100076203
  10
43.97807975615951
  20
11.820050800101601
  10
43.97807975615951
  20
12.048016256032515
  10
43.608077216154435
  20
12.048016256032515
  10
43.608077216154435
  20
12.378013716027436
  10
43.97807975615951
  20
12.378013716027436
  10
43.97807975615951
  20
12.620050800101605
  10
43.92806705613411
  20
12.670038100076205
  10
43.128067056134114
  20
12.670038100076205
  10
43.07807975615952
  20
12.620050800101605
  10
43.07807975615952
  20
11.820050800101601
  0
HATCH
  5
1757
  100
AcDbEntity
  8
Top-Paste-Mask-Layer
  100
AcDbHatch
  10
0
  20
0
  30
0
  210
0
  220
0
  230
1
  2
SOLID
  70
1
  71
0
  91
1
  92
7
  72
0
  73
1
  93
4
  10
27.58404876809754
  20
6.861021082042171
  10
26.264058928117862
  20
6.861021082042171
  10
26.264058928117862
  20
8.181010922021848
  10
27.58404876809754
  20
8.181010922021848
  97
1
  330
1756
  75
0
  76
1
  47
0.4128176842155181
  98
1
  10
34.90568961886538
  20
22.81183545379326
  450
0
  451
0
  460
0
  461
0
  452
1
  462
1
  453
2
  463
0
  63
5
  421
255
  463
1
  63
7
  421
16777215
  470
LINEAR
  1001
ACAD
  1010
0
  1020
0
  1030
0
  0
LWPOLYLINE
  5
1756
  100
AcDbEntity
  8
Top-Paste-Mask-Layer
  100
AcDbPolyline
  90
4
  70
1
  43
0.005080010160020321
  10
27.58404876809754
  20
6.861021082042171
  10
26.264058928117862
  20
6.861021082042171
  10
26.264058928117862
  20
8.181010922021848
  10
27.58404876809754
  20
8.181010922021848
  0
HATCH
  5
1759
  100
AcDbEntity
  8
Top-Paste-Mask-Layer
  100
AcDbHatch
  10
0
  20
0
  30
0
  210
0
  220
0
  230
1
  2
SOLID
  70
1
  71
0
  91
1
  92
7
  72
0
  73
1
  93
4
  10
27.8241554483109
  20
8.595946151892306
  10
27.6241554483109
  20
8.595946151892306
  10
27.6241554483109
  20
9.260944881889763
  10
27.8241554483109
  20
9.260944881889763
  97
1
  330
1758
  75
0
  76
1
  47
0.4128176842155181
  98
1
  10
34.90568961886538
  20
22.81183545379326
  450
0
  451
0
  460
0
  461
0
  452
1
  462
1
  453
2
  463
0
  63
5
  421
255
  463
1
  63
7
  421
16777215
  470
LINEAR
  1001
ACAD
  1010
0
  1020
0
  1030
0
  0
LWPOLYLINE
  5
1758
  100
AcDbEntity
  8
Top-Paste-Mask-Layer
  100
AcDbPolyline
  90
4
  70
1
  43
0.005080010160020321
  10
27.8241554483109
  20
8.595946151892306
  10
27.6241554483109
  20
8.595946151892306
  10
27.6241554483109
  20
9.260944881889763
  10
27.8241554483109
  20
9.260944881889763
  0
HATCH
  5
1761
  100
AcDbEntity
  8
Top-Paste-Mask-Layer
  100
AcDbHatch
  10
0
  20
0
  30
0
  210
0
  220
0
  230
1
  2
SOLID
  70
1
  71
0
  91
1
  92
7
  72
0
  73
1
  93
4
  10
27.4241046482093
  20
8.595946151892306
  10
27.224104648209302
  20
8.595946151892306
  10
27.224104648209302
  20
9.260944881889763
  10
27.4241046482093
  20
9.260944881889763
  97
1
  330
1760
  75
0
  76
1
  47
0.4128176842155181
  98
1
  10
34.90568961886538
  20
22.81183545379326
  450
0
  451
0
  460
0
  461
0
  452
1
  462
1
  453
2
  463
0
  63
5
  421
255
  463
1
  63
7
  421
16777215
  470
LINEAR
  1001
ACAD
  1010
0
  1020
0
  1030
0
  0
LWPOLYLINE
  5
1760
  100
AcDbEntity
  8
Top-Paste-Mask-Layer
  100
AcDbPolyline
  90
4
  70
1
  43
0.005080010160020321
  10
27.4241046482093
  20
8.595946151892306
  10
27.224104648209302
  20
8.595946151892306
  10
27.224104648209302
  20
9.260944881889763
  10
27.4241046482093
  20
9.260944881889763
  0
HATCH
  5
1763
  100
AcDbEntity
  8
Top-Paste-Mask-Layer
  100
AcDbHatch
  10
0
  20
0
  30
0
  210
0
  220
0
  230
1
  2
SOLID
  70
1
  71
0
  91
1
  92
7
  72
0
  73
1
  93
4
  10
27.024053848107698
  20
8.595946151892306
  10
26.824053848107702
  20
8.595946151892306
  10
26.824053848107702
  20
9.260944881889763
  10
27.024053848107698
  20
9.260944881889763
  97
1
  330
1762
  75
0
  76
1
  47
0.4128176842155181
  98
1
  10
34.90568961886538
  20
22.81183545379326
  450
0
  451
0
  460
0
  461
0
  452
1
  462
1
  453
2
  463
0
  63
5
  421
255
  463
1
  63
7
  421
16777215
  470
LINEAR
  1001
ACAD
  1010
0
  1020
0
  1030
0
  0
LWPOLYLINE
  5
1762
  100
AcDbEntity
  8
Top-Paste-Mask-Layer
  100
AcDbPolyline
  90
4
  70
1
  43
0.005080010160020321
  10
27.024053848107698
  20
8.595946151892306
  10
26.824053848107702
  20
8.595946151892306
  10
26.824053848107702
  20
9.260944881889763
  10
27.024053848107698
  20
9.260944881889763
  0
HATCH
  5
1765
  100
AcDbEntity
  8
Top-Paste-Mask-Layer
  100
AcDbHatch
  10
0
  20
0
  30
0
  210
0
  220
0
  230
1
  2
SOLID
  70
1
  71
0
  91
1
  92
7
  72
0
  73
1
  93
4
  10
26.624003048006102
  20
8.595946151892306
  10
26.4240030480061
  20
8.595946151892306
  10
26.4240030480061
  20
9.260944881889763
  10
26.624003048006102
  20
9.260944881889763
  97
1
  330
1764
  75
0
  76
1
  47
0.4128176842155181
  98
1
  10
34.90568961886538
  20
22.81183545379326
  450
0
  451
0
  460
0
  461
0
  452
1
  462
1
  453
2
  463
0
  63
5
  421
255
  463
1
  63
7
  421
16777215
  470
LINEAR
  1001
ACAD
  1010
0
  1020
0
  1030
0
  0
LWPOLYLINE
  5
1764
  100
AcDbEntity
  8
Top-Paste-Mask-Layer
  100
AcDbPolyline
  90
4
  70
1
  43
0.005080010160020321
  10
26.624003048006102
  20
8.595946151892306
  10
26.4240030480061
  20
8.595946151892306
  10
26.4240030480061
  20
9.260944881889763
  10
26.624003048006102
  20
9.260944881889763
  0
HATCH
  5
1767
  100
AcDbEntity
  8
Top-Paste-Mask-Layer
  100
AcDbHatch
  10
0
  20
0
  30
0
  210
0
  220
0
  230
1
  2
SOLID
  70
1
  71
0
  91
1
  92
7
  72
0
  73
1
  93
4
  10
26.223952247904503
  20
8.595946151892306
  10
26.0239522479045
  20
8.595946151892306
  10
26.0239522479045
  20
9.260944881889763
  10
26.223952247904503
  20
9.260944881889763
  97
1
  330
1766
  75
0
  76
1
  47
0.4128176842155181
  98
1
  10
34.90568961886538
  20
22.81183545379326
  450
0
  451
0
  460
0
  461
0
  452
1
  462
1
  453
2
  463
0
  63
5
  421
255
  463
1
  63
7
  421
16777215
  470
LINEAR
  1001
ACAD
  1010
0
  1020
0
  1030
0
  0
LWPOLYLINE
  5
1766
  100
AcDbEntity
  8
Top-Paste-Mask-Layer
  100
AcDbPolyline
  90
4
  70
1
  43
0.005080010160020321
  10
26.223952247904503
  20
8.595946151892306
  10
26.0239522479045
  20
8.595946151892306
  10
26.0239522479045
  20
9.260944881889763
  10
26.223952247904503
  20
9.260944881889763
  0
HATCH
  5
1769
  100
AcDbEntity
  8
Top-Paste-Mask-Layer
  100
AcDbHatch
  10
0
  20
0
  30
0
  210
0
  220
0
  230
1
  2
SOLID
  70
1
  71
0
  91
1
  92
7
  72
0
  73
1
  93
4
  10
25.8491236982474
  20
8.22111760223521
  10
25.184124968249943
  20
8.22111760223521
  10
25.184124968249943
  20
8.421117602235206
  10
25.8491236982474
  20
8.421117602235206
  97
1
  330
1768
  75
0
  76
1
  47
0.4128176842155181
  98
1
  10
34.90568961886538
  20
22.81183545379326
  450
0
  451
0
  460
0
  461
0
  452
1
  462
1
  453
2
  463
0
  63
5
  421
255
  463
1
  63
7
  421
16777215
  470
LINEAR
  1001
ACAD
  1010
0
  1020
0
  1030
0
  0
LWPOLYLINE
  5
1768
  100
AcDbEntity
  8
Top-Paste-Mask-Layer
  100
AcDbPolyline
  90
4
  70
1
  43
0.005080010160020321
  10
25.8491236982474
  20
8.22111760223521
  10
25.184124968249943
  20
8.22111760223521
  10
25.184124968249943
  20
8.421117602235206
  10
25.8491236982474
  20
8.421117602235206
  0
HATCH
  5
1771
  100
AcDbEntity
  8
Top-Paste-Mask-Layer
  100
AcDbHatch
  10
0
  20
0
  30
0
  210
0
  220
0
  230
1
  2
SOLID
  70
1
  71
0
  91
1
  92
7
  72
0
  73
1
  93
4
  10
25.8491236982474
  20
7.821066802133608
  10
25.184124968249943
  20
7.821066802133608
  10
25.184124968249943
  20
8.02106680213361
  10
25.8491236982474
  20
8.02106680213361
  97
1
  330
1770
  75
0
  76
1
  47
0.4128176842155181
  98
1
  10
34.90568961886538
  20
22.81183545379326
  450
0
  451
0
  460
0
  461
0
  452
1
  462
1
  453
2
  463
0
  63
5
  421
255
  463
1
  63
7
  421
16777215
  470
LINEAR
  1001
ACAD
  1010
0
  1020
0
  1030
0
  0
LWPOLYLINE
  5
1770
  100
AcDbEntity
  8
Top-Paste-Mask-Layer
  100
AcDbPolyline
  90
4
  70
1
  43
0.005080010160020321
  10
25.8491236982474
  20
7.821066802133608
  10
25.184124968249943
  20
7.821066802133608
  10
25.184124968249943
  20
8.02106680213361
  10
25.8491236982474
  20
8.02106680213361
  0
HATCH
  5
1773
  100
AcDbEntity
  8
Top-Paste-Mask-Layer
  100
AcDbHatch
  10
0
  20
0
  30
0
  210
0
  220
0
  230
1
  2
SOLID
  70
1
  71
0
  91
1
  92
7
  72
0
  73
1
  93
4
  10
25.8491236982474
  20
7.421016002032012
  10
25.184124968249943
  20
7.421016002032012
  10
25.184124968249943
  20
7.6210160020320075
  10
25.8491236982474
  20
7.6210160020320075
  97
1
  330
1772
  75
0
  76
1
  47
0.4128176842155181
  98
1
  10
34.90568961886538
  20
22.81183545379326
  450
0
  451
0
  460
0
  461
0
  452
1
  462
1
  453
2
  463
0
  63
5
  421
255
  463
1
  63
7
  421
16777215
  470
LINEAR
  1001
ACAD
  1010
0
  1020
0
  1030
0
  0
LWPOLYLINE
  5
1772
  100
AcDbEntity
  8
Top-Paste-Mask-Layer
  100
AcDbPolyline
  90
4
  70
1
  43
0.005080010160020321
  10
25.8491236982474
  20
7.421016002032012
  10
25.184124968249943
  20
7.421016002032012
  10
25.184124968249943
  20
7.6210160020320075
  10
25.8491236982474
  20
7.6210160020320075
  0
HATCH
  5
1775
  100
AcDbEntity
  8
Top-Paste-Mask-Layer
  100
AcDbHatch
  10
0
  20
0
  30
0
  210
0
  220
0
  230
1
  2
SOLID
  70
1
  71
0
  91
1
  92
7
  72
0
  73
1
  93
4
  10
25.8491236982474
  20
7.020965201930402
  10
25.184124968249943
  20
7.020965201930402
  10
25.184124968249943
  20
7.220965201930412
  10
25.8491236982474
  20
7.220965201930412
  97
1
  330
1774
  75
0
  76
1
  47
0.4128176842155181
  98
1
  10
34.90568961886538
  20
22.81183545379326
  450
0
  451
0
  460
0
  461
0
  452
1
  462
1
  453
2
  463
0
  63
5
  421
255
  463
1
  63
7
  421
16777215
  470
LINEAR
  1001
ACAD
  1010
0
  1020
0
  1030
0
  0
LWPOLYLINE
  5
1774
  100
AcDbEntity
  8
Top-Paste-Mask-Layer
  100
AcDbPolyline
  90
4
  70
1
  43
0.005080010160020321
  10
25.8491236982474
  20
7.020965201930402
  10
25.184124968249943
  20
7.020965201930402
  10
25.184124968249943
  20
7.220965201930412
  10
25.8491236982474
  20
7.220965201930412
  0
HATCH
  5
1777
  100
AcDbEntity
  8
Top-Paste-Mask-Layer
  100
AcDbHatch
  10
0
  20
0
  30
0
  210
0
  220
0
  230
1
  2
SOLID
  70
1
  71
0
  91
1
  92
7
  72
0
  73
1
  93
4
  10
25.8491236982474
  20
6.620914401828806
  10
25.184124968249943
  20
6.620914401828806
  10
25.184124968249943
  20
6.8209144018288015
  10
25.8491236982474
  20
6.8209144018288015
  97
1
  330
1776
  75
0
  76
1
  47
0.4128176842155181
  98
1
  10
34.90568961886538
  20
22.81183545379326
  450
0
  451
0
  460
0
  461
0
  452
1
  462
1
  453
2
  463
0
  63
5
  421
255
  463
1
  63
7
  421
16777215
  470
LINEAR
  1001
ACAD
  1010
0
  1020
0
  1030
0
  0
LWPOLYLINE
  5
1776
  100
AcDbEntity
  8
Top-Paste-Mask-Layer
  100
AcDbPolyline
  90
4
  70
1
  43
0.005080010160020321
  10
25.8491236982474
  20
6.620914401828806
  10
25.184124968249943
  20
6.620914401828806
  10
25.184124968249943
  20
6.8209144018288015
  10
25.8491236982474
  20
6.8209144018288015
  0
HATCH
  5
1779
  100
AcDbEntity
  8
Top-Paste-Mask-Layer
  100
AcDbHatch
  10
0
  20
0
  30
0
  210
0
  220
0
  230
1
  2
SOLID
  70
1
  71
0
  91
1
  92
7
  72
0
  73
1
  93
4
  10
26.223952247904503
  20
5.781112522225051
  10
26.0239522479045
  20
5.781112522225051
  10
26.0239522479045
  20
6.446111252222508
  10
26.223952247904503
  20
6.446111252222508
  97
1
  330
1778
  75
0
  76
1
  47
0.4128176842155181
  98
1
  10
34.90568961886538
  20
22.81183545379326
  450
0
  451
0
  460
0
  461
0
  452
1
  462
1
  453
2
  463
0
  63
5
  421
255
  463
1
  63
7
  421
16777215
  470
LINEAR
  1001
ACAD
  1010
0
  1020
0
  1030
0
  0
LWPOLYLINE
  5
1778
  100
AcDbEntity
  8
Top-Paste-Mask-Layer
  100
AcDbPolyline
  90
4
  70
1
  43
0.005080010160020321
  10
26.223952247904503
  20
5.781112522225051
  10
26.0239522479045
  20
5.781112522225051
  10
26.0239522479045
  20
6.446111252222508
  10
26.223952247904503
  20
6.446111252222508
  0
HATCH
  5
1781
  100
AcDbEntity
  8
Top-Paste-Mask-Layer
  100
AcDbHatch
  10
0
  20
0
  30
0
  210
0
  220
0
  230
1
  2
SOLID
  70
1
  71
0
  91
1
  92
7
  72
0
  73
1
  93
4
  10
26.6240030480061
  20
5.781112522225051
  10
26.4240030480061
  20
5.781112522225051
  10
26.4240030480061
  20
6.446111252222508
  10
26.6240030480061
  20
6.446111252222508
  97
1
  330
1780
  75
0
  76
1
  47
0.4128176842155181
  98
1
  10
34.90568961886538
  20
22.81183545379326
  450
0
  451
0
  460
0
  461
0
  452
1
  462
1
  453
2
  463
0
  63
5
  421
255
  463
1
  63
7
  421
16777215
  470
LINEAR
  1001
ACAD
  1010
0
  1020
0
  1030
0
  0
LWPOLYLINE
  5
1780
  100
AcDbEntity
  8
Top-Paste-Mask-Layer
  100
AcDbPolyline
  90
4
  70
1
  43
0.005080010160020321
  10
26.6240030480061
  20
5.781112522225051
  10
26.4240030480061
  20
5.781112522225051
  10
26.4240030480061
  20
6.446111252222508
  10
26.6240030480061
  20
6.446111252222508
  0
HATCH
  5
1783
  100
AcDbEntity
  8
Top-Paste-Mask-Layer
  100
AcDbHatch
  10
0
  20
0
  30
0
  210
0
  220
0
  230
1
  2
SOLID
  70
1
  71
0
  91
1
  92
7
  72
0
  73
1
  93
4
  10
27.024053848107698
  20
5.781112522225051
  10
26.824053848107702
  20
5.781112522225051
  10
26.824053848107702
  20
6.446111252222508
  10
27.024053848107698
  20
6.446111252222508
  97
1
  330
1782
  75
0
  76
1
  47
0.4128176842155181
  98
1
  10
34.90568961886538
  20
22.81183545379326
  450
0
  451
0
  460
0
  461
0
  452
1
  462
1
  453
2
  463
0
  63
5
  421
255
  463
1
  63
7
  421
16777215
  470
LINEAR
  1001
ACAD
  1010
0
  1020
0
  1030
0
  0
LWPOLYLINE
  5
1782
  100
AcDbEntity
  8
Top-Paste-Mask-Layer
  100
AcDbPolyline
  90
4
  70
1
  43
0.005080010160020321
  10
27.024053848107698
  20
5.781112522225051
  10
26.824053848107702
  20
5.781112522225051
  10
26.824053848107702
  20
6.446111252222508
  10
27.024053848107698
  20
6.446111252222508
  0
HATCH
  5
1785
  100
AcDbEntity
  8
Top-Paste-Mask-Layer
  100
AcDbHatch
  10
0
  20
0
  30
0
  210
0
  220
0
  230
1
  2
SOLID
  70
1
  71
0
  91
1
  92
7
  72
0
  73
1
  93
4
  10
27.4241046482093
  20
5.781112522225051
  10
27.2241046482093
  20
5.781112522225051
  10
27.2241046482093
  20
6.446111252222508
  10
27.4241046482093
  20
6.446111252222508
  97
1
  330
1784
  75
0
  76
1
  47
0.4128176842155181
  98
1
  10
34.90568961886538
  20
22.81183545379326
  450
0
  451
0
  460
0
  461
0
  452
1
  462
1
  453
2
  463
0
  63
5
  421
255
  463
1
  63
7
  421
16777215
  470
LINEAR
  1001
ACAD
  1010
0
  1020
0
  1030
0
  0
LWPOLYLINE
  5
1784
  100
AcDbEntity
  8
Top-Paste-Mask-Layer
  100
AcDbPolyline
  90
4
  70
1
  43
0.005080010160020321
  10
27.4241046482093
  20
5.781112522225051
  10
27.2241046482093
  20
5.781112522225051
  10
27.2241046482093
  20
6.446111252222508
  10
27.4241046482093
  20
6.446111252222508
  0
HATCH
  5
1787
  100
AcDbEntity
  8
Top-Paste-Mask-Layer
  100
AcDbHatch
  10
0
  20
0
  30
0
  210
0
  220
0
  230
1
  2
SOLID
  70
1
  71
0
  91
1
  92
7
  72
0
  73
1
  93
4
  10
27.8241554483109
  20
5.781112522225051
  10
27.6241554483109
  20
5.781112522225051
  10
27.6241554483109
  20
6.446111252222508
  10
27.8241554483109
  20
6.446111252222508
  97
1
  330
1786
  75
0
  76
1
  47
0.4128176842155181
  98
1
  10
34.90568961886538
  20
22.81183545379326
  450
0
  451
0
  460
0
  461
0
  452
1
  462
1
  453
2
  463
0
  63
5
  421
255
  463
1
  63
7
  421
16777215
  470
LINEAR
  1001
ACAD
  1010
0
  1020
0
  1030
0
  0
LWPOLYLINE
  5
1786
  100
AcDbEntity
  8
Top-Paste-Mask-Layer
  100
AcDbPolyline
  90
4
  70
1
  43
0.005080010160020321
  10
27.8241554483109
  20
5.781112522225051
  10
27.6241554483109
  20
5.781112522225051
  10
27.6241554483109
  20
6.446111252222508
  10
27.8241554483109
  20
6.446111252222508
  0
HATCH
  5
1789
  100
AcDbEntity
  8
Top-Paste-Mask-Layer
  100
AcDbHatch
  10
0
  20
0
  30
0
  210
0
  220
0
  230
1
  2
SOLID
  70
1
  71
0
  91
1
  92
7
  72
0
  73
1
  93
4
  10
28.66395732791467
  20
6.620914401828806
  10
27.9989585979172
  20
6.620914401828806
  10
27.9989585979172
  20
6.8209144018288015
  10
28.66395732791467
  20
6.8209144018288015
  97
1
  330
1788
  75
0
  76
1
  47
0.4128176842155181
  98
1
  10
34.90568961886538
  20
22.81183545379326
  450
0
  451
0
  460
0
  461
0
  452
1
  462
1
  453
2
  463
0
  63
5
  421
255
  463
1
  63
7
  421
16777215
  470
LINEAR
  1001
ACAD
  1010
0
  1020
0
  1030
0
  0
LWPOLYLINE
  5
1788
  100
AcDbEntity
  8
Top-Paste-Mask-Layer
  100
AcDbPolyline
  90
4
  70
1
  43
0.005080010160020321
  10
28.66395732791467
  20
6.620914401828806
  10
27.9989585979172
  20
6.620914401828806
  10
27.9989585979172
  20
6.8209144018288015
  10
28.66395732791467
  20
6.8209144018288015
  0
HATCH
  5
1791
  100
AcDbEntity
  8
Top-Paste-Mask-Layer
  100
AcDbHatch
  10
0
  20
0
  30
0
  210
0
  220
0
  230
1
  2
SOLID
  70
1
  71
0
  91
1
  92
7
  72
0
  73
1
  93
4
  10
28.66395732791467
  20
7.020965201930402
  10
27.9989585979172
  20
7.020965201930402
  10
27.9989585979172
  20
7.220965201930412
  10
28.66395732791467
  20
7.220965201930412
  97
1
  330
1790
  75
0
  76
1
  47
0.4128176842155181
  98
1
  10
34.90568961886538
  20
22.81183545379326
  450
0
  451
0
  460
0
  461
0
  452
1
  462
1
  453
2
  463
0
  63
5
  421
255
  463
1
  63
7
  421
16777215
  470
LINEAR
  1001
ACAD
  1010
0
  1020
0
  1030
0
  0
LWPOLYLINE
  5
1790
  100
AcDbEntity
  8
Top-Paste-Mask-Layer
  100
AcDbPolyline
  90
4
  70
1
  43
0.005080010160020321
  10
28.66395732791467
  20
7.020965201930402
  10
27.9989585979172
  20
7.020965201930402
  10
27.9989585979172
  20
7.220965201930412
  10
28.66395732791467
  20
7.220965201930412
  0
HATCH
  5
1793
  100
AcDbEntity
  8
Top-Paste-Mask-Layer
  100
AcDbHatch
  10
0
  20
0
  30
0
  210
0
  220
0
  230
1
  2
SOLID
  70
1
  71
0
  91
1
  92
7
  72
0
  73
1
  93
4
  10
28.66395732791467
  20
7.421016002032012
  10
27.9989585979172
  20
7.421016002032012
  10
27.9989585979172
  20
7.6210160020320075
  10
28.66395732791467
  20
7.6210160020320075
  97
1
  330
1792
  75
0
  76
1
  47
0.4128176842155181
  98
1
  10
34.90568961886538
  20
22.81183545379326
  450
0
  451
0
  460
0
  461
0
  452
1
  462
1
  453
2
  463
0
  63
5
  421
255
  463
1
  63
7
  421
16777215
  470
LINEAR
  1001
ACAD
  1010
0
  1020
0
  1030
0
  0
LWPOLYLINE
  5
1792
  100
AcDbEntity
  8
Top-Paste-Mask-Layer
  100
AcDbPolyline
  90
4
  70
1
  43
0.005080010160020321
  10
28.66395732791467
  20
7.421016002032012
  10
27.9989585979172
  20
7.421016002032012
  10
27.9989585979172
  20
7.6210160020320075
  10
28.66395732791467
  20
7.6210160020320075
  0
HATCH
  5
1795
  100
AcDbEntity
  8
Top-Paste-Mask-Layer
  100
AcDbHatch
  10
0
  20
0
  30
0
  210
0
  220
0
  230
1
  2
SOLID
  70
1
  71
0
  91
1
  92
7
  72
0
  73
1
  93
4
  10
28.66395732791467
  20
7.821066802133608
  10
27.9989585979172
  20
7.821066802133608
  10
27.9989585979172
  20
8.02106680213361
  10
28.66395732791467
  20
8.02106680213361
  97
1
  330
1794
  75
0
  76
1
  47
0.4128176842155181
  98
1
  10
34.90568961886538
  20
22.81183545379326
  450
0
  451
0
  460
0
  461
0
  452
1
  462
1
  453
2
  463
0
  63
5
  421
255
  463
1
  63
7
  421
16777215
  470
LINEAR
  1001
ACAD
  1010
0
  1020
0
  1030
0
  0
LWPOLYLINE
  5
1794
  100
AcDbEntity
  8
Top-Paste-Mask-Layer
  100
AcDbPolyline
  90
4
  70
1
  43
0.005080010160020321
  10
28.66395732791467
  20
7.821066802133608
  10
27.9989585979172
  20
7.821066802133608
  10
27.9989585979172
  20
8.02106680213361
  10
28.66395732791467
  20
8.02106680213361
  0
HATCH
  5
1797
  100
AcDbEntity
  8
Top-Paste-Mask-Layer
  100
AcDbHatch
  10
0
  20
0
  30
0
  210
0
  220
0
  230
1
  2
SOLID
  70
1
  71
0
  91
1
  92
7
  72
0
  73
1
  93
4
  10
28.66395732791467
  20
8.22111760223521
  10
27.9989585979172
  20
8.22111760223521
  10
27.9989585979172
  20
8.421117602235206
  10
28.66395732791467
  20
8.421117602235206
  97
1
  330
1796
  75
0
  76
1
  47
0.4128176842155181
  98
1
  10
34.90568961886538
  20
22.81183545379326
  450
0
  451
0
  460
0
  461
0
  452
1
  462
1
  453
2
  463
0
  63
5
  421
255
  463
1
  63
7
  421
16777215
  470
LINEAR
  1001
ACAD
  1010
0
  1020
0
  1030
0
  0
LWPOLYLINE
  5
1796
  100
AcDbEntity
  8
Top-Paste-Mask-Layer
  100
AcDbPolyline
  90
4
  70
1
  43
0.005080010160020321
  10
28.66395732791467
  20
8.22111760223521
  10
27.9989585979172
  20
8.22111760223521
  10
27.9989585979172
  20
8.421117602235206
  10
28.66395732791467
  20
8.421117602235206
  0
HATCH
  5
1799
  100
AcDbEntity
  8
Top-Paste-Mask-Layer
  100
AcDbHatch
  10
0
  20
0
  30
0
  210
0
  220
0
  230
1
  2
SOLID
  70
1
  71
0
  91
1
  92
7
  72
0
  73
1
  93
12
  10
20.52202184404369
  20
4.91202438404877
  10
21.322021844043693
  20
4.91202438404877
  10
21.37203454406909
  20
4.9620370840741685
  10
21.37203454406909
  20
5.190002540005082
  10
21.002032004064013
  20
5.190002540005082
  10
21.002032004064013
  20
5.52000000000001
  10
21.37203454406909
  20
5.52000000000001
  10
21.37203454406909
  20
5.762037084074173
  10
21.322021844043693
  20
5.812024384048776
  10
20.52202184404369
  20
5.812024384048776
  10
20.472034544069093
  20
5.762037084074173
  10
20.472034544069093
  20
4.9620370840741685
  97
1
  330
1798
  75
0
  76
1
  47
0.4128176842155181
  98
1
  10
34.90568961886538
  20
22.81183545379326
  450
0
  451
0
  460
0
  461
0
  452
1
  462
1
  453
2
  463
0
  63
5
  421
255
  463
1
  63
7
  421
16777215
  470
LINEAR
  1001
ACAD
  1010
0
  1020
0
  1030
0
  0
LWPOLYLINE
  5
1798
  100
AcDbEntity
  8
Top-Paste-Mask-Layer
  100
AcDbPolyline
  90
12
  70
1
  43
0.005080010160020321
  10
20.52202184404369
  20
4.91202438404877
  10
21.322021844043693
  20
4.91202438404877
  10
21.37203454406909
  20
4.9620370840741685
  10
21.37203454406909
  20
5.190002540005082
  10
21.002032004064013
  20
5.190002540005082
  10
21.002032004064013
  20
5.52000000000001
  10
21.37203454406909
  20
5.52000000000001
  10
21.37203454406909
  20
5.762037084074173
  10
21.322021844043693
  20
5.812024384048776
  10
20.52202184404369
  20
5.812024384048776
  10
20.472034544069093
  20
5.762037084074173
  10
20.472034544069093
  20
4.9620370840741685
  0
HATCH
  5
1801
  100
AcDbEntity
  8
Top-Paste-Mask-Layer
  100
AcDbHatch
  10
0
  20
0
  30
0
  210
0
  220
0
  230
1
  2
SOLID
  70
1
  71
0
  91
1
  92
7
  72
0
  73
1
  93
12
  10
22.07203454406909
  20
4.9620370840741685
  10
22.07203454406909
  20
5.190002540005082
  10
22.452019304038615
  20
5.190002540005082
  10
22.452019304038615
  20
5.520000000000003
  10
22.07203454406909
  20
5.520000000000003
  10
22.07203454406909
  20
5.762037084074173
  10
22.122021844043694
  20
5.812024384048776
  10
22.91201422402845
  20
5.812024384048776
  10
22.962026924053852
  20
5.762037084074166
  10
22.962026924053852
  20
4.9620370840741685
  10
22.91201422402845
  20
4.91202438404877
  10
22.12202184404369
  20
4.91202438404877
  97
1
  330
1800
  75
0
  76
1
  47
0.4128176842155181
  98
1
  10
34.90568961886538
  20
22.81183545379326
  450
0
  451
0
  460
0
  461
0
  452
1
  462
1
  453
2
  463
0
  63
5
  421
255
  463
1
  63
7
  421
16777215
  470
LINEAR
  1001
ACAD
  1010
0
  1020
0
  1030
0
  0
LWPOLYLINE
  5
1800
  100
AcDbEntity
  8
Top-Paste-Mask-Layer
  100
AcDbPolyline
  90
12
  70
1
  43
0.005080010160020321
  10
22.07203454406909
  20
4.9620370840741685
  10
22.07203454406909
  20
5.190002540005082
  10
22.452019304038615
  20
5.190002540005082
  10
22.452019304038615
  20
5.520000000000003
  10
22.07203454406909
  20
5.520000000000003
  10
22.07203454406909
  20
5.762037084074173
  10
22.122021844043694
  20
5.812024384048776
  10
22.91201422402845
  20
5.812024384048776
  10
22.962026924053852
  20
5.762037084074166
  10
22.962026924053852
  20
4.9620370840741685
  10
22.91201422402845
  20
4.91202438404877
  10
22.12202184404369
  20
4.91202438404877
  0
HATCH
  5
1803
  100
AcDbEntity
  8
Top-Paste-Mask-Layer
  100
AcDbHatch
  10
0
  20
0
  30
0
  210
0
  220
0
  230
1
  2
SOLID
  70
1
  71
0
  91
1
  92
7
  72
0
  73
1
  93
4
  10
22.007035814071628
  20
3.906144272288543
  10
22.007035814071628
  20
2.40614427228855
  10
22.707035814071627
  20
2.40614427228855
  10
22.707035814071627
  20
3.906144272288543
  97
1
  330
1802
  75
0
  76
1
  47
0.4128176842155181
  98
1
  10
34.90568961886538
  20
22.81183545379326
  450
0
  451
0
  460
0
  461
0
  452
1
  462
1
  453
2
  463
0
  63
5
  421
255
  463
1
  63
7
  421
16777215
  470
LINEAR
  1001
ACAD
  1010
0
  1020
0
  1030
0
  0
LWPOLYLINE
  5
1802
  100
AcDbEntity
  8
Top-Paste-Mask-Layer
  100
AcDbPolyline
  90
4
  70
1
  43
0.005080010160020321
  10
22.007035814071628
  20
3.906144272288543
  10
22.007035814071628
  20
2.40614427228855
  10
22.707035814071627
  20
2.40614427228855
  10
22.707035814071627
  20
3.906144272288543
  0
HATCH
  5
1805
  100
AcDbEntity
  8
Top-Paste-Mask-Layer
  100
AcDbHatch
  10
0
  20
0
  30
0
  210
0
  220
0
  230
1
  2
SOLID
  70
1
  71
0
  91
1
  92
7
  72
0
  73
1
  93
4
  10
23.28206756413513
  20
3.906144272288543
  10
23.28206756413513
  20
2.40614427228855
  10
23.88206756413513
  20
2.40614427228855
  10
23.88206756413513
  20
3.906144272288543
  97
1
  330
1804
  75
0
  76
1
  47
0.4128176842155181
  98
1
  10
34.90568961886538
  20
22.81183545379326
  450
0
  451
0
  460
0
  461
0
  452
1
  462
1
  453
2
  463
0
  63
5
  421
255
  463
1
  63
7
  421
16777215
  470
LINEAR
  1001
ACAD
  1010
0
  1020
0
  1030
0
  0
LWPOLYLINE
  5
1804
  100
AcDbEntity
  8
Top-Paste-Mask-Layer
  100
AcDbPolyline
  90
4
  70
1
  43
0.005080010160020321
  10
23.28206756413513
  20
3.906144272288543
  10
23.28206756413513
  20
2.40614427228855
  10
23.88206756413513
  20
2.40614427228855
  10
23.88206756413513
  20
3.906144272288543
  0
HATCH
  5
1807
  100
AcDbEntity
  8
Top-Paste-Mask-Layer
  100
AcDbHatch
  10
0
  20
0
  30
0
  210
0
  220
0
  230
1
  2
SOLID
  70
1
  71
0
  91
1
  92
7
  72
0
  73
1
  93
4
  10
25.157124714249427
  20
2.40614427228855
  10
25.157124714249427
  20
3.906144272288543
  10
24.457124714249428
  20
3.906144272288543
  10
24.457124714249428
  20
2.40614427228855
  97
1
  330
1806
  75
0
  76
1
  47
0.4128176842155181
  98
1
  10
34.90568961886538
  20
22.81183545379326
  450
0
  451
0
  460
0
  461
0
  452
1
  462
1
  453
2
  463
0
  63
5
  421
255
  463
1
  63
7
  421
16777215
  470
LINEAR
  1001
ACAD
  1010
0
  1020
0
  1030
0
  0
LWPOLYLINE
  5
1806
  100
AcDbEntity
  8
Top-Paste-Mask-Layer
  100
AcDbPolyline
  90
4
  70
1
  43
0.005080010160020321
  10
25.157124714249427
  20
2.40614427228855
  10
25.157124714249427
  20
3.906144272288543
  10
24.457124714249428
  20
3.906144272288543
  10
24.457124714249428
  20
2.40614427228855
  0
HATCH
  5
1809
  100
AcDbEntity
  8
Top-Paste-Mask-Layer
  100
AcDbHatch
  10
0
  20
0
  30
0
  210
0
  220
0
  230
1
  2
SOLID
  70
1
  71
0
  91
1
  92
7
  72
0
  73
1
  93
128
  10
21.448361696723392
  20
2.706093472186943
  10
21.430937261874526
  20
2.705204470408944
  10
21.413589027178055
  20
2.703477266954536
  10
21.396316992633988
  20
2.7008864617729245
  10
21.37922275844552
  20
2.697432054864109
  10
21.36230632461265
  20
2.6931140462280965
  10
21.345618491236984
  20
2.6879578359156753
  10
21.32923545847092
  20
2.6819888239776475
  10
21.313131826263653
  20
2.6752324104648224
  10
21.297409194818393
  20
2.6676377952755885
  10
21.28209296418593
  20
2.6593065786131618
  10
21.26720853441707
  20
2.6502133604267186
  10
21.25278130556261
  20
2.6403835407670897
  10
21.238862077724157
  20
2.6298425196850417
  10
21.225501651003302
  20
2.618615697231398
  10
21.212700025400054
  20
2.606753873507749
  10
21.200533401066807
  20
2.594257048514102
  10
21.18897637795276
  20
2.5811760223520466
  10
21.178105156210314
  20
2.5675107950215974
  10
21.167894335788674
  20
2.5533629667259348
  10
21.158445516891035
  20
2.5386817373634756
  10
21.1497078994158
  20
2.5235687071374215
  10
21.14175768351537
  20
2.5080492760985535
  10
21.13456946913894
  20
2.492148844297688
  10
21.128194056388114
  20
2.475892811785627
  10
21.122631445262893
  20
2.4593573787147562
  10
21.117907035814074
  20
2.4425425450850895
  10
21.114020828041657
  20
2.4255245110490264
  10
21.110998221996446
  20
2.4083540767081573
  10
21.108813817627635
  20
2.391031242062482
  10
21.107518415036832
  20
2.3736322072644143
  10
21.10708661417323
  20
2.356182372364742
  10
21.10708661417323
  20
1.8561823723647493
  10
21.107518415036832
  20
1.8387325374650771
  10
21.108813817627635
  20
1.8213335026670094
  10
21.110998221996446
  20
1.8040106680213412
  10
21.114020828041657
  20
1.786840233680472
  10
21.117907035814074
  20
1.769822199644402
  10
21.122631445262893
  20
1.7530073660147352
  10
21.128194056388114
  20
1.7364719329438643
  10
21.13456946913894
  20
1.7202159004318034
  10
21.14175768351537
  20
1.7043154686309379
  10
21.1497078994158
  20
1.688796037592077
  10
21.158445516891035
  20
1.6736830073660158
  10
21.167894335788674
  20
1.6590017780035566
  10
21.178105156210314
  20
1.644853949707901
  10
21.18897637795276
  20
1.6311887223774448
  10
21.200533401066807
  20
1.6181076962153895
  10
21.212700025400054
  20
1.6056108712217423
  10
21.225501651003302
  20
1.5937490474980933
  10
21.238862077724157
  20
1.5825222250444497
  10
21.25278130556261
  20
1.571981203962416
  10
21.26720853441707
  20
1.5621513843027728
  10
21.28209296418593
  20
1.5530581661163367
  10
21.297409194818393
  20
1.5447269494539029
  10
21.313131826263653
  20
1.537132334264669
  10
21.32923545847092
  20
1.530375920751844
  10
21.345618491236984
  20
1.5244069088138161
  10
21.36230632461265
  20
1.519250698501402
  10
21.37922275844552
  20
1.5149326898653825
  10
21.396316992633988
  20
1.511478282956567
  10
21.413589027178055
  20
1.5088874777749623
  10
21.430937261874526
  20
1.5071602743205545
  10
21.448361696723392
  20
1.5062712725425484
  10
21.465836931673866
  20
1.5062712725425484
  10
21.483261366522733
  20
1.5071602743205545
  10
21.500609601219203
  20
1.5088874777749623
  10
21.517881635763274
  20
1.511478282956567
  10
21.534975869951744
  20
1.5149326898653825
  10
21.55189230378461
  20
1.519250698501402
  10
21.568580137160275
  20
1.5244069088138161
  10
21.58496316992634
  20
1.530375920751844
  10
21.601066802133605
  20
1.537132334264669
  10
21.616789433578866
  20
1.5447269494539029
  10
21.632105664211327
  20
1.5530581661163367
  10
21.64699009398019
  20
1.5621513843027728
  10
21.661417322834648
  20
1.571981203962416
  10
21.6753365506731
  20
1.5825222250444497
  10
21.688696977393956
  20
1.5937490474980933
  10
21.701498602997205
  20
1.6056108712217423
  10
21.713665227330456
  20
1.6181076962153895
  10
21.725222250444503
  20
1.6311887223774448
  10
21.736093472186944
  20
1.644853949707901
  10
21.746304292608585
  20
1.6590017780035566
  10
21.755753111506223
  20
1.6736830073660158
  10
21.76449072898146
  20
1.688796037592077
  10
21.772440944881893
  20
1.7043154686309379
  10
21.77962915925832
  20
1.7202159004318034
  10
21.786004572009144
  20
1.7364719329438643
  10
21.79156718313437
  20
1.7530073660147352
  10
21.796291592583184
  20
1.769822199644402
  10
21.800177800355602
  20
1.786840233680472
  10
21.803200406400816
  20
1.8040106680213412
  10
21.805384810769624
  20
1.8213335026670094
  10
21.80668021336043
  20
1.8387325374650771
  10
21.80711201422403
  20
1.8561823723647493
  10
21.80711201422403
  20
2.356182372364742
  10
21.80668021336043
  20
2.3736322072644143
  10
21.805384810769624
  20
2.391031242062482
  10
21.803200406400816
  20
2.4083540767081573
  10
21.800177800355602
  20
2.4255245110490264
  10
21.796291592583184
  20
2.4425425450850895
  10
21.79156718313437
  20
2.4593573787147562
  10
21.786004572009144
  20
2.475892811785627
  10
21.77962915925832
  20
2.492148844297688
  10
21.772440944881893
  20
2.5080492760985535
  10
21.76449072898146
  20
2.5235687071374215
  10
21.755753111506223
  20
2.5386817373634756
  10
21.746304292608585
  20
2.5533629667259348
  10
21.736093472186944
  20
2.5675107950215974
  10
21.725222250444503
  20
2.5811760223520466
  10
21.713665227330456
  20
2.594257048514102
  10
21.701498602997205
  20
2.606753873507749
  10
21.688696977393956
  20
2.618615697231398
  10
21.6753365506731
  20
2.6298425196850417
  10
21.661417322834648
  20
2.6403835407670897
  10
21.64699009398019
  20
2.6502133604267186
  10
21.632105664211327
  20
2.6593065786131618
  10
21.616789433578866
  20
2.6676377952755885
  10
21.601066802133605
  20
2.6752324104648224
  10
21.58496316992634
  20
2.6819888239776475
  10
21.568580137160275
  20
2.6879578359156753
  10
21.55189230378461
  20
2.6931140462280965
  10
21.534975869951744
  20
2.697432054864109
  10
21.517881635763274
  20
2.7008864617729245
  10
21.500609601219203
  20
2.703477266954536
  10
21.483261366522733
  20
2.705204470408944
  10
21.465836931673866
  20
2.706093472186943
  97
1
  330
1808
  75
0
  76
1
  47
0.4128176842155181
  98
1
  10
34.90568961886538
  20
22.81183545379326
  450
0
  451
0
  460
0
  461
0
  452
1
  462
1
  453
2
  463
0
  63
5
  421
255
  463
1
  63
7
  421
16777215
  470
LINEAR
  1001
ACAD
  1010
0
  1020
0
  1030
0
  0
LWPOLYLINE
  5
1808
  100
AcDbEntity
  8
Top-Paste-Mask-Layer
  100
AcDbPolyline
  90
128
  70
1
  43
0.005080010160020321
  10
21.448361696723392
  20
2.706093472186943
  10
21.430937261874526
  20
2.705204470408944
  10
21.413589027178055
  20
2.703477266954536
  10
21.396316992633988
  20
2.7008864617729245
  10
21.37922275844552
  20
2.697432054864109
  10
21.36230632461265
  20
2.6931140462280965
  10
21.345618491236984
  20
2.6879578359156753
  10
21.32923545847092
  20
2.6819888239776475
  10
21.313131826263653
  20
2.6752324104648224
  10
21.297409194818393
  20
2.6676377952755885
  10
21.28209296418593
  20
2.6593065786131618
  10
21.26720853441707
  20
2.6502133604267186
  10
21.25278130556261
  20
2.6403835407670897
  10
21.238862077724157
  20
2.6298425196850417
  10
21.225501651003302
  20
2.618615697231398
  10
21.212700025400054
  20
2.606753873507749
  10
21.200533401066807
  20
2.594257048514102
  10
21.18897637795276
  20
2.5811760223520466
  10
21.178105156210314
  20
2.5675107950215974
  10
21.167894335788674
  20
2.5533629667259348
  10
21.158445516891035
  20
2.5386817373634756
  10
21.1497078994158
  20
2.5235687071374215
  10
21.14175768351537
  20
2.5080492760985535
  10
21.13456946913894
  20
2.492148844297688
  10
21.128194056388114
  20
2.475892811785627
  10
21.122631445262893
  20
2.4593573787147562
  10
21.117907035814074
  20
2.4425425450850895
  10
21.114020828041657
  20
2.4255245110490264
  10
21.110998221996446
  20
2.4083540767081573
  10
21.108813817627635
  20
2.391031242062482
  10
21.107518415036832
  20
2.3736322072644143
  10
21.10708661417323
  20
2.356182372364742
  10
21.10708661417323
  20
1.8561823723647493
  10
21.107518415036832
  20
1.8387325374650771
  10
21.108813817627635
  20
1.8213335026670094
  10
21.110998221996446
  20
1.8040106680213412
  10
21.114020828041657
  20
1.786840233680472
  10
21.117907035814074
  20
1.769822199644402
  10
21.122631445262893
  20
1.7530073660147352
  10
21.128194056388114
  20
1.7364719329438643
  10
21.13456946913894
  20
1.7202159004318034
  10
21.14175768351537
  20
1.7043154686309379
  10
21.1497078994158
  20
1.688796037592077
  10
21.158445516891035
  20
1.6736830073660158
  10
21.167894335788674
  20
1.6590017780035566
  10
21.178105156210314
  20
1.644853949707901
  10
21.18897637795276
  20
1.6311887223774448
  10
21.200533401066807
  20
1.6181076962153895
  10
21.212700025400054
  20
1.6056108712217423
  10
21.225501651003302
  20
1.5937490474980933
  10
21.238862077724157
  20
1.5825222250444497
  10
21.25278130556261
  20
1.571981203962416
  10
21.26720853441707
  20
1.5621513843027728
  10
21.28209296418593
  20
1.5530581661163367
  10
21.297409194818393
  20
1.5447269494539029
  10
21.313131826263653
  20
1.537132334264669
  10
21.32923545847092
  20
1.530375920751844
  10
21.345618491236984
  20
1.5244069088138161
  10
21.36230632461265
  20
1.519250698501402
  10
21.37922275844552
  20
1.5149326898653825
  10
21.396316992633988
  20
1.511478282956567
  10
21.413589027178055
  20
1.5088874777749623
  10
21.430937261874526
  20
1.5071602743205545
  10
21.448361696723392
  20
1.5062712725425484
  10
21.465836931673866
  20
1.5062712725425484
  10
21.483261366522733
  20
1.5071602743205545
  10
21.500609601219203
  20
1.5088874777749623
  10
21.517881635763274
  20
1.511478282956567
  10
21.534975869951744
  20
1.5149326898653825
  10
21.55189230378461
  20
1.519250698501402
  10
21.568580137160275
  20
1.5244069088138161
  10
21.58496316992634
  20
1.530375920751844
  10
21.601066802133605
  20
1.537132334264669
  10
21.616789433578866
  20
1.5447269494539029
  10
21.632105664211327
  20
1.5530581661163367
  10
21.64699009398019
  20
1.5621513843027728
  10
21.661417322834648
  20
1.571981203962416
  10
21.6753365506731
  20
1.5825222250444497
  10
21.688696977393956
  20
1.5937490474980933
  10
21.701498602997205
  20
1.6056108712217423
  10
21.713665227330456
  20
1.6181076962153895
  10
21.725222250444503
  20
1.6311887223774448
  10
21.736093472186944
  20
1.644853949707901
  10
21.746304292608585
  20
1.6590017780035566
  10
21.755753111506223
  20
1.6736830073660158
  10
21.76449072898146
  20
1.688796037592077
  10
21.772440944881893
  20
1.7043154686309379
  10
21.77962915925832
  20
1.7202159004318034
  10
21.786004572009144
  20
1.7364719329438643
  10
21.79156718313437
  20
1.7530073660147352
  10
21.796291592583184
  20
1.769822199644402
  10
21.800177800355602
  20
1.786840233680472
  10
21.803200406400816
  20
1.8040106680213412
  10
21.805384810769624
  20
1.8213335026670094
  10
21.80668021336043
  20
1.8387325374650771
  10
21.80711201422403
  20
1.8561823723647493
  10
21.80711201422403
  20
2.356182372364742
  10
21.80668021336043
  20
2.3736322072644143
  10
21.805384810769624
  20
2.391031242062482
  10
21.803200406400816
  20
2.4083540767081573
  10
21.800177800355602
  20
2.4255245110490264
  10
21.796291592583184
  20
2.4425425450850895
  10
21.79156718313437
  20
2.4593573787147562
  10
21.786004572009144
  20
2.475892811785627
  10
21.77962915925832
  20
2.492148844297688
  10
21.772440944881893
  20
2.5080492760985535
  10
21.76449072898146
  20
2.5235687071374215
  10
21.755753111506223
  20
2.5386817373634756
  10
21.746304292608585
  20
2.5533629667259348
  10
21.736093472186944
  20
2.5675107950215974
  10
21.725222250444503
  20
2.5811760223520466
  10
21.713665227330456
  20
2.594257048514102
  10
21.701498602997205
  20
2.606753873507749
  10
21.688696977393956
  20
2.618615697231398
  10
21.6753365506731
  20
2.6298425196850417
  10
21.661417322834648
  20
2.6403835407670897
  10
21.64699009398019
  20
2.6502133604267186
  10
21.632105664211327
  20
2.6593065786131618
  10
21.616789433578866
  20
2.6676377952755885
  10
21.601066802133605
  20
2.6752324104648224
  10
21.58496316992634
  20
2.6819888239776475
  10
21.568580137160275
  20
2.6879578359156753
  10
21.55189230378461
  20
2.6931140462280965
  10
21.534975869951744
  20
2.697432054864109
  10
21.517881635763274
  20
2.7008864617729245
  10
21.500609601219203
  20
2.703477266954536
  10
21.483261366522733
  20
2.705204470408944
  10
21.465836931673866
  20
2.706093472186943
  0
HATCH
  5
1811
  100
AcDbEntity
  8
Top-Paste-Mask-Layer
  100
AcDbHatch
  10
0
  20
0
  30
0
  210
0
  220
0
  230
1
  2
SOLID
  70
1
  71
0
  91
1
  92
7
  72
0
  73
1
  93
128
  10
25.698298196596394
  20
2.706093472186943
  10
25.680873761747527
  20
2.705204470408944
  10
25.663525527051057
  20
2.703477266954536
  10
25.646253492506986
  20
2.7008864617729245
  10
25.629159258318516
  20
2.697432054864109
  10
25.61224282448565
  20
2.6931140462280965
  10
25.59555499110998
  20
2.6879578359156753
  10
25.57917195834392
  20
2.6819888239776475
  10
25.563068326136655
  20
2.6752324104648224
  10
25.54734569469139
  20
2.6676377952755885
  10
25.532029464058933
  20
2.6593065786131618
  10
25.51714503429007
  20
2.6502133604267186
  10
25.502717805435612
  20
2.6403835407670897
  10
25.488798577597155
  20
2.6298425196850417
  10
25.475438150876304
  20
2.618615697231398
  10
25.46263652527305
  20
2.606753873507749
  10
25.450469900939805
  20
2.594257048514102
  10
25.438912877825757
  20
2.5811760223520466
  10
25.428041656083316
  20
2.5675107950215974
  10
25.417830835661675
  20
2.5533629667259348
  10
25.408382016764037
  20
2.5386817373634756
  10
25.3996443992888
  20
2.5235687071374215
  10
25.391694183388367
  20
2.5080492760985535
  10
25.38450596901194
  20
2.492148844297688
  10
25.378130556261116
  20
2.475892811785627
  10
25.37256794513589
  20
2.4593573787147562
  10
25.367843535687076
  20
2.4425425450850895
  10
25.363957327914658
  20
2.4255245110490264
  10
25.360934721869445
  20
2.4083540767081573
  10
25.358750317500636
  20
2.391031242062482
  10
25.35745491490983
  20
2.3736322072644143
  10
25.35702311404623
  20
2.356182372364742
  10
25.35702311404623
  20
1.8561823723647493
  10
25.35745491490983
  20
1.8387325374650771
  10
25.358750317500636
  20
1.8213335026670094
  10
25.360934721869445
  20
1.8040106680213412
  10
25.363957327914658
  20
1.786840233680472
  10
25.367843535687076
  20
1.769822199644402
  10
25.37256794513589
  20
1.7530073660147352
  10
25.378130556261116
  20
1.7364719329438643
  10
25.38450596901194
  20
1.7202159004318034
  10
25.391694183388367
  20
1.7043154686309379
  10
25.3996443992888
  20
1.688796037592077
  10
25.408382016764037
  20
1.6736830073660158
  10
25.417830835661675
  20
1.6590017780035566
  10
25.428041656083316
  20
1.644853949707901
  10
25.438912877825757
  20
1.6311887223774448
  10
25.450469900939805
  20
1.6181076962153895
  10
25.46263652527305
  20
1.6056108712217423
  10
25.475438150876304
  20
1.5937490474980933
  10
25.488798577597155
  20
1.5825222250444497
  10
25.502717805435612
  20
1.571981203962416
  10
25.51714503429007
  20
1.5621513843027728
  10
25.532029464058933
  20
1.5530581661163367
  10
25.54734569469139
  20
1.5447269494539029
  10
25.563068326136655
  20
1.537132334264669
  10
25.57917195834392
  20
1.530375920751844
  10
25.59555499110998
  20
1.5244069088138161
  10
25.61224282448565
  20
1.519250698501402
  10
25.629159258318516
  20
1.5149326898653825
  10
25.646253492506986
  20
1.511478282956567
  10
25.663525527051057
  20
1.5088874777749623
  10
25.680873761747527
  20
1.5071602743205545
  10
25.698298196596394
  20
1.5062712725425484
  10
25.715773431546864
  20
1.5062712725425484
  10
25.733197866395734
  20
1.5071602743205545
  10
25.750546101092205
  20
1.5088874777749623
  10
25.767818135636272
  20
1.511478282956567
  10
25.78491236982474
  20
1.5149326898653825
  10
25.801828803657607
  20
1.519250698501402
  10
25.818516637033277
  20
1.5244069088138161
  10
25.83489966979934
  20
1.530375920751844
  10
25.851003302006607
  20
1.537132334264669
  10
25.866725933451868
  20
1.5447269494539029
  10
25.88204216408433
  20
1.5530581661163367
  10
25.89692659385319
  20
1.5621513843027728
  10
25.911353822707646
  20
1.571981203962416
  10
25.925273050546103
  20
1.5825222250444497
  10
25.938633477266958
  20
1.5937490474980933
  10
25.951435102870207
  20
1.6056108712217423
  10
25.963601727203454
  20
1.6181076962153895
  10
25.9751587503175
  20
1.6311887223774448
  10
25.986029972059946
  20
1.644853949707901
  10
25.996240792481586
  20
1.6590017780035566
  10
26.005689611379225
  20
1.6736830073660158
  10
26.01442722885446
  20
1.688796037592077
  10
26.02237744475489
  20
1.7043154686309379
  10
26.029565659131322
  20
1.7202159004318034
  10
26.035941071882146
  20
1.7364719329438643
  10
26.041503683007367
  20
1.7530073660147352
  10
26.046228092456186
  20
1.769822199644402
  10
26.050114300228604
  20
1.786840233680472
  10
26.053136906273814
  20
1.8040106680213412
  10
26.055321310642622
  20
1.8213335026670094
  10
26.056616713233428
  20
1.8387325374650771
  10
26.05704851409703
  20
1.8561823723647493
  10
26.05704851409703
  20
2.356182372364742
  10
26.056616713233428
  20
2.3736322072644143
  10
26.055321310642622
  20
2.391031242062482
  10
26.053136906273814
  20
2.4083540767081573
  10
26.050114300228604
  20
2.4255245110490264
  10
26.046228092456186
  20
2.4425425450850895
  10
26.041503683007367
  20
2.4593573787147562
  10
26.035941071882146
  20
2.475892811785627
  10
26.029565659131322
  20
2.492148844297688
  10
26.02237744475489
  20
2.5080492760985535
  10
26.01442722885446
  20
2.5235687071374215
  10
26.005689611379225
  20
2.5386817373634756
  10
25.996240792481586
  20
2.5533629667259348
  10
25.986029972059946
  20
2.5675107950215974
  10
25.9751587503175
  20
2.5811760223520466
  10
25.963601727203454
  20
2.594257048514102
  10
25.951435102870207
  20
2.606753873507749
  10
25.938633477266958
  20
2.618615697231398
  10
25.925273050546103
  20
2.6298425196850417
  10
25.911353822707646
  20
2.6403835407670897
  10
25.89692659385319
  20
2.6502133604267186
  10
25.88204216408433
  20
2.6593065786131618
  10
25.866725933451868
  20
2.6676377952755885
  10
25.851003302006607
  20
2.6752324104648224
  10
25.83489966979934
  20
2.6819888239776475
  10
25.818516637033277
  20
2.6879578359156753
  10
25.801828803657607
  20
2.6931140462280965
  10
25.78491236982474
  20
2.697432054864109
  10
25.767818135636272
  20
2.7008864617729245
  10
25.750546101092205
  20
2.703477266954536
  10
25.733197866395734
  20
2.705204470408944
  10
25.715773431546864
  20
2.706093472186943
  97
1
  330
1810
  75
0
  76
1
  47
0.4128176842155181
  98
1
  10
34.90568961886538
  20
22.81183545379326
  450
0
  451
0
  460
0
  461
0
  452
1
  462
1
  453
2
  463
0
  63
5
  421
255
  463
1
  63
7
  421
16777215
  470
LINEAR
  1001
ACAD
  1010
0
  1020
0
  1030
0
  0
LWPOLYLINE
  5
1810
  100
AcDbEntity
  8
Top-Paste-Mask-Layer
  100
AcDbPolyline
  90
128
  70
1
  43
0.005080010160020321
  10
25.698298196596394
  20
2.706093472186943
  10
25.680873761747527
  20
2.705204470408944
  10
25.663525527051057
  20
2.703477266954536
  10
25.646253492506986
  20
2.7008864617729245
  10
25.629159258318516
  20
2.697432054864109
  10
25.61224282448565
  20
2.6931140462280965
  10
25.59555499110998
  20
2.6879578359156753
  10
25.57917195834392
  20
2.6819888239776475
  10
25.563068326136655
  20
2.6752324104648224
  10
25.54734569469139
  20
2.6676377952755885
  10
25.532029464058933
  20
2.6593065786131618
  10
25.51714503429007
  20
2.6502133604267186
  10
25.502717805435612
  20
2.6403835407670897
  10
25.488798577597155
  20
2.6298425196850417
  10
25.475438150876304
  20
2.618615697231398
  10
25.46263652527305
  20
2.606753873507749
  10
25.450469900939805
  20
2.594257048514102
  10
25.438912877825757
  20
2.5811760223520466
  10
25.428041656083316
  20
2.5675107950215974
  10
25.417830835661675
  20
2.5533629667259348
  10
25.408382016764037
  20
2.5386817373634756
  10
25.3996443992888
  20
2.5235687071374215
  10
25.391694183388367
  20
2.5080492760985535
  10
25.38450596901194
  20
2.492148844297688
  10
25.378130556261116
  20
2.475892811785627
  10
25.37256794513589
  20
2.4593573787147562
  10
25.367843535687076
  20
2.4425425450850895
  10
25.363957327914658
  20
2.4255245110490264
  10
25.360934721869445
  20
2.4083540767081573
  10
25.358750317500636
  20
2.391031242062482
  10
25.35745491490983
  20
2.3736322072644143
  10
25.35702311404623
  20
2.356182372364742
  10
25.35702311404623
  20
1.8561823723647493
  10
25.35745491490983
  20
1.8387325374650771
  10
25.358750317500636
  20
1.8213335026670094
  10
25.360934721869445
  20
1.8040106680213412
  10
25.363957327914658
  20
1.786840233680472
  10
25.367843535687076
  20
1.769822199644402
  10
25.37256794513589
  20
1.7530073660147352
  10
25.378130556261116
  20
1.7364719329438643
  10
25.38450596901194
  20
1.7202159004318034
  10
25.391694183388367
  20
1.7043154686309379
  10
25.3996443992888
  20
1.688796037592077
  10
25.408382016764037
  20
1.6736830073660158
  10
25.417830835661675
  20
1.6590017780035566
  10
25.428041656083316
  20
1.644853949707901
  10
25.438912877825757
  20
1.6311887223774448
  10
25.450469900939805
  20
1.6181076962153895
  10
25.46263652527305
  20
1.6056108712217423
  10
25.475438150876304
  20
1.5937490474980933
  10
25.488798577597155
  20
1.5825222250444497
  10
25.502717805435612
  20
1.571981203962416
  10
25.51714503429007
  20
1.5621513843027728
  10
25.532029464058933
  20
1.5530581661163367
  10
25.54734569469139
  20
1.5447269494539029
  10
25.563068326136655
  20
1.537132334264669
  10
25.57917195834392
  20
1.530375920751844
  10
25.59555499110998
  20
1.5244069088138161
  10
25.61224282448565
  20
1.519250698501402
  10
25.629159258318516
  20
1.5149326898653825
  10
25.646253492506986
  20
1.511478282956567
  10
25.663525527051057
  20
1.5088874777749623
  10
25.680873761747527
  20
1.5071602743205545
  10
25.698298196596394
  20
1.5062712725425484
  10
25.715773431546864
  20
1.5062712725425484
  10
25.733197866395734
  20
1.5071602743205545
  10
25.750546101092205
  20
1.5088874777749623
  10
25.767818135636272
  20
1.511478282956567
  10
25.78491236982474
  20
1.5149326898653825
  10
25.801828803657607
  20
1.519250698501402
  10
25.818516637033277
  20
1.5244069088138161
  10
25.83489966979934
  20
1.530375920751844
  10
25.851003302006607
  20
1.537132334264669
  10
25.866725933451868
  20
1.5447269494539029
  10
25.88204216408433
  20
1.5530581661163367
  10
25.89692659385319
  20
1.5621513843027728
  10
25.911353822707646
  20
1.571981203962416
  10
25.925273050546103
  20
1.5825222250444497
  10
25.938633477266958
  20
1.5937490474980933
  10
25.951435102870207
  20
1.6056108712217423
  10
25.963601727203454
  20
1.6181076962153895
  10
25.9751587503175
  20
1.6311887223774448
  10
25.986029972059946
  20
1.644853949707901
  10
25.996240792481586
  20
1.6590017780035566
  10
26.005689611379225
  20
1.6736830073660158
  10
26.01442722885446
  20
1.688796037592077
  10
26.02237744475489
  20
1.7043154686309379
  10
26.029565659131322
  20
1.7202159004318034
  10
26.035941071882146
  20
1.7364719329438643
  10
26.041503683007367
  20
1.7530073660147352
  10
26.046228092456186
  20
1.769822199644402
  10
26.050114300228604
  20
1.786840233680472
  10
26.053136906273814
  20
1.8040106680213412
  10
26.055321310642622
  20
1.8213335026670094
  10
26.056616713233428
  20
1.8387325374650771
  10
26.05704851409703
  20
1.8561823723647493
  10
26.05704851409703
  20
2.356182372364742
  10
26.056616713233428
  20
2.3736322072644143
  10
26.055321310642622
  20
2.391031242062482
  10
26.053136906273814
  20
2.4083540767081573
  10
26.050114300228604
  20
2.4255245110490264
  10
26.046228092456186
  20
2.4425425450850895
  10
26.041503683007367
  20
2.4593573787147562
  10
26.035941071882146
  20
2.475892811785627
  10
26.029565659131322
  20
2.492148844297688
  10
26.02237744475489
  20
2.5080492760985535
  10
26.01442722885446
  20
2.5235687071374215
  10
26.005689611379225
  20
2.5386817373634756
  10
25.996240792481586
  20
2.5533629667259348
  10
25.986029972059946
  20
2.5675107950215974
  10
25.9751587503175
  20
2.5811760223520466
  10
25.963601727203454
  20
2.594257048514102
  10
25.951435102870207
  20
2.606753873507749
  10
25.938633477266958
  20
2.618615697231398
  10
25.925273050546103
  20
2.6298425196850417
  10
25.911353822707646
  20
2.6403835407670897
  10
25.89692659385319
  20
2.6502133604267186
  10
25.88204216408433
  20
2.6593065786131618
  10
25.866725933451868
  20
2.6676377952755885
  10
25.851003302006607
  20
2.6752324104648224
  10
25.83489966979934
  20
2.6819888239776475
  10
25.818516637033277
  20
2.6879578359156753
  10
25.801828803657607
  20
2.6931140462280965
  10
25.78491236982474
  20
2.697432054864109
  10
25.767818135636272
  20
2.7008864617729245
  10
25.750546101092205
  20
2.703477266954536
  10
25.733197866395734
  20
2.705204470408944
  10
25.715773431546864
  20
2.706093472186943
  0
HATCH
  5
1813
  100
AcDbEntity
  8
Top-Paste-Mask-Layer
  100
AcDbHatch
  10
0
  20
0
  30
0
  210
0
  220
0
  230
1
  2
SOLID
  70
1
  71
0
  91
1
  92
7
  72
0
  73
1
  93
4
  10
26.082042164084328
  20
0.406118872237748
  10
26.082042164084328
  20
1.3061442722885488
  10
24.78204216408433
  20
1.3061442722885488
  10
24.78204216408433
  20
0.406118872237748
  97
1
  330
1812
  75
0
  76
1
  47
0.4128176842155181
  98
1
  10
34.90568961886538
  20
22.81183545379326
  450
0
  451
0
  460
0
  461
0
  452
1
  462
1
  453
2
  463
0
  63
5
  421
255
  463
1
  63
7
  421
16777215
  470
LINEAR
  1001
ACAD
  1010
0
  1020
0
  1030
0
  0
LWPOLYLINE
  5
1812
  100
AcDbEntity
  8
Top-Paste-Mask-Layer
  100
AcDbPolyline
  90
4
  70
1
  43
0.005080010160020321
  10
26.082042164084328
  20
0.406118872237748
  10
26.082042164084328
  20
1.3061442722885488
  10
24.78204216408433
  20
1.3061442722885488
  10
24.78204216408433
  20
0.406118872237748
  0
HATCH
  5
1815
  100
AcDbEntity
  8
Top-Paste-Mask-Layer
  100
AcDbHatch
  10
0
  20
0
  30
0
  210
0
  220
0
  230
1
  2
SOLID
  70
1
  71
0
  91
1
  92
7
  72
0
  73
1
  93
4
  10
21.082042164084328
  20
1.3061442722885488
  10
21.082042164084328
  20
0.406118872237748
  10
22.38204216408433
  20
0.406118872237748
  10
22.38204216408433
  20
1.3061442722885488
  97
1
  330
1814
  75
0
  76
1
  47
0.4128176842155181
  98
1
  10
34.90568961886538
  20
22.81183545379326
  450
0
  451
0
  460
0
  461
0
  452
1
  462
1
  453
2
  463
0
  63
5
  421
255
  463
1
  63
7
  421
16777215
  470
LINEAR
  1001
ACAD
  1010
0
  1020
0
  1030
0
  0
LWPOLYLINE
  5
1814
  100
AcDbEntity
  8
Top-Paste-Mask-Layer
  100
AcDbPolyline
  90
4
  70
1
  43
0.005080010160020321
  10
21.082042164084328
  20
1.3061442722885488
  10
21.082042164084328
  20
0.406118872237748
  10
22.38204216408433
  20
0.406118872237748
  10
22.38204216408433
  20
1.3061442722885488
  0
HATCH
  5
1817
  100
AcDbEntity
  8
Top-Paste-Mask-Layer
  100
AcDbHatch
  10
0
  20
0
  30
0
  210
0
  220
0
  230
1
  2
SOLID
  70
1
  71
0
  91
1
  92
7
  72
0
  73
1
  93
12
  10
29.920040640081286
  20
0.3400152400304819
  10
30.720040640081283
  20
0.3400152400304819
  10
30.77005334010668
  20
0.39002794005588015
  10
30.77005334010668
  20
0.6179933959867938
  10
30.400050800101607
  20
0.6179933959867938
  10
30.400050800101607
  20
0.9479908559817218
  10
30.77005334010668
  20
0.9479908559817218
  10
30.77005334010669
  20
1.1900279400558844
  10
30.720040640081283
  20
1.2400152400304876
  10
29.920040640081286
  20
1.2400152400304876
  10
29.870053340106683
  20
1.1900279400558844
  10
29.870053340106683
  20
0.39002794005588015
  97
1
  330
1816
  75
0
  76
1
  47
0.4128176842155181
  98
1
  10
34.90568961886538
  20
22.81183545379326
  450
0
  451
0
  460
0
  461
0
  452
1
  462
1
  453
2
  463
0
  63
5
  421
255
  463
1
  63
7
  421
16777215
  470
LINEAR
  1001
ACAD
  1010
0
  1020
0
  1030
0
  0
LWPOLYLINE
  5
1816
  100
AcDbEntity
  8
Top-Paste-Mask-Layer
  100
AcDbPolyline
  90
12
  70
1
  43
0.005080010160020321
  10
29.920040640081286
  20
0.3400152400304819
  10
30.720040640081283
  20
0.3400152400304819
  10
30.77005334010668
  20
0.39002794005588015
  10
30.77005334010668
  20
0.6179933959867938
  10
30.400050800101607
  20
0.6179933959867938
  10
30.400050800101607
  20
0.9479908559817218
  10
30.77005334010668
  20
0.9479908559817218
  10
30.77005334010669
  20
1.1900279400558844
  10
30.720040640081283
  20
1.2400152400304876
  10
29.920040640081286
  20
1.2400152400304876
  10
29.870053340106683
  20
1.1900279400558844
  10
29.870053340106683
  20
0.39002794005588015
  0
HATCH
  5
1819
  100
AcDbEntity
  8
Top-Paste-Mask-Layer
  100
AcDbHatch
  10
0
  20
0
  30
0
  210
0
  220
0
  230
1
  2
SOLID
  70
1
  71
0
  91
1
  92
7
  72
0
  73
1
  93
12
  10
31.47005334010669
  20
0.39002794005588015
  10
31.47005334010669
  20
0.6179933959867938
  10
31.8500381000762
  20
0.6179933959867938
  10
31.8500381000762
  20
0.9479908559817147
  10
31.47005334010669
  20
0.9479908559817147
  10
31.47005334010669
  20
1.1900279400558844
  10
31.520040640081287
  20
1.2400152400304876
  10
32.310033020066044
  20
1.2400152400304876
  10
32.36004572009144
  20
1.1900279400558773
  10
32.36004572009144
  20
0.39002794005588015
  10
32.310033020066044
  20
0.3400152400304819
  10
31.520040640081287
  20
0.3400152400304819
  97
1
  330
1818
  75
0
  76
1
  47
0.4128176842155181
  98
1
  10
34.90568961886538
  20
22.81183545379326
  450
0
  451
0
  460
0
  461
0
  452
1
  462
1
  453
2
  463
0
  63
5
  421
255
  463
1
  63
7
  421
16777215
  470
LINEAR
  1001
ACAD
  1010
0
  1020
0
  1030
0
  0
LWPOLYLINE
  5
1818
  100
AcDbEntity
  8
Top-Paste-Mask-Layer
  100
AcDbPolyline
  90
12
  70
1
  43
0.005080010160020321
  10
31.47005334010669
  20
0.39002794005588015
  10
31.47005334010669
  20
0.6179933959867938
  10
31.8500381000762
  20
0.6179933959867938
  10
31.8500381000762
  20
0.9479908559817147
  10
31.47005334010669
  20
0.9479908559817147
  10
31.47005334010669
  20
1.1900279400558844
  10
31.520040640081287
  20
1.2400152400304876
  10
32.310033020066044
  20
1.2400152400304876
  10
32.36004572009144
  20
1.1900279400558773
  10
32.36004572009144
  20
0.39002794005588015
  10
32.310033020066044
  20
0.3400152400304819
  10
31.520040640081287
  20
0.3400152400304819
  0
HATCH
  5
1821
  100
AcDbEntity
  8
Top-Paste-Mask-Layer
  100
AcDbHatch
  10
0
  20
0
  30
0
  210
0
  220
0
  230
1
  2
SOLID
  70
1
  71
0
  91
1
  92
7
  72
0
  73
1
  93
12
  10
26.87203454406909
  20
0.3400152400304819
  10
27.672034544069092
  20
0.3400152400304819
  10
27.722047244094494
  20
0.39002794005588015
  10
27.722047244094494
  20
0.6179933959867938
  10
27.352044704089412
  20
0.6179933959867938
  10
27.352044704089412
  20
0.9479908559817218
  10
27.722047244094494
  20
0.9479908559817218
  10
27.722047244094494
  20
1.1900279400558844
  10
27.672034544069092
  20
1.2400152400304876
  10
26.87203454406909
  20
1.2400152400304876
  10
26.82204724409449
  20
1.1900279400558844
  10
26.82204724409449
  20
0.39002794005588015
  97
1
  330
1820
  75
0
  76
1
  47
0.4128176842155181
  98
1
  10
34.90568961886538
  20
22.81183545379326
  450
0
  451
0
  460
0
  461
0
  452
1
  462
1
  453
2
  463
0
  63
5
  421
255
  463
1
  63
7
  421
16777215
  470
LINEAR
  1001
ACAD
  1010
0
  1020
0
  1030
0
  0
LWPOLYLINE
  5
1820
  100
AcDbEntity
  8
Top-Paste-Mask-Layer
  100
AcDbPolyline
  90
12
  70
1
  43
0.005080010160020321
  10
26.87203454406909
  20
0.3400152400304819
  10
27.672034544069092
  20
0.3400152400304819
  10
27.722047244094494
  20
0.39002794005588015
  10
27.722047244094494
  20
0.6179933959867938
  10
27.352044704089412
  20
0.6179933959867938
  10
27.352044704089412
  20
0.9479908559817218
  10
27.722047244094494
  20
0.9479908559817218
  10
27.722047244094494
  20
1.1900279400558844
  10
27.672034544069092
  20
1.2400152400304876
  10
26.87203454406909
  20
1.2400152400304876
  10
26.82204724409449
  20
1.1900279400558844
  10
26.82204724409449
  20
0.39002794005588015
  0
HATCH
  5
1823
  100
AcDbEntity
  8
Top-Paste-Mask-Layer
  100
AcDbHatch
  10
0
  20
0
  30
0
  210
0
  220
0
  230
1
  2
SOLID
  70
1
  71
0
  91
1
  92
7
  72
0
  73
1
  93
12
  10
28.422047244094497
  20
0.39002794005588015
  10
28.422047244094497
  20
0.6179933959867938
  10
28.802032004064014
  20
0.6179933959867938
  10
28.802032004064014
  20
0.9479908559817147
  10
28.422047244094497
  20
0.9479908559817147
  10
28.422047244094497
  20
1.1900279400558844
  10
28.472034544069093
  20
1.2400152400304876
  10
29.262026924053853
  20
1.2400152400304876
  10
29.31203962407925
  20
1.1900279400558773
  10
29.31203962407925
  20
0.39002794005588015
  10
29.262026924053853
  20
0.3400152400304819
  10
28.472034544069093
  20
0.3400152400304819
  97
1
  330
1822
  75
0
  76
1
  47
0.4128176842155181
  98
1
  10
34.90568961886538
  20
22.81183545379326
  450
0
  451
0
  460
0
  461
0
  452
1
  462
1
  453
2
  463
0
  63
5
  421
255
  463
1
  63
7
  421
16777215
  470
LINEAR
  1001
ACAD
  1010
0
  1020
0
  1030
0
  0
LWPOLYLINE
  5
1822
  100
AcDbEntity
  8
Top-Paste-Mask-Layer
  100
AcDbPolyline
  90
12
  70
1
  43
0.005080010160020321
  10
28.422047244094497
  20
0.39002794005588015
  10
28.422047244094497
  20
0.6179933959867938
  10
28.802032004064014
  20
0.6179933959867938
  10
28.802032004064014
  20
0.9479908559817147
  10
28.422047244094497
  20
0.9479908559817147
  10
28.422047244094497
  20
1.1900279400558844
  10
28.472034544069093
  20
1.2400152400304876
  10
29.262026924053853
  20
1.2400152400304876
  10
29.31203962407925
  20
1.1900279400558773
  10
29.31203962407925
  20
0.39002794005588015
  10
29.262026924053853
  20
0.3400152400304819
  10
28.472034544069093
  20
0.3400152400304819
  0
HATCH
  5
1825
  100
AcDbEntity
  8
Top-Paste-Mask-Layer
  100
AcDbHatch
  10
0
  20
0
  30
0
  210
0
  220
0
  230
1
  2
SOLID
  70
1
  71
0
  91
1
  92
7
  72
0
  73
1
  93
12
  10
17.324053848107702
  20
29.434046228092463
  10
16.524053848107698
  20
29.434046228092463
  10
16.4740411480823
  20
29.384033528067064
  10
16.4740411480823
  20
29.15606807213615
  10
16.84404368808738
  20
29.15606807213615
  10
16.84404368808738
  20
28.82607061214123
  10
16.4740411480823
  20
28.82607061214123
  10
16.4740411480823
  20
28.58403352806706
  10
16.524053848107698
  20
28.534046228092464
  10
17.324053848107702
  20
28.534046228092464
  10
17.3740411480823
  20
28.58403352806706
  10
17.3740411480823
  20
29.384033528067064
  97
1
  330
1824
  75
0
  76
1
  47
0.4128176842155181
  98
1
  10
34.90568961886538
  20
22.81183545379326
  450
0
  451
0
  460
0
  461
0
  452
1
  462
1
  453
2
  463
0
  63
5
  421
255
  463
1
  63
7
  421
16777215
  470
LINEAR
  1001
ACAD
  1010
0
  1020
0
  1030
0
  0
LWPOLYLINE
  5
1824
  100
AcDbEntity
  8
Top-Paste-Mask-Layer
  100
AcDbPolyline
  90
12
  70
1
  43
0.005080010160020321
  10
17.324053848107702
  20
29.434046228092463
  10
16.524053848107698
  20
29.434046228092463
  10
16.4740411480823
  20
29.384033528067064
  10
16.4740411480823
  20
29.15606807213615
  10
16.84404368808738
  20
29.15606807213615
  10
16.84404368808738
  20
28.82607061214123
  10
16.4740411480823
  20
28.82607061214123
  10
16.4740411480823
  20
28.58403352806706
  10
16.524053848107698
  20
28.534046228092464
  10
17.324053848107702
  20
28.534046228092464
  10
17.3740411480823
  20
28.58403352806706
  10
17.3740411480823
  20
29.384033528067064
  0
HATCH
  5
1827
  100
AcDbEntity
  8
Top-Paste-Mask-Layer
  100
AcDbHatch
  10
0
  20
0
  30
0
  210
0
  220
0
  230
1
  2
SOLID
  70
1
  71
0
  91
1
  92
7
  72
0
  73
1
  93
12
  10
14.934010668021337
  20
28.534071628143263
  10
15.734010668021341
  20
28.534071628143263
  10
15.78402336804674
  20
28.584084328168665
  10
15.78402336804674
  20
28.812049784099575
  10
15.41402082804166
  20
28.812049784099575
  10
15.41402082804166
  20
29.142047244094492
  10
15.78402336804674
  20
29.142047244094492
  10
15.78402336804674
  20
29.38408432816866
  10
15.734010668021341
  20
29.434071628143265
  10
14.934010668021337
  20
29.434071628143265
  10
14.884023368046737
  20
29.38408432816866
  10
14.884023368046737
  20
28.584084328168665
  97
1
  330
1826
  75
0
  76
1
  47
0.4128176842155181
  98
1
  10
34.90568961886538
  20
22.81183545379326
  450
0
  451
0
  460
0
  461
0
  452
1
  462
1
  453
2
  463
0
  63
5
  421
255
  463
1
  63
7
  421
16777215
  470
LINEAR
  1001
ACAD
  1010
0
  1020
0
  1030
0
  0
LWPOLYLINE
  5
1826
  100
AcDbEntity
  8
Top-Paste-Mask-Layer
  100
AcDbPolyline
  90
12
  70
1
  43
0.005080010160020321
  10
14.934010668021337
  20
28.534071628143263
  10
15.734010668021341
  20
28.534071628143263
  10
15.78402336804674
  20
28.584084328168665
  10
15.78402336804674
  20
28.812049784099575
  10
15.41402082804166
  20
28.812049784099575
  10
15.41402082804166
  20
29.142047244094492
  10
15.78402336804674
  20
29.142047244094492
  10
15.78402336804674
  20
29.38408432816866
  10
15.734010668021341
  20
29.434071628143265
  10
14.934010668021337
  20
29.434071628143265
  10
14.884023368046737
  20
29.38408432816866
  10
14.884023368046737
  20
28.584084328168665
  0
HATCH
  5
1829
  100
AcDbEntity
  8
Top-Paste-Mask-Layer
  100
AcDbHatch
  10
0
  20
0
  30
0
  210
0
  220
0
  230
1
  2
SOLID
  70
1
  71
0
  91
1
  92
7
  72
0
  73
1
  93
12
  10
43.128067056134114
  20
4.531023622047243
  10
43.92806705613411
  20
4.531023622047243
  10
43.97807975615951
  20
4.581036322072649
  10
43.97807975615951
  20
4.809001778003562
  10
43.608077216154435
  20
4.809001778003562
  10
43.608077216154435
  20
5.138999237998483
  10
43.97807975615951
  20
5.138999237998483
  10
43.97807975615952
  20
5.381036322072653
  10
43.92806705613411
  20
5.431023622047249
  10
43.128067056134114
  20
5.431023622047249
  10
43.07807975615952
  20
5.381036322072653
  10
43.07807975615952
  20
4.581036322072649
  97
1
  330
1828
  75
0
  76
1
  47
0.4128176842155181
  98
1
  10
34.90568961886538
  20
22.81183545379326
  450
0
  451
0
  460
0
  461
0
  452
1
  462
1
  453
2
  463
0
  63
5
  421
255
  463
1
  63
7
  421
16777215
  470
LINEAR
  1001
ACAD
  1010
0
  1020
0
  1030
0
  0
LWPOLYLINE
  5
1828
  100
AcDbEntity
  8
Top-Paste-Mask-Layer
  100
AcDbPolyline
  90
12
  70
1
  43
0.005080010160020321
  10
43.128067056134114
  20
4.531023622047243
  10
43.92806705613411
  20
4.531023622047243
  10
43.97807975615951
  20
4.581036322072649
  10
43.97807975615951
  20
4.809001778003562
  10
43.608077216154435
  20
4.809001778003562
  10
43.608077216154435
  20
5.138999237998483
  10
43.97807975615951
  20
5.138999237998483
  10
43.97807975615952
  20
5.381036322072653
  10
43.92806705613411
  20
5.431023622047249
  10
43.128067056134114
  20
5.431023622047249
  10
43.07807975615952
  20
5.381036322072653
  10
43.07807975615952
  20
4.581036322072649
  0
HATCH
  5
1831
  100
AcDbEntity
  8
Top-Paste-Mask-Layer
  100
AcDbHatch
  10
0
  20
0
  30
0
  210
0
  220
0
  230
1
  2
SOLID
  70
1
  71
0
  91
1
  92
7
  72
0
  73
1
  93
12
  10
44.67807975615952
  20
4.581036322072649
  10
44.67807975615952
  20
4.809001778003562
  10
45.058064516129036
  20
4.809001778003562
  10
45.058064516129036
  20
5.138999237998476
  10
44.67807975615952
  20
5.138999237998476
  10
44.67807975615952
  20
5.381036322072653
  10
44.728067056134115
  20
5.431023622047249
  10
45.518059436118875
  20
5.431023622047249
  10
45.56807213614427
  20
5.381036322072646
  10
45.56807213614427
  20
4.581036322072649
  10
45.518059436118875
  20
4.531023622047243
  10
44.728067056134115
  20
4.531023622047243
  97
1
  330
1830
  75
0
  76
1
  47
0.4128176842155181
  98
1
  10
34.90568961886538
  20
22.81183545379326
  450
0
  451
0
  460
0
  461
0
  452
1
  462
1
  453
2
  463
0
  63
5
  421
255
  463
1
  63
7
  421
16777215
  470
LINEAR
  1001
ACAD
  1010
0
  1020
0
  1030
0
  0
LWPOLYLINE
  5
1830
  100
AcDbEntity
  8
Top-Paste-Mask-Layer
  100
AcDbPolyline
  90
12
  70
1
  43
0.005080010160020321
  10
44.67807975615952
  20
4.581036322072649
  10
44.67807975615952
  20
4.809001778003562
  10
45.058064516129036
  20
4.809001778003562
  10
45.058064516129036
  20
5.138999237998476
  10
44.67807975615952
  20
5.138999237998476
  10
44.67807975615952
  20
5.381036322072653
  10
44.728067056134115
  20
5.431023622047249
  10
45.518059436118875
  20
5.431023622047249
  10
45.56807213614427
  20
5.381036322072646
  10
45.56807213614427
  20
4.581036322072649
  10
45.518059436118875
  20
4.531023622047243
  10
44.728067056134115
  20
4.531023622047243
  0
HATCH
  5
1833
  100
AcDbEntity
  8
Top-Paste-Mask-Layer
  100
AcDbHatch
  10
0
  20
0
  30
0
  210
0
  220
0
  230
1
  2
SOLID
  70
1
  71
0
  91
1
  92
7
  72
0
  73
1
  93
12
  10
28.5230378460757
  20
11.89703835407671
  10
29.323037846075696
  20
11.89703835407671
  10
29.373050546101094
  20
11.947051054102115
  10
29.373050546101094
  20
12.175016510033025
  10
29.00304800609602
  20
12.175016510033025
  10
29.00304800609602
  20
12.505013970027946
  10
29.373050546101094
  20
12.505013970027946
  10
29.3730505461011
  20
12.747051054102112
  10
29.323037846075696
  20
12.797038354076712
  10
28.5230378460757
  20
12.797038354076712
  10
28.473050546101096
  20
12.747051054102112
  10
28.473050546101096
  20
11.947051054102115
  97
1
  330
1832
  75
0
  76
1
  47
0.4128176842155181
  98
1
  10
34.90568961886538
  20
22.81183545379326
  450
0
  451
0
  460
0
  461
0
  452
1
  462
1
  453
2
  463
0
  63
5
  421
255
  463
1
  63
7
  421
16777215
  470
LINEAR
  1001
ACAD
  1010
0
  1020
0
  1030
0
  0
LWPOLYLINE
  5
1832
  100
AcDbEntity
  8
Top-Paste-Mask-Layer
  100
AcDbPolyline
  90
12
  70
1
  43
0.005080010160020321
  10
28.5230378460757
  20
11.89703835407671
  10
29.323037846075696
  20
11.89703835407671
  10
29.373050546101094
  20
11.947051054102115
  10
29.373050546101094
  20
12.175016510033025
  10
29.00304800609602
  20
12.175016510033025
  10
29.00304800609602
  20
12.505013970027946
  10
29.373050546101094
  20
12.505013970027946
  10
29.3730505461011
  20
12.747051054102112
  10
29.323037846075696
  20
12.797038354076712
  10
28.5230378460757
  20
12.797038354076712
  10
28.473050546101096
  20
12.747051054102112
  10
28.473050546101096
  20
11.947051054102115
  0
HATCH
  5
1835
  100
AcDbEntity
  8
Top-Paste-Mask-Layer
  100
AcDbHatch
  10
0
  20
0
  30
0
  210
0
  220
0
  230
1
  2
SOLID
  70
1
  71
0
  91
1
  92
7
  72
0
  73
1
  93
12
  10
30.073050546101097
  20
11.947051054102111
  10
30.073050546101097
  20
12.175016510033025
  10
30.453035306070614
  20
12.175016510033025
  10
30.453035306070614
  20
12.505013970027946
  10
30.073050546101097
  20
12.505013970027946
  10
30.073050546101097
  20
12.747051054102112
  10
30.1230378460757
  20
12.797038354076712
  10
30.91303022606046
  20
12.797038354076712
  10
30.96304292608586
  20
12.747051054102112
  10
30.96304292608586
  20
11.947051054102111
  10
30.91303022606046
  20
11.89703835407671
  10
30.1230378460757
  20
11.89703835407671
  97
1
  330
1834
  75
0
  76
1
  47
0.4128176842155181
  98
1
  10
34.90568961886538
  20
22.81183545379326
  450
0
  451
0
  460
0
  461
0
  452
1
  462
1
  453
2
  463
0
  63
5
  421
255
  463
1
  63
7
  421
16777215
  470
LINEAR
  1001
ACAD
  1010
0
  1020
0
  1030
0
  0
LWPOLYLINE
  5
1834
  100
AcDbEntity
  8
Top-Paste-Mask-Layer
  100
AcDbPolyline
  90
12
  70
1
  43
0.005080010160020321
  10
30.073050546101097
  20
11.947051054102111
  10
30.073050546101097
  20
12.175016510033025
  10
30.453035306070614
  20
12.175016510033025
  10
30.453035306070614
  20
12.505013970027946
  10
30.073050546101097
  20
12.505013970027946
  10
30.073050546101097
  20
12.747051054102112
  10
30.1230378460757
  20
12.797038354076712
  10
30.91303022606046
  20
12.797038354076712
  10
30.96304292608586
  20
12.747051054102112
  10
30.96304292608586
  20
11.947051054102111
  10
30.91303022606046
  20
11.89703835407671
  10
30.1230378460757
  20
11.89703835407671
  0
HATCH
  5
1837
  100
AcDbEntity
  8
Top-Paste-Mask-Layer
  100
AcDbHatch
  10
0
  20
0
  30
0
  210
0
  220
0
  230
1
  2
SOLID
  70
1
  71
0
  91
1
  92
7
  72
0
  73
1
  93
12
  10
30.913081026162057
  20
11.527010414020832
  10
30.11308102616206
  20
11.527010414020832
  10
30.063068326136662
  20
11.476997713995434
  10
30.063068326136662
  20
11.24903225806452
  10
30.433070866141737
  20
11.24903225806452
  10
30.433070866141737
  20
10.9190347980696
  10
30.063068326136662
  20
10.9190347980696
  10
30.063068326136662
  20
10.676997713995434
  10
30.11308102616206
  20
10.627010414020834
  10
30.913081026162057
  20
10.627010414020834
  10
30.96306832613666
  20
10.676997713995434
  10
30.96306832613666
  20
11.476997713995434
  97
1
  330
1836
  75
0
  76
1
  47
0.4128176842155181
  98
1
  10
34.90568961886538
  20
22.81183545379326
  450
0
  451
0
  460
0
  461
0
  452
1
  462
1
  453
2
  463
0
  63
5
  421
255
  463
1
  63
7
  421
16777215
  470
LINEAR
  1001
ACAD
  1010
0
  1020
0
  1030
0
  0
LWPOLYLINE
  5
1836
  100
AcDbEntity
  8
Top-Paste-Mask-Layer
  100
AcDbPolyline
  90
12
  70
1
  43
0.005080010160020321
  10
30.913081026162057
  20
11.527010414020832
  10
30.11308102616206
  20
11.527010414020832
  10
30.063068326136662
  20
11.476997713995434
  10
30.063068326136662
  20
11.24903225806452
  10
30.433070866141737
  20
11.24903225806452
  10
30.433070866141737
  20
10.9190347980696
  10
30.063068326136662
  20
10.9190347980696
  10
30.063068326136662
  20
10.676997713995434
  10
30.11308102616206
  20
10.627010414020834
  10
30.913081026162057
  20
10.627010414020834
  10
30.96306832613666
  20
10.676997713995434
  10
30.96306832613666
  20
11.476997713995434
  0
HATCH
  5
1839
  100
AcDbEntity
  8
Top-Paste-Mask-Layer
  100
AcDbHatch
  10
0
  20
0
  30
0
  210
0
  220
0
  230
1
  2
SOLID
  70
1
  71
0
  91
1
  92
7
  72
0
  73
1
  93
12
  10
29.363068326136652
  20
11.476997713995434
  10
29.363068326136652
  20
11.24903225806452
  10
28.983083566167142
  20
11.24903225806452
  10
28.983083566167142
  20
10.9190347980696
  10
29.363068326136652
  20
10.9190347980696
  10
29.363068326136652
  20
10.676997713995434
  10
29.313081026162056
  20
10.627010414020834
  10
28.523088646177296
  20
10.627010414020834
  10
28.473075946151898
  20
10.676997713995434
  10
28.473075946151898
  20
11.476997713995434
  10
28.523088646177296
  20
11.527010414020832
  10
29.313081026162056
  20
11.527010414020832
  97
1
  330
1838
  75
0
  76
1
  47
0.4128176842155181
  98
1
  10
34.90568961886538
  20
22.81183545379326
  450
0
  451
0
  460
0
  461
0
  452
1
  462
1
  453
2
  463
0
  63
5
  421
255
  463
1
  63
7
  421
16777215
  470
LINEAR
  1001
ACAD
  1010
0
  1020
0
  1030
0
  0
LWPOLYLINE
  5
1838
  100
AcDbEntity
  8
Top-Paste-Mask-Layer
  100
AcDbPolyline
  90
12
  70
1
  43
0.005080010160020321
  10
29.363068326136652
  20
11.476997713995434
  10
29.363068326136652
  20
11.24903225806452
  10
28.983083566167142
  20
11.24903225806452
  10
28.983083566167142
  20
10.9190347980696
  10
29.363068326136652
  20
10.9190347980696
  10
29.363068326136652
  20
10.676997713995434
  10
29.313081026162056
  20
10.627010414020834
  10
28.523088646177296
  20
10.627010414020834
  10
28.473075946151898
  20
10.676997713995434
  10
28.473075946151898
  20
11.476997713995434
  10
28.523088646177296
  20
11.527010414020832
  10
29.313081026162056
  20
11.527010414020832
  0
HATCH
  5
1841
  100
AcDbEntity
  8
Top-Paste-Mask-Layer
  100
AcDbHatch
  10
0
  20
0
  30
0
  210
0
  220
0
  230
1
  2
SOLID
  70
1
  71
0
  91
1
  92
7
  72
0
  73
1
  93
12
  10
29.412039624079252
  20
15.199044958089921
  10
30.21203962407925
  20
15.199044958089921
  10
30.262052324104648
  20
15.249057658115323
  10
30.262052324104648
  20
15.477023114046233
  10
29.892049784099573
  20
15.477023114046233
  10
29.892049784099573
  20
15.807020574041154
  10
30.262052324104648
  20
15.807020574041154
  10
30.262052324104655
  20
16.04905765811532
  10
30.21203962407925
  20
16.09904495808992
  10
29.412039624079252
  20
16.09904495808992
  10
29.36205232410465
  20
16.04905765811532
  10
29.36205232410465
  20
15.249057658115323
  97
1
  330
1840
  75
0
  76
1
  47
0.4128176842155181
  98
1
  10
34.90568961886538
  20
22.81183545379326
  450
0
  451
0
  460
0
  461
0
  452
1
  462
1
  453
2
  463
0
  63
5
  421
255
  463
1
  63
7
  421
16777215
  470
LINEAR
  1001
ACAD
  1010
0
  1020
0
  1030
0
  0
LWPOLYLINE
  5
1840
  100
AcDbEntity
  8
Top-Paste-Mask-Layer
  100
AcDbPolyline
  90
12
  70
1
  43
0.005080010160020321
  10
29.412039624079252
  20
15.199044958089921
  10
30.21203962407925
  20
15.199044958089921
  10
30.262052324104648
  20
15.249057658115323
  10
30.262052324104648
  20
15.477023114046233
  10
29.892049784099573
  20
15.477023114046233
  10
29.892049784099573
  20
15.807020574041154
  10
30.262052324104648
  20
15.807020574041154
  10
30.262052324104655
  20
16.04905765811532
  10
30.21203962407925
  20
16.09904495808992
  10
29.412039624079252
  20
16.09904495808992
  10
29.36205232410465
  20
16.04905765811532
  10
29.36205232410465
  20
15.249057658115323
  0
HATCH
  5
1843
  100
AcDbEntity
  8
Top-Paste-Mask-Layer
  100
AcDbHatch
  10
0
  20
0
  30
0
  210
0
  220
0
  230
1
  2
SOLID
  70
1
  71
0
  91
1
  92
7
  72
0
  73
1
  93
12
  10
30.962052324104658
  20
15.24905765811532
  10
30.962052324104658
  20
15.477023114046233
  10
31.342037084074175
  20
15.477023114046233
  10
31.342037084074175
  20
15.807020574041154
  10
30.962052324104658
  20
15.807020574041154
  10
30.962052324104658
  20
16.04905765811532
  10
31.012039624079254
  20
16.09904495808992
  10
31.802032004064014
  20
16.09904495808992
  10
31.852044704089412
  20
16.04905765811532
  10
31.852044704089412
  20
15.24905765811532
  10
31.802032004064014
  20
15.199044958089921
  10
31.012039624079254
  20
15.199044958089921
  97
1
  330
1842
  75
0
  76
1
  47
0.4128176842155181
  98
1
  10
34.90568961886538
  20
22.81183545379326
  450
0
  451
0
  460
0
  461
0
  452
1
  462
1
  453
2
  463
0
  63
5
  421
255
  463
1
  63
7
  421
16777215
  470
LINEAR
  1001
ACAD
  1010
0
  1020
0
  1030
0
  0
LWPOLYLINE
  5
1842
  100
AcDbEntity
  8
Top-Paste-Mask-Layer
  100
AcDbPolyline
  90
12
  70
1
  43
0.005080010160020321
  10
30.962052324104658
  20
15.24905765811532
  10
30.962052324104658
  20
15.477023114046233
  10
31.342037084074175
  20
15.477023114046233
  10
31.342037084074175
  20
15.807020574041154
  10
30.962052324104658
  20
15.807020574041154
  10
30.962052324104658
  20
16.04905765811532
  10
31.012039624079254
  20
16.09904495808992
  10
31.802032004064014
  20
16.09904495808992
  10
31.852044704089412
  20
16.04905765811532
  10
31.852044704089412
  20
15.24905765811532
  10
31.802032004064014
  20
15.199044958089921
  10
31.012039624079254
  20
15.199044958089921
  0
HATCH
  5
1845
  100
AcDbEntity
  8
Top-Paste-Mask-Layer
  100
AcDbHatch
  10
0
  20
0
  30
0
  210
0
  220
0
  230
1
  2
SOLID
  70
1
  71
0
  91
1
  92
7
  72
0
  73
1
  93
12
  10
32.46004572009144
  20
15.199044958089921
  10
33.26004572009144
  20
15.199044958089921
  10
33.31005842011684
  20
15.249057658115323
  10
33.31005842011684
  20
15.477023114046233
  10
32.940055880111764
  20
15.477023114046233
  10
32.940055880111764
  20
15.807020574041154
  10
33.31005842011684
  20
15.807020574041154
  10
33.310058420116846
  20
16.04905765811532
  10
33.26004572009144
  20
16.09904495808992
  10
32.46004572009144
  20
16.09904495808992
  10
32.41005842011684
  20
16.04905765811532
  10
32.41005842011684
  20
15.249057658115323
  97
1
  330
1844
  75
0
  76
1
  47
0.4128176842155181
  98
1
  10
34.90568961886538
  20
22.81183545379326
  450
0
  451
0
  460
0
  461
0
  452
1
  462
1
  453
2
  463
0
  63
5
  421
255
  463
1
  63
7
  421
16777215
  470
LINEAR
  1001
ACAD
  1010
0
  1020
0
  1030
0
  0
LWPOLYLINE
  5
1844
  100
AcDbEntity
  8
Top-Paste-Mask-Layer
  100
AcDbPolyline
  90
12
  70
1
  43
0.005080010160020321
  10
32.46004572009144
  20
15.199044958089921
  10
33.26004572009144
  20
15.199044958089921
  10
33.31005842011684
  20
15.249057658115323
  10
33.31005842011684
  20
15.477023114046233
  10
32.940055880111764
  20
15.477023114046233
  10
32.940055880111764
  20
15.807020574041154
  10
33.31005842011684
  20
15.807020574041154
  10
33.310058420116846
  20
16.04905765811532
  10
33.26004572009144
  20
16.09904495808992
  10
32.46004572009144
  20
16.09904495808992
  10
32.41005842011684
  20
16.04905765811532
  10
32.41005842011684
  20
15.249057658115323
  0
HATCH
  5
1847
  100
AcDbEntity
  8
Top-Paste-Mask-Layer
  100
AcDbHatch
  10
0
  20
0
  30
0
  210
0
  220
0
  230
1
  2
SOLID
  70
1
  71
0
  91
1
  92
7
  72
0
  73
1
  93
12
  10
34.01005842011684
  20
15.24905765811532
  10
34.01005842011684
  20
15.477023114046233
  10
34.39004318008636
  20
15.477023114046233
  10
34.39004318008636
  20
15.807020574041154
  10
34.01005842011684
  20
15.807020574041154
  10
34.01005842011684
  20
16.04905765811532
  10
34.060045720091445
  20
16.09904495808992
  10
34.850038100076205
  20
16.09904495808992
  10
34.9000508001016
  20
16.04905765811532
  10
34.9000508001016
  20
15.24905765811532
  10
34.850038100076205
  20
15.199044958089921
  10
34.060045720091445
  20
15.199044958089921
  97
1
  330
1846
  75
0
  76
1
  47
0.4128176842155181
  98
1
  10
34.90568961886538
  20
22.81183545379326
  450
0
  451
0
  460
0
  461
0
  452
1
  462
1
  453
2
  463
0
  63
5
  421
255
  463
1
  63
7
  421
16777215
  470
LINEAR
  1001
ACAD
  1010
0
  1020
0
  1030
0
  0
LWPOLYLINE
  5
1846
  100
AcDbEntity
  8
Top-Paste-Mask-Layer
  100
AcDbPolyline
  90
12
  70
1
  43
0.005080010160020321
  10
34.01005842011684
  20
15.24905765811532
  10
34.01005842011684
  20
15.477023114046233
  10
34.39004318008636
  20
15.477023114046233
  10
34.39004318008636
  20
15.807020574041154
  10
34.01005842011684
  20
15.807020574041154
  10
34.01005842011684
  20
16.04905765811532
  10
34.060045720091445
  20
16.09904495808992
  10
34.850038100076205
  20
16.09904495808992
  10
34.9000508001016
  20
16.04905765811532
  10
34.9000508001016
  20
15.24905765811532
  10
34.850038100076205
  20
15.199044958089921
  10
34.060045720091445
  20
15.199044958089921
  0
HATCH
  5
1849
  100
AcDbEntity
  8
Top-Paste-Mask-Layer
  100
AcDbHatch
  10
0
  20
0
  30
0
  210
0
  220
0
  230
1
  2
SOLID
  70
1
  71
0
  91
1
  92
7
  72
0
  73
1
  93
12
  10
19.506019812039625
  20
10.500035560071122
  10
20.30601981203963
  20
10.500035560071122
  10
20.356032512065028
  20
10.550048260096528
  10
20.356032512065028
  20
10.778013716027438
  10
19.98602997205995
  20
10.778013716027438
  10
19.98602997205995
  20
11.108011176022355
  10
20.356032512065028
  20
11.108011176022355
  10
20.356032512065028
  20
11.350048260096525
  10
20.30601981203963
  20
11.400035560071125
  10
19.506019812039625
  20
11.400035560071125
  10
19.456032512065025
  20
11.350048260096525
  10
19.456032512065025
  20
10.550048260096528
  97
1
  330
1848
  75
0
  76
1
  47
0.4128176842155181
  98
1
  10
34.90568961886538
  20
22.81183545379326
  450
0
  451
0
  460
0
  461
0
  452
1
  462
1
  453
2
  463
0
  63
5
  421
255
  463
1
  63
7
  421
16777215
  470
LINEAR
  1001
ACAD
  1010
0
  1020
0
  1030
0
  0
LWPOLYLINE
  5
1848
  100
AcDbEntity
  8
Top-Paste-Mask-Layer
  100
AcDbPolyline
  90
12
  70
1
  43
0.005080010160020321
  10
19.506019812039625
  20
10.500035560071122
  10
20.30601981203963
  20
10.500035560071122
  10
20.356032512065028
  20
10.550048260096528
  10
20.356032512065028
  20
10.778013716027438
  10
19.98602997205995
  20
10.778013716027438
  10
19.98602997205995
  20
11.108011176022355
  10
20.356032512065028
  20
11.108011176022355
  10
20.356032512065028
  20
11.350048260096525
  10
20.30601981203963
  20
11.400035560071125
  10
19.506019812039625
  20
11.400035560071125
  10
19.456032512065025
  20
11.350048260096525
  10
19.456032512065025
  20
10.550048260096528
  0
HATCH
  5
1851
  100
AcDbEntity
  8
Top-Paste-Mask-Layer
  100
AcDbHatch
  10
0
  20
0
  30
0
  210
0
  220
0
  230
1
  2
SOLID
  70
1
  71
0
  91
1
  92
7
  72
0
  73
1
  93
12
  10
21.056032512065027
  20
10.550048260096524
  10
21.056032512065027
  20
10.778013716027438
  10
21.43601727203455
  20
10.778013716027438
  10
21.43601727203455
  20
11.108011176022355
  10
21.056032512065027
  20
11.108011176022355
  10
21.056032512065027
  20
11.350048260096525
  10
21.10601981203963
  20
11.400035560071125
  10
21.896012192024386
  20
11.400035560071125
  10
21.94602489204979
  20
11.350048260096525
  10
21.94602489204979
  20
10.550048260096524
  10
21.896012192024386
  20
10.500035560071122
  10
21.106019812039627
  20
10.500035560071122
  97
1
  330
1850
  75
0
  76
1
  47
0.4128176842155181
  98
1
  10
34.90568961886538
  20
22.81183545379326
  450
0
  451
0
  460
0
  461
0
  452
1
  462
1
  453
2
  463
0
  63
5
  421
255
  463
1
  63
7
  421
16777215
  470
LINEAR
  1001
ACAD
  1010
0
  1020
0
  1030
0
  0
LWPOLYLINE
  5
1850
  100
AcDbEntity
  8
Top-Paste-Mask-Layer
  100
AcDbPolyline
  90
12
  70
1
  43
0.005080010160020321
  10
21.056032512065027
  20
10.550048260096524
  10
21.056032512065027
  20
10.778013716027438
  10
21.43601727203455
  20
10.778013716027438
  10
21.43601727203455
  20
11.108011176022355
  10
21.056032512065027
  20
11.108011176022355
  10
21.056032512065027
  20
11.350048260096525
  10
21.10601981203963
  20
11.400035560071125
  10
21.896012192024386
  20
11.400035560071125
  10
21.94602489204979
  20
11.350048260096525
  10
21.94602489204979
  20
10.550048260096524
  10
21.896012192024386
  20
10.500035560071122
  10
21.106019812039627
  20
10.500035560071122
  0
HATCH
  5
1853
  100
AcDbEntity
  8
Top-Paste-Mask-Layer
  100
AcDbHatch
  10
0
  20
0
  30
0
  210
0
  220
0
  230
1
  2
SOLID
  70
1
  71
0
  91
1
  92
7
  72
0
  73
1
  93
25
  10
51.191313182626374
  20
3.0833477266954645
  10
51.191313182626374
  20
2.6826873253746584
  10
51.19154178308358
  20
2.6824587249174527
  10
51.64132588265177
  20
2.6824587249174527
  10
51.64147828295658
  20
2.6823063246126537
  10
51.64147828295658
  20
2.432319024638055
  10
51.641554483108976
  20
2.4322428244856553
  10
51.19225298450598
  20
2.4322428244856553
  10
51.19197358394718
  20
2.432522225044451
  10
51.19197358394718
  20
2.032903225806457
  10
51.192049784099574
  20
2.0328270256540577
  10
51.64117348234697
  20
2.0328270256540577
  10
51.64135128270257
  20
2.0326492252984565
  10
51.64135128270257
  20
1.7829921259842578
  10
51.641884683769376
  20
1.7824587249174613
  10
51.192075184150376
  20
1.7824587249174613
  10
51.19192278384558
  20
1.7823063246126551
  10
51.19192278384558
  20
1.3836779273558548
  10
51.19243078486158
  20
1.3831699263398605
  10
51.641122682245374
  20
1.3831699263398605
  10
51.641122682245374
  20
1.3918059436118924
  10
52.041300482600974
  20
1.3918059436118924
  10
52.04157988315978
  20
1.3915265430530894
  10
52.04157988315978
  20
3.091043942087886
  10
52.04168148336297
  20
3.0911455422910947
  97
1
  330
1852
  75
0
  76
1
  47
0.4128176842155181
  98
1
  10
34.90568961886538
  20
22.81183545379326
  450
0
  451
0
  460
0
  461
0
  452
1
  462
1
  453
2
  463
0
  63
5
  421
255
  463
1
  63
7
  421
16777215
  470
LINEAR
  1001
ACAD
  1010
0
  1020
0
  1030
0
  0
LWPOLYLINE
  5
1852
  100
AcDbEntity
  8
Top-Paste-Mask-Layer
  100
AcDbPolyline
  90
25
  70
1
  43
0.005080010160020321
  10
51.191313182626374
  20
3.0833477266954645
  10
51.191313182626374
  20
2.6826873253746584
  10
51.19154178308358
  20
2.6824587249174527
  10
51.64132588265177
  20
2.6824587249174527
  10
51.64147828295658
  20
2.6823063246126537
  10
51.64147828295658
  20
2.432319024638055
  10
51.641554483108976
  20
2.4322428244856553
  10
51.19225298450598
  20
2.4322428244856553
  10
51.19197358394718
  20
2.432522225044451
  10
51.19197358394718
  20
2.032903225806457
  10
51.192049784099574
  20
2.0328270256540577
  10
51.64117348234697
  20
2.0328270256540577
  10
51.64135128270257
  20
2.0326492252984565
  10
51.64135128270257
  20
1.7829921259842578
  10
51.641884683769376
  20
1.7824587249174613
  10
51.192075184150376
  20
1.7824587249174613
  10
51.19192278384558
  20
1.7823063246126551
  10
51.19192278384558
  20
1.3836779273558548
  10
51.19243078486158
  20
1.3831699263398605
  10
51.641122682245374
  20
1.3831699263398605
  10
51.641122682245374
  20
1.3918059436118924
  10
52.041300482600974
  20
1.3918059436118924
  10
52.04157988315978
  20
1.3915265430530894
  10
52.04157988315978
  20
3.091043942087886
  10
52.04168148336297
  20
3.0911455422910947
  0
HATCH
  5
1855
  100
AcDbEntity
  8
Top-Paste-Mask-Layer
  100
AcDbHatch
  10
0
  20
0
  30
0
  210
0
  220
0
  230
1
  2
SOLID
  70
1
  71
0
  91
1
  92
7
  72
0
  73
1
  93
22
  10
52.448412496825
  20
3.204886969773945
  10
54.44899669799341
  20
3.2060553721107468
  10
54.4490982981966
  20
3.0587350774701605
  10
54.864897129794265
  20
3.058557277114552
  10
54.866319532639075
  20
2.659217678435354
  10
54.448463296926604
  20
2.660055880111763
  10
54.4478282956566
  20
2.409636779273569
  10
54.86672593345188
  20
2.4092557785115503
  10
54.865836931673876
  20
2.009865379730755
  10
54.4482346964694
  20
2.009154178308364
  10
54.447955295910596
  20
1.7584556769113604
  10
54.86570993141987
  20
1.7582016764033526
  10
54.86537973075947
  20
1.3598780797561574
  10
54.447650495301005
  20
1.3603606807213708
  10
54.4482346964694
  20
1.270266700533405
  10
54.4472440944882
  20
1.1090271780543617
  10
54.867411734823484
  20
1.1084175768351514
  10
54.86532893065787
  20
0.7091287782575506
  10
54.44726949453899
  20
0.7065125730251509
  10
54.4484378968758
  20
0.6065633731267539
  10
52.44958089916181
  20
0.6031851663703378
  10
52.4486918973838
  20
3.0370180340360733
  97
1
  330
1854
  75
0
  76
1
  47
0.4128176842155181
  98
1
  10
34.90568961886538
  20
22.81183545379326
  450
0
  451
0
  460
0
  461
0
  452
1
  462
1
  453
2
  463
0
  63
5
  421
255
  463
1
  63
7
  421
16777215
  470
LINEAR
  1001
ACAD
  1010
0
  1020
0
  1030
0
  0
LWPOLYLINE
  5
1854
  100
AcDbEntity
  8
Top-Paste-Mask-Layer
  100
AcDbPolyline
  90
22
  70
1
  43
0.005080010160020321
  10
52.448412496825
  20
3.204886969773945
  10
54.44899669799341
  20
3.2060553721107468
  10
54.4490982981966
  20
3.0587350774701605
  10
54.864897129794265
  20
3.058557277114552
  10
54.866319532639075
  20
2.659217678435354
  10
54.448463296926604
  20
2.660055880111763
  10
54.4478282956566
  20
2.409636779273569
  10
54.86672593345188
  20
2.4092557785115503
  10
54.865836931673876
  20
2.009865379730755
  10
54.4482346964694
  20
2.009154178308364
  10
54.447955295910596
  20
1.7584556769113604
  10
54.86570993141987
  20
1.7582016764033526
  10
54.86537973075947
  20
1.3598780797561574
  10
54.447650495301005
  20
1.3603606807213708
  10
54.4482346964694
  20
1.270266700533405
  10
54.4472440944882
  20
1.1090271780543617
  10
54.867411734823484
  20
1.1084175768351514
  10
54.86532893065787
  20
0.7091287782575506
  10
54.44726949453899
  20
0.7065125730251509
  10
54.4484378968758
  20
0.6065633731267539
  10
52.44958089916181
  20
0.6031851663703378
  10
52.4486918973838
  20
3.0370180340360733
  0
HATCH
  5
1857
  100
AcDbEntity
  8
Top-Paste-Mask-Layer
  100
AcDbHatch
  10
0
  20
0
  30
0
  210
0
  220
0
  230
1
  2
SOLID
  70
1
  71
0
  91
1
  92
7
  72
0
  73
1
  93
7
  10
51.998577597155204
  20
1.1418694437388908
  10
51.1985775971552
  20
1.1418694437388908
  10
51.1984505969012
  20
1.141742443484894
  10
51.1984505969012
  20
0.7420980441960978
  10
51.198298196596404
  20
0.7419456438912917
  10
51.99880619761241
  20
0.7419456438912917
  10
51.998907797815605
  20
0.7418440436880971
  97
1
  330
1856
  75
0
  76
1
  47
0.4128176842155181
  98
1
  10
34.90568961886538
  20
22.81183545379326
  450
0
  451
0
  460
0
  461
0
  452
1
  462
1
  453
2
  463
0
  63
5
  421
255
  463
1
  63
7
  421
16777215
  470
LINEAR
  1001
ACAD
  1010
0
  1020
0
  1030
0
  0
LWPOLYLINE
  5
1856
  100
AcDbEntity
  8
Top-Paste-Mask-Layer
  100
AcDbPolyline
  90
7
  70
1
  43
0.005080010160020321
  10
51.998577597155204
  20
1.1418694437388908
  10
51.1985775971552
  20
1.1418694437388908
  10
51.1984505969012
  20
1.141742443484894
  10
51.1984505969012
  20
0.7420980441960978
  10
51.198298196596404
  20
0.7419456438912917
  10
51.99880619761241
  20
0.7419456438912917
  10
51.998907797815605
  20
0.7418440436880971
  0
HATCH
  5
1859
  100
AcDbEntity
  8
Top-Paste-Mask-Layer
  100
AcDbHatch
  10
0
  20
0
  30
0
  210
0
  220
0
  230
1
  2
SOLID
  70
1
  71
0
  91
1
  92
7
  72
0
  73
1
  93
25
  10
16.392684785369575
  20
24.97422910845822
  10
16.392684785369575
  20
25.374889509779024
  10
16.392456184912373
  20
25.375118110236226
  10
15.94267208534417
  20
25.375118110236226
  10
15.942519685039372
  20
25.37527051054103
  10
15.942519685039372
  20
25.625257810515627
  10
15.942443484886969
  20
25.625334010668027
  10
16.391744983489968
  20
25.625334010668027
  10
16.39202438404877
  20
25.625054610109224
  10
16.39202438404877
  20
26.024673609347225
  10
16.391948183896368
  20
26.024749809499625
  10
15.942824485648973
  20
26.024749809499625
  10
15.942646685293372
  20
26.024927609855226
  10
15.942646685293372
  20
26.274584709169424
  10
15.942113284226568
  20
26.275118110236228
  10
16.39192278384557
  20
26.275118110236228
  10
16.392075184150368
  20
26.275270510541027
  10
16.392075184150368
  20
26.67389890779782
  10
16.391567183134367
  20
26.674406908813822
  10
15.94287528575057
  20
26.674406908813822
  10
15.94287528575057
  20
26.66577089154179
  10
15.54269748539497
  20
26.66577089154179
  10
15.542418084836168
  20
26.66605029210059
  10
15.542418084836168
  20
24.966532893065793
  10
15.54231648463297
  20
24.96643129286259
  97
1
  330
1858
  75
0
  76
1
  47
0.4128176842155181
  98
1
  10
34.90568961886538
  20
22.81183545379326
  450
0
  451
0
  460
0
  461
0
  452
1
  462
1
  453
2
  463
0
  63
5
  421
255
  463
1
  63
7
  421
16777215
  470
LINEAR
  1001
ACAD
  1010
0
  1020
0
  1030
0
  0
LWPOLYLINE
  5
1858
  100
AcDbEntity
  8
Top-Paste-Mask-Layer
  100
AcDbPolyline
  90
25
  70
1
  43
0.005080010160020321
  10
16.392684785369575
  20
24.97422910845822
  10
16.392684785369575
  20
25.374889509779024
  10
16.392456184912373
  20
25.375118110236226
  10
15.94267208534417
  20
25.375118110236226
  10
15.942519685039372
  20
25.37527051054103
  10
15.942519685039372
  20
25.625257810515627
  10
15.942443484886969
  20
25.625334010668027
  10
16.391744983489968
  20
25.625334010668027
  10
16.39202438404877
  20
25.625054610109224
  10
16.39202438404877
  20
26.024673609347225
  10
16.391948183896368
  20
26.024749809499625
  10
15.942824485648973
  20
26.024749809499625
  10
15.942646685293372
  20
26.024927609855226
  10
15.942646685293372
  20
26.274584709169424
  10
15.942113284226568
  20
26.275118110236228
  10
16.39192278384557
  20
26.275118110236228
  10
16.392075184150368
  20
26.275270510541027
  10
16.392075184150368
  20
26.67389890779782
  10
16.391567183134367
  20
26.674406908813822
  10
15.94287528575057
  20
26.674406908813822
  10
15.94287528575057
  20
26.66577089154179
  10
15.54269748539497
  20
26.66577089154179
  10
15.542418084836168
  20
26.66605029210059
  10
15.542418084836168
  20
24.966532893065793
  10
15.54231648463297
  20
24.96643129286259
  0
HATCH
  5
1861
  100
AcDbEntity
  8
Top-Paste-Mask-Layer
  100
AcDbHatch
  10
0
  20
0
  30
0
  210
0
  220
0
  230
1
  2
SOLID
  70
1
  71
0
  91
1
  92
7
  72
0
  73
1
  93
22
  10
15.135585471170945
  20
24.852689865379734
  10
13.13500127000254
  20
24.851521463042932
  10
13.134899669799342
  20
24.99884175768352
  10
12.719100838201676
  20
24.99901955803912
  10
12.71767843535687
  20
25.39835915671832
  10
13.135534671069344
  20
25.397520955041916
  10
13.136169672339346
  20
25.647940055880117
  10
12.71727203454407
  20
25.648321056642118
  10
12.71816103632207
  20
26.047711455422917
  10
13.135763271526542
  20
26.048422656845318
  10
13.136042672085342
  20
26.299121158242322
  10
12.718288036576073
  20
26.299375158750323
  10
12.718618237236473
  20
26.697698755397518
  10
13.136347472694947
  20
26.697216154432315
  10
13.135763271526542
  20
26.787310134620277
  10
13.136753873507747
  20
26.94854965709932
  10
12.716586233172468
  20
26.949159258318524
  10
12.718669037338074
  20
27.34844805689612
  10
13.136728473456948
  20
27.35106426212853
  10
13.135560071120143
  20
27.45101346202693
  10
15.13441706883414
  20
27.454391668783344
  10
15.135306070612138
  20
25.02055880111761
  97
1
  330
1860
  75
0
  76
1
  47
0.4128176842155181
  98
1
  10
34.90568961886538
  20
22.81183545379326
  450
0
  451
0
  460
0
  461
0
  452
1
  462
1
  453
2
  463
0
  63
5
  421
255
  463
1
  63
7
  421
16777215
  470
LINEAR
  1001
ACAD
  1010
0
  1020
0
  1030
0
  0
LWPOLYLINE
  5
1860
  100
AcDbEntity
  8
Top-Paste-Mask-Layer
  100
AcDbPolyline
  90
22
  70
1
  43
0.005080010160020321
  10
15.135585471170945
  20
24.852689865379734
  10
13.13500127000254
  20
24.851521463042932
  10
13.134899669799342
  20
24.99884175768352
  10
12.719100838201676
  20
24.99901955803912
  10
12.71767843535687
  20
25.39835915671832
  10
13.135534671069344
  20
25.397520955041916
  10
13.136169672339346
  20
25.647940055880117
  10
12.71727203454407
  20
25.648321056642118
  10
12.71816103632207
  20
26.047711455422917
  10
13.135763271526542
  20
26.048422656845318
  10
13.136042672085342
  20
26.299121158242322
  10
12.718288036576073
  20
26.299375158750323
  10
12.718618237236473
  20
26.697698755397518
  10
13.136347472694947
  20
26.697216154432315
  10
13.135763271526542
  20
26.787310134620277
  10
13.136753873507747
  20
26.94854965709932
  10
12.716586233172468
  20
26.949159258318524
  10
12.718669037338074
  20
27.34844805689612
  10
13.136728473456948
  20
27.35106426212853
  10
13.135560071120143
  20
27.45101346202693
  10
15.13441706883414
  20
27.454391668783344
  10
15.135306070612138
  20
25.02055880111761
  0
HATCH
  5
1863
  100
AcDbEntity
  8
Top-Paste-Mask-Layer
  100
AcDbHatch
  10
0
  20
0
  30
0
  210
0
  220
0
  230
1
  2
SOLID
  70
1
  71
0
  91
1
  92
7
  72
0
  73
1
  93
7
  10
15.585420370840744
  20
26.915707391414788
  10
16.38542037084074
  20
26.915707391414788
  10
16.38554737109474
  20
26.91583439166879
  10
16.38554737109474
  20
27.315478790957588
  10
16.385699771399544
  20
27.315631191262387
  10
15.585191770383542
  20
27.315631191262387
  10
15.58509017018034
  20
27.31573279146559
  97
1
  330
1862
  75
0
  76
1
  47
0.4128176842155181
  98
1
  10
34.90568961886538
  20
22.81183545379326
  450
0
  451
0
  460
0
  461
0
  452
1
  462
1
  453
2
  463
0
  63
5
  421
255
  463
1
  63
7
  421
16777215
  470
LINEAR
  1001
ACAD
  1010
0
  1020
0
  1030
0
  0
LWPOLYLINE
  5
1862
  100
AcDbEntity
  8
Top-Paste-Mask-Layer
  100
AcDbPolyline
  90
7
  70
1
  43
0.005080010160020321
  10
15.585420370840744
  20
26.915707391414788
  10
16.38542037084074
  20
26.915707391414788
  10
16.38554737109474
  20
26.91583439166879
  10
16.38554737109474
  20
27.315478790957588
  10
16.385699771399544
  20
27.315631191262387
  10
15.585191770383542
  20
27.315631191262387
  10
15.58509017018034
  20
27.31573279146559
  0
HATCH
  5
1865
  100
AcDbEntity
  8
Top-Paste-Mask-Layer
  100
AcDbHatch
  10
0
  20
0
  30
0
  210
0
  220
0
  230
1
  2
SOLID
  70
1
  71
0
  91
1
  92
7
  72
0
  73
1
  93
12
  10
27.78323596647194
  20
16.136713233426477
  10
26.983235966471938
  20
16.136713233426477
  10
26.93322326644654
  20
16.086700533401075
  10
26.93322326644654
  20
15.858735077470161
  10
27.303225806451618
  20
15.858735077470161
  10
27.303225806451618
  20
15.528737617475244
  10
26.93322326644654
  20
15.528737617475244
  10
26.93322326644654
  20
15.286700533401074
  10
26.983235966471938
  20
15.236713233426475
  10
27.78323596647194
  20
15.236713233426475
  10
27.83322326644654
  20
15.286700533401074
  10
27.83322326644654
  20
16.086700533401075
  97
1
  330
1864
  75
0
  76
1
  47
0.4128176842155181
  98
1
  10
34.90568961886538
  20
22.81183545379326
  450
0
  451
0
  460
0
  461
0
  452
1
  462
1
  453
2
  463
0
  63
5
  421
255
  463
1
  63
7
  421
16777215
  470
LINEAR
  1001
ACAD
  1010
0
  1020
0
  1030
0
  0
LWPOLYLINE
  5
1864
  100
AcDbEntity
  8
Top-Paste-Mask-Layer
  100
AcDbPolyline
  90
12
  70
1
  43
0.005080010160020321
  10
27.78323596647194
  20
16.136713233426477
  10
26.983235966471938
  20
16.136713233426477
  10
26.93322326644654
  20
16.086700533401075
  10
26.93322326644654
  20
15.858735077470161
  10
27.303225806451618
  20
15.858735077470161
  10
27.303225806451618
  20
15.528737617475244
  10
26.93322326644654
  20
15.528737617475244
  10
26.93322326644654
  20
15.286700533401074
  10
26.983235966471938
  20
15.236713233426475
  10
27.78323596647194
  20
15.236713233426475
  10
27.83322326644654
  20
15.286700533401074
  10
27.83322326644654
  20
16.086700533401075
  0
HATCH
  5
1867
  100
AcDbEntity
  8
Top-Paste-Mask-Layer
  100
AcDbHatch
  10
0
  20
0
  30
0
  210
0
  220
0
  230
1
  2
SOLID
  70
1
  71
0
  91
1
  92
7
  72
0
  73
1
  93
12
  10
26.23322326644654
  20
16.086700533401075
  10
26.23322326644654
  20
15.858735077470161
  10
25.853238506477016
  20
15.858735077470161
  10
25.853238506477016
  20
15.528737617475244
  10
26.23322326644654
  20
15.528737617475244
  10
26.23322326644654
  20
15.286700533401074
  10
26.18323596647194
  20
15.236713233426475
  10
25.393243586487177
  20
15.236713233426475
  10
25.34323088646178
  20
15.286700533401074
  10
25.34323088646178
  20
16.086700533401075
  10
25.393243586487177
  20
16.136713233426477
  10
26.18323596647194
  20
16.136713233426477
  97
1
  330
1866
  75
0
  76
1
  47
0.4128176842155181
  98
1
  10
34.90568961886538
  20
22.81183545379326
  450
0
  451
0
  460
0
  461
0
  452
1
  462
1
  453
2
  463
0
  63
5
  421
255
  463
1
  63
7
  421
16777215
  470
LINEAR
  1001
ACAD
  1010
0
  1020
0
  1030
0
  0
LWPOLYLINE
  5
1866
  100
AcDbEntity
  8
Top-Paste-Mask-Layer
  100
AcDbPolyline
  90
12
  70
1
  43
0.005080010160020321
  10
26.23322326644654
  20
16.086700533401075
  10
26.23322326644654
  20
15.858735077470161
  10
25.853238506477016
  20
15.858735077470161
  10
25.853238506477016
  20
15.528737617475244
  10
26.23322326644654
  20
15.528737617475244
  10
26.23322326644654
  20
15.286700533401074
  10
26.18323596647194
  20
15.236713233426475
  10
25.393243586487177
  20
15.236713233426475
  10
25.34323088646178
  20
15.286700533401074
  10
25.34323088646178
  20
16.086700533401075
  10
25.393243586487177
  20
16.136713233426477
  10
26.18323596647194
  20
16.136713233426477
  0
HATCH
  5
1869
  100
AcDbEntity
  8
Top-Paste-Mask-Layer
  100
AcDbHatch
  10
0
  20
0
  30
0
  210
0
  220
0
  230
1
  2
SOLID
  70
1
  71
0
  91
1
  92
7
  72
0
  73
1
  93
12
  10
24.944069088138182
  20
11.400010160020326
  10
24.14406908813818
  20
11.400010160020326
  10
24.09405638811278
  20
11.349997459994928
  10
24.09405638811278
  20
11.12203200406401
  10
24.46405892811786
  20
11.12203200406401
  10
24.46405892811786
  20
10.792034544069093
  10
24.09405638811278
  20
10.792034544069093
  10
24.09405638811278
  20
10.549997459994923
  10
24.14406908813818
  20
10.500010160020324
  10
24.944069088138182
  20
10.500010160020324
  10
24.99405638811278
  20
10.549997459994923
  10
24.99405638811278
  20
11.349997459994928
  97
1
  330
1868
  75
0
  76
1
  47
0.4128176842155181
  98
1
  10
34.90568961886538
  20
22.81183545379326
  450
0
  451
0
  460
0
  461
0
  452
1
  462
1
  453
2
  463
0
  63
5
  421
255
  463
1
  63
7
  421
16777215
  470
LINEAR
  1001
ACAD
  1010
0
  1020
0
  1030
0
  0
LWPOLYLINE
  5
1868
  100
AcDbEntity
  8
Top-Paste-Mask-Layer
  100
AcDbPolyline
  90
12
  70
1
  43
0.005080010160020321
  10
24.944069088138182
  20
11.400010160020326
  10
24.14406908813818
  20
11.400010160020326
  10
24.09405638811278
  20
11.349997459994928
  10
24.09405638811278
  20
11.12203200406401
  10
24.46405892811786
  20
11.12203200406401
  10
24.46405892811786
  20
10.792034544069093
  10
24.09405638811278
  20
10.792034544069093
  10
24.09405638811278
  20
10.549997459994923
  10
24.14406908813818
  20
10.500010160020324
  10
24.944069088138182
  20
10.500010160020324
  10
24.99405638811278
  20
10.549997459994923
  10
24.99405638811278
  20
11.349997459994928
  0
HATCH
  5
1871
  100
AcDbEntity
  8
Top-Paste-Mask-Layer
  100
AcDbHatch
  10
0
  20
0
  30
0
  210
0
  220
0
  230
1
  2
SOLID
  70
1
  71
0
  91
1
  92
7
  72
0
  73
1
  93
12
  10
23.39405638811278
  20
11.349997459994928
  10
23.39405638811278
  20
11.12203200406401
  10
23.01407162814326
  20
11.12203200406401
  10
23.01407162814326
  20
10.792034544069093
  10
23.39405638811278
  20
10.792034544069093
  10
23.39405638811278
  20
10.549997459994923
  10
23.34406908813818
  20
10.500010160020324
  10
22.55407670815342
  20
10.500010160020324
  10
22.50406400812802
  20
10.549997459994923
  10
22.50406400812802
  20
11.349997459994928
  10
22.55407670815342
  20
11.400010160020326
  10
23.34406908813818
  20
11.400010160020326
  97
1
  330
1870
  75
0
  76
1
  47
0.4128176842155181
  98
1
  10
34.90568961886538
  20
22.81183545379326
  450
0
  451
0
  460
0
  461
0
  452
1
  462
1
  453
2
  463
0
  63
5
  421
255
  463
1
  63
7
  421
16777215
  470
LINEAR
  1001
ACAD
  1010
0
  1020
0
  1030
0
  0
LWPOLYLINE
  5
1870
  100
AcDbEntity
  8
Top-Paste-Mask-Layer
  100
AcDbPolyline
  90
12
  70
1
  43
0.005080010160020321
  10
23.39405638811278
  20
11.349997459994928
  10
23.39405638811278
  20
11.12203200406401
  10
23.01407162814326
  20
11.12203200406401
  10
23.01407162814326
  20
10.792034544069093
  10
23.39405638811278
  20
10.792034544069093
  10
23.39405638811278
  20
10.549997459994923
  10
23.34406908813818
  20
10.500010160020324
  10
22.55407670815342
  20
10.500010160020324
  10
22.50406400812802
  20
10.549997459994923
  10
22.50406400812802
  20
11.349997459994928
  10
22.55407670815342
  20
11.400010160020326
  10
23.34406908813818
  20
11.400010160020326
  0
HATCH
  5
1873
  100
AcDbEntity
  8
Top-Paste-Mask-Layer
  100
AcDbHatch
  10
0
  20
0
  30
0
  210
0
  220
0
  230
1
  2
SOLID
  70
1
  71
0
  91
1
  92
7
  72
0
  73
1
  93
12
  10
33.83408686817374
  20
5.5579984759969605
  10
33.034086868173745
  20
5.5579984759969605
  10
32.98407416814834
  20
5.507985775971555
  10
32.98407416814834
  20
5.2800203200406415
  10
33.354076708153414
  20
5.2800203200406415
  10
33.354076708153414
  20
4.950022860045721
  10
32.98407416814834
  20
4.950022860045721
  10
32.98407416814834
  20
4.707985775971551
  10
33.034086868173745
  20
4.657998475996955
  10
33.83408686817374
  20
4.657998475996955
  10
33.88407416814834
  20
4.707985775971551
  10
33.88407416814834
  20
5.507985775971555
  97
1
  330
1872
  75
0
  76
1
  47
0.4128176842155181
  98
1
  10
34.90568961886538
  20
22.81183545379326
  450
0
  451
0
  460
0
  461
0
  452
1
  462
1
  453
2
  463
0
  63
5
  421
255
  463
1
  63
7
  421
16777215
  470
LINEAR
  1001
ACAD
  1010
0
  1020
0
  1030
0
  0
LWPOLYLINE
  5
1872
  100
AcDbEntity
  8
Top-Paste-Mask-Layer
  100
AcDbPolyline
  90
12
  70
1
  43
0.005080010160020321
  10
33.83408686817374
  20
5.5579984759969605
  10
33.034086868173745
  20
5.5579984759969605
  10
32.98407416814834
  20
5.507985775971555
  10
32.98407416814834
  20
5.2800203200406415
  10
33.354076708153414
  20
5.2800203200406415
  10
33.354076708153414
  20
4.950022860045721
  10
32.98407416814834
  20
4.950022860045721
  10
32.98407416814834
  20
4.707985775971551
  10
33.034086868173745
  20
4.657998475996955
  10
33.83408686817374
  20
4.657998475996955
  10
33.88407416814834
  20
4.707985775971551
  10
33.88407416814834
  20
5.507985775971555
  0
HATCH
  5
1875
  100
AcDbEntity
  8
Top-Paste-Mask-Layer
  100
AcDbHatch
  10
0
  20
0
  30
0
  210
0
  220
0
  230
1
  2
SOLID
  70
1
  71
0
  91
1
  92
7
  72
0
  73
1
  93
12
  10
32.28407416814834
  20
5.507985775971555
  10
32.28407416814834
  20
5.2800203200406415
  10
31.904089408178823
  20
5.2800203200406415
  10
31.904089408178823
  20
4.950022860045721
  10
32.28407416814834
  20
4.950022860045721
  10
32.28407416814834
  20
4.707985775971551
  10
32.23408686817373
  20
4.657998475996955
  10
31.444094488188984
  20
4.657998475996955
  10
31.39408178816358
  20
4.707985775971551
  10
31.39408178816358
  20
5.507985775971555
  10
31.444094488188984
  20
5.5579984759969605
  10
32.23408686817373
  20
5.5579984759969605
  97
1
  330
1874
  75
0
  76
1
  47
0.4128176842155181
  98
1
  10
34.90568961886538
  20
22.81183545379326
  450
0
  451
0
  460
0
  461
0
  452
1
  462
1
  453
2
  463
0
  63
5
  421
255
  463
1
  63
7
  421
16777215
  470
LINEAR
  1001
ACAD
  1010
0
  1020
0
  1030
0
  0
LWPOLYLINE
  5
1874
  100
AcDbEntity
  8
Top-Paste-Mask-Layer
  100
AcDbPolyline
  90
12
  70
1
  43
0.005080010160020321
  10
32.28407416814834
  20
5.507985775971555
  10
32.28407416814834
  20
5.2800203200406415
  10
31.904089408178823
  20
5.2800203200406415
  10
31.904089408178823
  20
4.950022860045721
  10
32.28407416814834
  20
4.950022860045721
  10
32.28407416814834
  20
4.707985775971551
  10
32.23408686817373
  20
4.657998475996955
  10
31.444094488188984
  20
4.657998475996955
  10
31.39408178816358
  20
4.707985775971551
  10
31.39408178816358
  20
5.507985775971555
  10
31.444094488188984
  20
5.5579984759969605
  10
32.23408686817373
  20
5.5579984759969605
  0
HATCH
  5
1877
  100
AcDbEntity
  8
Top-Paste-Mask-Layer
  100
AcDbHatch
  10
0
  20
0
  30
0
  210
0
  220
0
  230
1
  2
SOLID
  70
1
  71
0
  91
1
  92
7
  72
0
  73
1
  93
12
  10
31.44404368808738
  20
6.182026924053851
  10
32.24404368808737
  20
6.182026924053851
  10
32.29405638811277
  20
6.232039624079249
  10
32.29405638811277
  20
6.460005080010163
  10
31.9240538481077
  20
6.460005080010163
  10
31.9240538481077
  20
6.790002540005091
  10
32.29405638811277
  20
6.790002540005091
  10
32.29405638811278
  20
7.032039624079253
  10
32.24404368808737
  20
7.0820269240538565
  10
31.44404368808738
  20
7.0820269240538565
  10
31.394056388112784
  20
7.032039624079253
  10
31.394056388112784
  20
6.232039624079249
  97
1
  330
1876
  75
0
  76
1
  47
0.4128176842155181
  98
1
  10
34.90568961886538
  20
22.81183545379326
  450
0
  451
0
  460
0
  461
0
  452
1
  462
1
  453
2
  463
0
  63
5
  421
255
  463
1
  63
7
  421
16777215
  470
LINEAR
  1001
ACAD
  1010
0
  1020
0
  1030
0
  0
LWPOLYLINE
  5
1876
  100
AcDbEntity
  8
Top-Paste-Mask-Layer
  100
AcDbPolyline
  90
12
  70
1
  43
0.005080010160020321
  10
31.44404368808738
  20
6.182026924053851
  10
32.24404368808737
  20
6.182026924053851
  10
32.29405638811277
  20
6.232039624079249
  10
32.29405638811277
  20
6.460005080010163
  10
31.9240538481077
  20
6.460005080010163
  10
31.9240538481077
  20
6.790002540005091
  10
32.29405638811277
  20
6.790002540005091
  10
32.29405638811278
  20
7.032039624079253
  10
32.24404368808737
  20
7.0820269240538565
  10
31.44404368808738
  20
7.0820269240538565
  10
31.394056388112784
  20
7.032039624079253
  10
31.394056388112784
  20
6.232039624079249
  0
HATCH
  5
1879
  100
AcDbEntity
  8
Top-Paste-Mask-Layer
  100
AcDbHatch
  10
0
  20
0
  30
0
  210
0
  220
0
  230
1
  2
SOLID
  70
1
  71
0
  91
1
  92
7
  72
0
  73
1
  93
12
  10
33.83408686817374
  20
7.082001524003054
  10
33.034086868173745
  20
7.082001524003054
  10
32.98407416814834
  20
7.031988823977656
  10
32.98407416814834
  20
6.804023368046742
  10
33.354076708153414
  20
6.804023368046742
  10
33.354076708153414
  20
6.474025908051814
  10
32.98407416814834
  20
6.474025908051814
  10
32.98407416814833
  20
6.231988823977645
  10
33.034086868173745
  20
6.182001524003049
  10
33.83408686817374
  20
6.182001524003049
  10
33.88407416814834
  20
6.231988823977645
  10
33.88407416814834
  20
7.031988823977656
  97
1
  330
1878
  75
0
  76
1
  47
0.4128176842155181
  98
1
  10
34.90568961886538
  20
22.81183545379326
  450
0
  451
0
  460
0
  461
0
  452
1
  462
1
  453
2
  463
0
  63
5
  421
255
  463
1
  63
7
  421
16777215
  470
LINEAR
  1001
ACAD
  1010
0
  1020
0
  1030
0
  0
LWPOLYLINE
  5
1878
  100
AcDbEntity
  8
Top-Paste-Mask-Layer
  100
AcDbPolyline
  90
12
  70
1
  43
0.005080010160020321
  10
33.83408686817374
  20
7.082001524003054
  10
33.034086868173745
  20
7.082001524003054
  10
32.98407416814834
  20
7.031988823977656
  10
32.98407416814834
  20
6.804023368046742
  10
33.354076708153414
  20
6.804023368046742
  10
33.354076708153414
  20
6.474025908051814
  10
32.98407416814834
  20
6.474025908051814
  10
32.98407416814833
  20
6.231988823977645
  10
33.034086868173745
  20
6.182001524003049
  10
33.83408686817374
  20
6.182001524003049
  10
33.88407416814834
  20
6.231988823977645
  10
33.88407416814834
  20
7.031988823977656
  0
LWPOLYLINE
  5
1026
  100
AcDbEntity
  8
Board-Outline-Layer
  100
AcDbPolyline
  90
2
  70
0
  43
0.25400050800101603
  10
55.753111506223014
  20
0
  10
55.753111506223014
  20
1.4250038100076239
  0
LWPOLYLINE
  5
1027
  100
AcDbEntity
  8
Board-Outline-Layer
  100
AcDbPolyline
  90
2
  70
0
  43
0.25400050800101603
  10
55.753111506223014
  20
1.4250038100076239
  10
60.000119380238765
  20
1.4250038100076239
  0
LWPOLYLINE
  5
1028
  100
AcDbEntity
  8
Board-Outline-Layer
  100
AcDbPolyline
  90
2
  70
0
  43
0.25400050800101603
  10
0
  20
0
  10
0
  20
30.000060960121928
  0
LWPOLYLINE
  5
1029
  100
AcDbEntity
  8
Board-Outline-Layer
  100
AcDbPolyline
  90
2
  70
0
  43
0.25400050800101603
  10
0
  20
30.000060960121928
  10
60.000119380238765
  20
30.000060960121928
  0
LWPOLYLINE
  5
1030
  100
AcDbEntity
  8
Board-Outline-Layer
  100
AcDbPolyline
  90
2
  70
0
  43
0.25400050800101603
  10
60.000119380238765
  20
30.000060960121928
  10
60.000119380238765
  20
1.4250038100076239
  0
LWPOLYLINE
  5
1031
  100
AcDbEntity
  8
Board-Outline-Layer
  100
AcDbPolyline
  90
2
  70
0
  43
0.25400050800101603
  10
55.753111506223014
  20
0
  10
0
  20
0
  0
ENDSEC
  0
SECTION
  2
OBJECTS
  0
DICTIONARY
  5
C
  330
0
  100
AcDbDictionary
  281
1
  3
ACAD_CIP_PREVIOUS_PRODUCT_INFO
  350
1A2
  3
ACAD_COLOR
  350
6C
  3
ACAD_DETAILVIEWSTYLE
  350
1A8
  3
ACAD_GROUP
  350
D
  3
ACAD_LAYOUT
  350
1A
  3
ACAD_MATERIAL
  350
6B
  3
ACAD_MLEADERSTYLE
  350
D2
  3
ACAD_MLINESTYLE
  350
17
  3
ACAD_PLOTSETTINGS
  350
19
  3
ACAD_PLOTSTYLENAME
  350
E
  3
ACAD_SCALELIST
  350
B1
  3
ACAD_SECTIONVIEWSTYLE
  350
1A5
  3
ACAD_TABLESTYLE
  350
A6
  3
ACAD_VISUALSTYLE
  350
95
  3
ACDB_RECOMPOSE_DATA
  350
301
  3
AcDbVariableDictionary
  350
59
  3
AcDsDecomposeData
  350
307
  0
DICTIONARY
  5
18B
  330
2
  100
AcDbDictionary
  280
1
  281
1
  3
ACAD_LAYERSTATES
  360
18C
  0
DICTIONARY
  5
E1
  330
10
  100
AcDbDictionary
  280
1
  281
1
  0
DICTIONARY
  5
15A
  330
1F
  100
AcDbDictionary
  280
1
  281
1
  0
XRECORD
  5
1A2
  102
{ACAD_REACTORS
  330
C
  102
}
  330
C
  100
AcDbXrecord
  280
1
  300
ACD
  300
2021
  300

  0
DICTIONARY
  5
6C
  102
{ACAD_REACTORS
  330
C
  102
}
  330
C
  100
AcDbDictionary
  281
1
  0
DICTIONARY
  5
1A8
  102
{ACAD_REACTORS
  330
C
  102
}
  330
C
  100
AcDbDictionary
  281
1
  3
Imperial24
  350
1A9
  0
DICTIONARY
  5
D
  102
{ACAD_REACTORS
  330
C
  102
}
  330
C
  100
AcDbDictionary
  281
1
  0
DICTIONARY
  5
1A
  102
{ACAD_REACTORS
  330
C
  102
}
  330
C
  100
AcDbDictionary
  281
1
  3
Model
  350
22
  3
布局1
  350
74
  3
布局2
  350
79
  0
DICTIONARY
  5
6B
  102
{ACAD_REACTORS
  330
C
  102
}
  330
C
  100
AcDbDictionary
  281
1
  3
ByBlock
  350
93
  3
ByLayer
  350
92
  3
Global
  350
94
  0
DICTIONARY
  5
D2
  102
{ACAD_REACTORS
  330
C
  102
}
  330
C
  100
AcDbDictionary
  281
1
  3
Annotative
  350
E0
  3
Standard
  350
D3
  0
DICTIONARY
  5
17
  102
{ACAD_REACTORS
  330
C
  102
}
  330
C
  100
AcDbDictionary
  281
1
  3
Standard
  350
18
  0
DICTIONARY
  5
19
  102
{ACAD_REACTORS
  330
C
  102
}
  330
C
  100
AcDbDictionary
  281
1
  0
ACDBDICTIONARYWDFLT
  5
E
  102
{ACAD_REACTORS
  330
C
  102
}
  330
C
  100
AcDbDictionary
  281
1
  3
Normal
  350
F
  100
AcDbDictionaryWithDefault
  340
F
  0
DICTIONARY
  5
B1
  102
{ACAD_REACTORS
  330
C
  102
}
  330
C
  100
AcDbDictionary
  281
1
  3
A0
  350
B2
  3
A1
  350
124
  3
A2
  350
125
  3
A3
  350
126
  3
A4
  350
127
  3
A5
  350
128
  3
A6
  350
129
  3
A7
  350
12A
  3
A8
  350
12B
  3
A9
  350
12C
  3
B0
  350
12D
  3
B1
  350
12E
  3
B2
  350
12F
  3
B3
  350
130
  3
B4
  350
131
  3
B5
  350
132
  3
B6
  350
133
  3
B7
  350
134
  3
B8
  350
135
  3
B9
  350
136
  3
C0
  350
137
  3
C1
  350
138
  3
C2
  350
139
  3
C3
  350
13A
  3
C4
  350
13B
  3
C5
  350
13C
  3
C6
  350
13D
  3
C7
  350
13E
  3
C8
  350
13F
  3
C9
  350
140
  3
D0
  350
141
  3
D1
  350
142
  3
D2
  350
143
  0
DICTIONARY
  5
1A5
  102
{ACAD_REACTORS
  330
C
  102
}
  330
C
  100
AcDbDictionary
  281
1
  3
Imperial24
  350
1A7
  0
DICTIONARY
  5
A6
  102
{ACAD_REACTORS
  330
C
  102
}
  330
C
  100
AcDbDictionary
  281
1
  3
Standard
  350
A7
  0
DICTIONARY
  5
95
  102
{ACAD_REACTORS
  330
C
  102
}
  330
C
  100
AcDbDictionary
  281
1
  3
2dWireframe
  350
9B
  3
Basic
  350
9A
  3
Brighten
  350
A1
  3
ColorChange
  350
A5
  3
Conceptual
  350
9E
  3
Dim
  350
A0
  3
EdgeColorOff
  350
172
  3
Facepattern
  350
A4
  3
Flat
  350
96
  3
FlatWithEdges
  350
97
  3
Gouraud
  350
98
  3
GouraudWithEdges
  350
99
  3
Hidden
  350
9D
  3
JitterOff
  350
170
  3
Linepattern
  350
A3
  3
OverhangOff
  350
171
  3
Realistic
  350
9F
  3
Shaded
  350
17F
  3
Shaded with edges
  350
17E
  3
Shades of Gray
  350
17B
  3
Sketchy
  350
17C
  3
Thicken
  350
A2
  3
Wireframe
  350
9C
  3
X-Ray
  350
17D
  0
XRECORD
  5
301
  102
{ACAD_REACTORS
  330
C
  102
}
  330
C
  100
AcDbXrecord
  280
1
  90
1
  330
A7
  0
DICTIONARY
  5
59
  102
{ACAD_REACTORS
  330
C
  102
}
  330
C
  100
AcDbDictionary
  281
1
  3
CAMERAHEIGHT
  350
227
  3
CANNOSCALE
  350
EB
  3
CMLEADERSTYLE
  350
EA
  3
CTABLESTYLE
  350
AB
  3
CVIEWDETAILSTYLE
  350
1B4
  3
CVIEWSECTIONSTYLE
  350
1B5
  3
DIMASSOC
  350
5A
  3
HIDETEXT
  350
5E
  3
INDEXCTL
  350
226
  3
LAYEREVAL
  350
14A
  3
LAYERNOTIFY
  350
14B
  3
LIGHTINGUNITS
  350
224
  3
MSLTSCALE
  350
223
  3
SORTENTS
  350
225
  3
XCLIPFRAME
  350
228
  0
DICTIONARY
  5
307
  102
{ACAD_REACTORS
  330
C
  102
}
  330
C
  100
AcDbDictionary
  281
1
  3
AcDsRecords
  350
309
  3
AcDsSchemas
  350
308
  1001
ACAD
  1070
2
  0
DICTIONARY
  5
18C
  102
{ACAD_REACTORS
  330
18B
  102
}
  330
18B
  100
AcDbDictionary
  281
1
  0
ACDBDETAILVIEWSTYLE
  5
1A9
  102
{ACAD_XDICTIONARY
  360
33C
  102
}
  102
{ACAD_REACTORS
  330
1A8
  102
}
  330
1A8
  100
AcDbModelDocViewStyle
  70
0
  3
Imperial24
  290
0
  100
AcDbDetailViewStyle
  70
0
  71
0
  90
3
  71
1
  340
11
  62
256
  40
0.24
  340
0
  62
256
  40
0.24
  300

  40
0.36
  280
3
  71
2
  340
16
  90
25
  62
256
  71
3
  340
11
  62
256
  40
0.24
  90
1
  40
0.75
  90
1
  300
%<\AcVar ViewType \f "%tc1">% %<\AcVar ViewDetailId>%\PSCALE %<\AcVar ViewScale \f "%sn">%
  71
4
  340
16
  90
25
  62
256
  340
16
  90
25
  62
256
  280
0
  0
LAYOUT
  5
22
  102
{ACAD_XDICTIONARY
  360
191
  102
}
  102
{ACAD_REACTORS
  330
1A
  102
}
  330
1A
  100
AcDbPlotSettings
  1

  2
none_device
  4
Letter_(8.50_x_11.00_Inches)
  6

  40
6.349999904632568
  41
6.349999904632568
  42
6.350006103515625
  43
6.350006103515625
  44
215.8999938964844
  45
279.3999938964844
  46
0
  47
0
  48
0
  49
0
  140
0
  141
0
  142
1
  143
3.560208697428376
  70
11952
  72
0
  73
1
  74
0
  7

  75
0
  147
0.28088241027059
  76
0
  77
2
  78
300
  148
0.1311165230791651
  149
0.096403374003771
  100
AcDbLayout
  1
Model
  70
1
  71
0
  10
0
  20
0
  11
12
  21
9
  12
0
  22
0
  32
0
  14
0
  24
0
  34
0
  15
0
  25
0
  35
0
  146
0
  13
0
  23
0
  33
0
  16
1
  26
0
  36
0
  17
0
  27
1
  37
0
  76
0
  330
1F
  331
90
  0
LAYOUT
  5
74
  102
{ACAD_REACTORS
  330
1A
  102
}
  330
1A
  100
AcDbPlotSettings
  1

  2
\\ADSCCNDC1\hq601xrx1
  4

  6

  40
0
  41
0
  42
0
  43
0
  44
0
  45
0
  46
0
  47
0
  48
0
  49
0
  140
0
  141
0
  142
1
  143
1
  70
688
  72
0
  73
0
  74
5
  7

  75
16
  147
1
  76
0
  77
2
  78
300
  148
0
  149
0
  100
AcDbLayout
  1
布局1
  70
1
  71
1
  10
0
  20
0
  11
12
  21
9
  12
0
  22
0
  32
0
  14
0
  24
0
  34
0
  15
0
  25
0
  35
0
  146
0
  13
0
  23
0
  33
0
  16
1
  26
0
  36
0
  17
0
  27
1
  37
0
  76
0
  330
73
  0
LAYOUT
  5
79
  102
{ACAD_REACTORS
  330
1A
  102
}
  330
1A
  100
AcDbPlotSettings
  1

  2
\\ADSCCNDC1\hq601xrx1
  4

  6

  40
0
  41
0
  42
0
  43
0
  44
0
  45
0
  46
0
  47
0
  48
0
  49
0
  140
0
  141
0
  142
1
  143
1
  70
688
  72
0
  73
0
  74
5
  7

  75
16
  147
1
  76
0
  77
2
  78
300
  148
0
  149
0
  100
AcDbLayout
  1
布局2
  70
1
  71
2
  10
0
  20
0
  11
12
  21
9
  12
0
  22
0
  32
0
  14
0
  24
0
  34
0
  15
0
  25
0
  35
0
  146
0
  13
0
  23
0
  33
0
  16
1
  26
0
  36
0
  17
0
  27
1
  37
0
  76
0
  330
78
  0
MATERIAL
  5
93
  102
{ACAD_XDICTIONARY
  360
185
  102
}
  102
{ACAD_REACTORS
  330
6B
  102
}
  330
6B
  100
AcDbMaterial
  1
ByBlock
  94
63
  0
MATERIAL
  5
92
  102
{ACAD_XDICTIONARY
  360
183
  102
}
  102
{ACAD_REACTORS
  330
6B
  102
}
  330
6B
  100
AcDbMaterial
  1
ByLayer
  94
63
  0
MATERIAL
  5
94
  102
{ACAD_XDICTIONARY
  360
10B
  102
}
  102
{ACAD_REACTORS
  330
6B
  102
}
  330
6B
  100
AcDbMaterial
  1
Global
  43
0.0208000000566244
  43
0
  43
0
  43
0
  43
0
  43
0.0208000000566244
  43
0
  43
0
  43
0
  43
0
  43
1
  43
0
  43
0
  43
0
  43
0
  43
1
  49
0.0208000000566244
  49
0
  49
0
  49
0
  49
0
  49
0.0208000000566244
  49
0
  49
0
  49
0
  49
0
  49
1
  49
0
  49
0
  49
0
  49
0
  49
1
  142
0.0208000000566244
  142
0
  142
0
  142
0
  142
0
  142
0.0208000000566244
  142
0
  142
0
  142
0
  142
0
  142
1
  142
0
  142
0
  142
0
  142
0
  142
1
  144
0.0208000000566244
  144
0
  144
0
  144
0
  144
0
  144
0.0208000000566244
  144
0
  144
0
  144
0
  144
0
  144
1
  144
0
  144
0
  144
0
  144
0
  144
1
  94
63
  1001
ACAD
  1070
-1
  1070
3
  1070
0
  1000

  1071
0
  1070
0
  0
MLEADERSTYLE
  5
E0
  102
{ACAD_REACTORS
  330
D2
  102
}
  330
D2
  100
AcDbMLeaderStyle
  170
2
  171
1
  172
0
  90
2
  40
0
  41
0
  173
1
  91
-1056964608
  340
14
  92
-2
  290
0
  42
0.09
  291
0
  43
0.36
  3
Standard
  44
0.18
  300

  342
11
  174
1
  178
1
  175
1
  176
0
  93
-1056964608
  45
0.18
  292
0
  297
0
  46
0.18
  94
-1056964608
  47
1
  49
1
  140
1
  293
0
  141
0
  294
0
  177
0
  142
1
  295
0
  296
0
  143
0.125
  1001
ACAD_MLEADERVER
  1070
2
  0
MLEADERSTYLE
  5
D3
  102
{ACAD_REACTORS
  330
D2
  102
}
  330
D2
  100
AcDbMLeaderStyle
  170
2
  171
1
  172
0
  90
2
  40
0
  41
0
  173
1
  91
-1056964608
  340
14
  92
-2
  290
0
  42
0.09
  291
0
  43
0.36
  3
Standard
  44
0.18
  300

  342
11
  174
1
  178
1
  175
1
  176
0
  93
-1056964608
  45
0.18
  292
0
  297
0
  46
0.18
  94
-1056964608
  47
1
  49
1
  140
1
  293
0
  141
0
  294
0
  177
0
  142
1
  295
0
  296
0
  143
0.125
  1001
ACAD_MLEADERVER
  1070
2
  0
MLINESTYLE
  5
18
  102
{ACAD_REACTORS
  330
17
  102
}
  330
17
  100
AcDbMlineStyle
  2
STANDARD
  70
0
  3

  62
256
  51
90
  52
90
  71
2
  49
0.5
  62
256
  6
BYLAYER
  49
-0.5
  62
256
  6
BYLAYER
  0
ACDBPLACEHOLDER
  5
F
  102
{ACAD_REACTORS
  330
E
  102
}
  330
E
  0
SCALE
  5
B2
  102
{ACAD_REACTORS
  330
B1
  102
}
  330
B1
  100
AcDbScale
  70
0
  300
1:1
  140
1
  141
1
  290
0
  0
SCALE
  5
124
  102
{ACAD_REACTORS
  330
B1
  102
}
  330
B1
  100
AcDbScale
  70
0
  300
1:2
  140
1
  141
2
  290
0
  0
SCALE
  5
125
  102
{ACAD_REACTORS
  330
B1
  102
}
  330
B1
  100
AcDbScale
  70
0
  300
1:4
  140
1
  141
4
  290
0
  0
SCALE
  5
126
  102
{ACAD_REACTORS
  330
B1
  102
}
  330
B1
  100
AcDbScale
  70
0
  300
1:5
  140
1
  141
5
  290
0
  0
SCALE
  5
127
  102
{ACAD_REACTORS
  330
B1
  102
}
  330
B1
  100
AcDbScale
  70
0
  300
1:8
  140
1
  141
8
  290
0
  0
SCALE
  5
128
  102
{ACAD_REACTORS
  330
B1
  102
}
  330
B1
  100
AcDbScale
  70
0
  300
1:10
  140
1
  141
10
  290
0
  0
SCALE
  5
129
  102
{ACAD_REACTORS
  330
B1
  102
}
  330
B1
  100
AcDbScale
  70
0
  300
1:16
  140
1
  141
16
  290
0
  0
SCALE
  5
12A
  102
{ACAD_REACTORS
  330
B1
  102
}
  330
B1
  100
AcDbScale
  70
0
  300
1:20
  140
1
  141
20
  290
0
  0
SCALE
  5
12B
  102
{ACAD_REACTORS
  330
B1
  102
}
  330
B1
  100
AcDbScale
  70
0
  300
1:30
  140
1
  141
30
  290
0
  0
SCALE
  5
12C
  102
{ACAD_REACTORS
  330
B1
  102
}
  330
B1
  100
AcDbScale
  70
0
  300
1:40
  140
1
  141
40
  290
0
  0
SCALE
  5
12D
  102
{ACAD_REACTORS
  330
B1
  102
}
  330
B1
  100
AcDbScale
  70
0
  300
1:50
  140
1
  141
50
  290
0
  0
SCALE
  5
12E
  102
{ACAD_REACTORS
  330
B1
  102
}
  330
B1
  100
AcDbScale
  70
0
  300
1:100
  140
1
  141
100
  290
0
  0
SCALE
  5
12F
  102
{ACAD_REACTORS
  330
B1
  102
}
  330
B1
  100
AcDbScale
  70
0
  300
2:1
  140
2
  141
1
  290
0
  0
SCALE
  5
130
  102
{ACAD_REACTORS
  330
B1
  102
}
  330
B1
  100
AcDbScale
  70
0
  300
4:1
  140
4
  141
1
  290
0
  0
SCALE
  5
131
  102
{ACAD_REACTORS
  330
B1
  102
}
  330
B1
  100
AcDbScale
  70
0
  300
8:1
  140
8
  141
1
  290
0
  0
SCALE
  5
132
  102
{ACAD_REACTORS
  330
B1
  102
}
  330
B1
  100
AcDbScale
  70
0
  300
10:1
  140
10
  141
1
  290
0
  0
SCALE
  5
133
  102
{ACAD_REACTORS
  330
B1
  102
}
  330
B1
  100
AcDbScale
  70
0
  300
100:1
  140
100
  141
1
  290
0
  0
SCALE
  5
134
  102
{ACAD_REACTORS
  330
B1
  102
}
  330
B1
  100
AcDbScale
  70
0
  300
1/128" = 1'-0"
  140
0.0078125
  141
12
  290
0
  0
SCALE
  5
135
  102
{ACAD_REACTORS
  330
B1
  102
}
  330
B1
  100
AcDbScale
  70
0
  300
1/64" = 1'-0"
  140
0.015625
  141
12
  290
0
  0
SCALE
  5
136
  102
{ACAD_REACTORS
  330
B1
  102
}
  330
B1
  100
AcDbScale
  70
0
  300
1/32" = 1'-0"
  140
0.03125
  141
12
  290
0
  0
SCALE
  5
137
  102
{ACAD_REACTORS
  330
B1
  102
}
  330
B1
  100
AcDbScale
  70
0
  300
1/16" = 1'-0"
  140
0.0625
  141
12
  290
0
  0
SCALE
  5
138
  102
{ACAD_REACTORS
  330
B1
  102
}
  330
B1
  100
AcDbScale
  70
0
  300
3/32" = 1'-0"
  140
0.09375
  141
12
  290
0
  0
SCALE
  5
139
  102
{ACAD_REACTORS
  330
B1
  102
}
  330
B1
  100
AcDbScale
  70
0
  300
1/8" = 1'-0"
  140
0.125
  141
12
  290
0
  0
SCALE
  5
13A
  102
{ACAD_REACTORS
  330
B1
  102
}
  330
B1
  100
AcDbScale
  70
0
  300
3/16" = 1'-0"
  140
0.1875
  141
12
  290
0
  0
SCALE
  5
13B
  102
{ACAD_REACTORS
  330
B1
  102
}
  330
B1
  100
AcDbScale
  70
0
  300
1/4" = 1'-0"
  140
0.25
  141
12
  290
0
  0
SCALE
  5
13C
  102
{ACAD_REACTORS
  330
B1
  102
}
  330
B1
  100
AcDbScale
  70
0
  300
3/8" = 1'-0"
  140
0.375
  141
12
  290
0
  0
SCALE
  5
13D
  102
{ACAD_REACTORS
  330
B1
  102
}
  330
B1
  100
AcDbScale
  70
0
  300
1/2" = 1'-0"
  140
0.5
  141
12
  290
0
  0
SCALE
  5
13E
  102
{ACAD_REACTORS
  330
B1
  102
}
  330
B1
  100
AcDbScale
  70
0
  300
3/4" = 1'-0"
  140
0.75
  141
12
  290
0
  0
SCALE
  5
13F
  102
{ACAD_REACTORS
  330
B1
  102
}
  330
B1
  100
AcDbScale
  70
0
  300
1" = 1'-0"
  140
1
  141
12
  290
0
  0
SCALE
  5
140
  102
{ACAD_REACTORS
  330
B1
  102
}
  330
B1
  100
AcDbScale
  70
0
  300
1-1/2" = 1'-0"
  140
1.5
  141
12
  290
0
  0
SCALE
  5
141
  102
{ACAD_REACTORS
  330
B1
  102
}
  330
B1
  100
AcDbScale
  70
0
  300
3" = 1'-0"
  140
3
  141
12
  290
0
  0
SCALE
  5
142
  102
{ACAD_REACTORS
  330
B1
  102
}
  330
B1
  100
AcDbScale
  70
0
  300
6" = 1'-0"
  140
6
  141
12
  290
0
  0
SCALE
  5
143
  102
{ACAD_REACTORS
  330
B1
  102
}
  330
B1
  100
AcDbScale
  70
0
  300
1'-0" = 1'-0"
  140
12
  141
12
  290
0
  0
ACDBSECTIONVIEWSTYLE
  5
1A7
  102
{ACAD_XDICTIONARY
  360
33A
  102
}
  102
{ACAD_REACTORS
  330
1A5
  102
}
  330
1A5
  100
AcDbModelDocViewStyle
  70
0
  3
Imperial24
  290
0
  100
AcDbSectionViewStyle
  70
0
  71
0
  90
78
  71
1
  340
11
  62
256
  40
0.24
  340
0
  340
0
  62
256
  40
0.24
  300
I, O, Q, S, X, Z
  40
0.48
  90
3
  40
0.18
  90
1
  71
2
  340
16
  90
25
  62
256
  340
16
  90
50
  62
256
  40
0.24
  40
0
  40
0.24
  71
3
  340
11
  62
256
  40
0.24
  90
1
  40
0.75
  90
1
  300
%<\AcVar ViewType \f "%tc1">% %<\AcVar ViewSectionStartId>%-%<\AcVar ViewSectionEndId>%\PSCALE %<\AcVar ViewScale \f "%sn">%
  71
4
  62
256
  62
257
  300
ANSI31
  40
1
  90
0
  290
0
  290
0
  90
6
  40
0
  40
1.570796326794896
  40
0.2617993877991494
  40
1.308996938995747
  40
-0.2617993877991494
  40
1.832595714594046
  0
TABLESTYLE
  5
A7
  102
{ACAD_XDICTIONARY
  360
FF
  102
}
  102
{ACAD_REACTORS
  330
A6
  102
}
  330
A6
  100
AcDbTableStyle
  3
Standard
  70
0
  71
0
  40
0.06
  41
0.06
  280
0
  281
0
  7
Standard
  140
0.18
  170
2
  62
0
  63
7
  283
0
  90
512
  91
0
  1

  274
-2
  284
1
  64
0
  275
-2
  285
1
  65
0
  276
-2
  286
1
  66
0
  277
-2
  287
1
  67
0
  278
-2
  288
1
  68
0
  279
-2
  289
1
  69
0
  7
Standard
  140
0.25
  170
5
  62
0
  63
7
  283
0
  90
512
  91
0
  1

  274
-2
  284
1
  64
0
  275
-2
  285
1
  65
0
  276
-2
  286
1
  66
0
  277
-2
  287
1
  67
0
  278
-2
  288
1
  68
0
  279
-2
  289
1
  69
0
  7
Standard
  140
0.18
  170
5
  62
0
  63
7
  283
0
  90
512
  91
0
  1

  274
-2
  284
1
  64
0
  275
-2
  285
1
  65
0
  276
-2
  286
1
  66
0
  277
-2
  287
1
  67
0
  278
-2
  288
1
  68
0
  279
-2
  289
1
  69
0
  0
VISUALSTYLE
  5
9B
  102
{ACAD_XDICTIONARY
  360
314
  102
}
  102
{ACAD_REACTORS
  330
95
  102
}
  330
95
  100
AcDbVisualStyle
  2
2dWireframe
  70
4
  71
0
  72
2
  73
1
  90
0
  40
-0.6
  41
-30
  62
5
  63
7
  421
16777215
  74
1
  91
4
  64
7
  65
257
  75
1
  175
1
  42
1
  92
0
  66
257
  43
1
  76
1
  77
6
  78
2
  67
7
  79
5
  170
0
  171
0
  290
0
  174
0
  93
1
  44
0
  173
0
  291
0
  45
0
  1001
ACAD
  1000
AcDbSavedByObjectVersion
  1070
0
  0
VISUALSTYLE
  5
9A
  102
{ACAD_XDICTIONARY
  360
312
  102
}
  102
{ACAD_REACTORS
  330
95
  102
}
  330
95
  100
AcDbVisualStyle
  2
Basic
  70
7
  71
1
  72
0
  73
1
  90
0
  40
-0.6
  41
-30
  62
5
  63
7
  421
16777215
  74
0
  91
4
  64
7
  65
257
  75
1
  175
1
  42
1
  92
8
  66
7
  43
1
  76
1
  77
6
  78
2
  67
7
  79
5
  170
0
  171
0
  290
0
  174
0
  93
1
  44
0
  173
0
  291
0
  45
0
  1001
ACAD
  1000
AcDbSavedByObjectVersion
  1070
0
  0
VISUALSTYLE
  5
A1
  102
{ACAD_XDICTIONARY
  360
320
  102
}
  102
{ACAD_REACTORS
  330
95
  102
}
  330
95
  100
AcDbVisualStyle
  2
Brighten
  70
12
  71
2
  72
2
  73
1
  90
0
  40
-0.6
  41
-30
  62
5
  63
7
  421
16777215
  74
1
  91
4
  64
7
  65
257
  75
1
  175
1
  42
1
  92
8
  66
7
  43
1
  76
1
  77
6
  78
2
  67
7
  79
5
  170
0
  171
0
  290
0
  174
0
  93
1
  44
50
  173
0
  291
0
  45
0
  1001
ACAD
  1000
AcDbSavedByObjectVersion
  1070
0
  0
VISUALSTYLE
  5
A5
  102
{ACAD_XDICTIONARY
  360
328
  102
}
  102
{ACAD_REACTORS
  330
95
  102
}
  330
95
  100
AcDbVisualStyle
  2
ColorChange
  70
16
  71
2
  72
2
  73
3
  90
0
  40
-0.6
  41
-30
  62
5
  63
8
  421
8421504
  74
1
  91
4
  64
7
  65
257
  75
1
  175
1
  42
1
  92
8
  66
8
  424
8421504
  43
1
  76
1
  77
6
  78
2
  67
7
  79
5
  170
0
  171
0
  290
0
  174
0
  93
1
  44
0
  173
0
  291
0
  45
0
  1001
ACAD
  1000
AcDbSavedByObjectVersion
  1070
0
  0
VISUALSTYLE
  5
9E
  102
{ACAD_XDICTIONARY
  360
31A
  102
}
  102
{ACAD_REACTORS
  330
95
  102
}
  330
95
  100
AcDbVisualStyle
  2
Conceptual
  70
9
  71
3
  72
2
  73
1
  90
0
  40
-0.6
  41
-30
  62
5
  63
7
  421
16777215
  74
2
  91
2
  64
7
  65
257
  75
1
  175
1
  42
40
  92
8
  66
7
  43
1
  76
1
  77
6
  78
2
  67
7
  79
3
  170
0
  171
0
  290
0
  174
0
  93
1
  44
0
  173
0
  291
0
  45
0
  1001
ACAD
  1000
AcDbSavedByObjectVersion
  1070
0
  0
VISUALSTYLE
  5
A0
  102
{ACAD_XDICTIONARY
  360
31E
  102
}
  102
{ACAD_REACTORS
  330
95
  102
}
  330
95
  100
AcDbVisualStyle
  2
Dim
  70
11
  71
2
  72
2
  73
1
  90
0
  40
-0.6
  41
-30
  62
5
  63
7
  421
16777215
  74
1
  91
4
  64
7
  65
257
  75
1
  175
1
  42
1
  92
8
  66
7
  43
1
  76
1
  77
6
  78
2
  67
7
  79
5
  170
0
  171
0
  290
0
  174
0
  93
1
  44
-50
  173
0
  291
0
  45
0
  1001
ACAD
  1000
AcDbSavedByObjectVersion
  1070
0
  0
VISUALSTYLE
  5
172
  102
{ACAD_XDICTIONARY
  360
32E
  102
}
  102
{ACAD_REACTORS
  330
95
  102
}
  330
95
  100
AcDbVisualStyle
  2
EdgeColorOff
  70
22
  71
2
  72
2
  73
0
  90
0
  40
-0.6
  41
-30
  62
5
  63
7
  421
16777215
  74
1
  91
4
  64
7
  65
257
  75
1
  175
1
  42
1
  92
8
  66
7
  43
1
  76
1
  77
6
  78
2
  67
7
  79
5
  170
0
  171
0
  290
0
  174
0
  93
1
  44
0
  173
0
  291
0
  45
0
  1001
ACAD
  1000
AcDbSavedByObjectVersion
  1070
0
  0
VISUALSTYLE
  5
A4
  102
{ACAD_XDICTIONARY
  360
326
  102
}
  102
{ACAD_REACTORS
  330
95
  102
}
  330
95
  100
AcDbVisualStyle
  2
Facepattern
  70
15
  71
2
  72
2
  73
1
  90
0
  40
-0.6
  41
-30
  62
5
  63
7
  421
16777215
  74
1
  91
4
  64
7
  65
257
  75
1
  175
1
  42
1
  92
8
  66
7
  43
1
  76
1
  77
6
  78
2
  67
7
  79
5
  170
0
  171
0
  290
0
  174
0
  93
1
  44
0
  173
0
  291
0
  45
0
  1001
ACAD
  1000
AcDbSavedByObjectVersion
  1070
0
  0
VISUALSTYLE
  5
96
  102
{ACAD_XDICTIONARY
  360
30A
  102
}
  102
{ACAD_REACTORS
  330
95
  102
}
  330
95
  100
AcDbVisualStyle
  2
Flat
  70
0
  71
2
  72
1
  73
1
  90
2
  40
-0.6
  41
30
  62
5
  63
7
  421
16777215
  74
0
  91
0
  64
7
  65
257
  75
1
  175
1
  42
1
  92
8
  66
7
  43
1
  76
1
  77
6
  78
2
  67
7
  79
5
  170
0
  171
0
  290
0
  174
0
  93
13
  44
0
  173
0
  291
0
  45
0
  1001
ACAD
  1000
AcDbSavedByObjectVersion
  1070
0
  0
VISUALSTYLE
  5
97
  102
{ACAD_XDICTIONARY
  360
30C
  102
}
  102
{ACAD_REACTORS
  330
95
  102
}
  330
95
  100
AcDbVisualStyle
  2
FlatWithEdges
  70
1
  71
2
  72
1
  73
1
  90
2
  40
-0.6
  41
30
  62
5
  63
7
  421
16777215
  74
1
  91
0
  64
7
  65
257
  75
1
  175
1
  42
1
  92
0
  66
257
  43
1
  76
1
  77
6
  78
2
  67
7
  79
5
  170
0
  171
0
  290
0
  174
0
  93
13
  44
0
  173
0
  291
0
  45
0
  1001
ACAD
  1000
AcDbSavedByObjectVersion
  1070
0
  0
VISUALSTYLE
  5
98
  102
{ACAD_XDICTIONARY
  360
30E
  102
}
  102
{ACAD_REACTORS
  330
95
  102
}
  330
95
  100
AcDbVisualStyle
  2
Gouraud
  70
2
  71
2
  72
2
  73
1
  90
2
  40
-0.6
  41
30
  62
5
  63
7
  421
16777215
  74
0
  91
0
  64
7
  65
257
  75
1
  175
1
  42
1
  92
0
  66
7
  43
1
  76
1
  77
6
  78
2
  67
7
  79
5
  170
0
  171
0
  290
0
  174
0
  93
13
  44
0
  173
0
  291
0
  45
0
  1001
ACAD
  1000
AcDbSavedByObjectVersion
  1070
0
  0
VISUALSTYLE
  5
99
  102
{ACAD_XDICTIONARY
  360
310
  102
}
  102
{ACAD_REACTORS
  330
95
  102
}
  330
95
  100
AcDbVisualStyle
  2
GouraudWithEdges
  70
3
  71
2
  72
2
  73
1
  90
2
  40
-0.6
  41
30
  62
5
  63
7
  421
16777215
  74
1
  91
0
  64
7
  65
257
  75
1
  175
1
  42
1
  92
0
  66
257
  43
1
  76
1
  77
6
  78
2
  67
7
  79
5
  170
0
  171
0
  290
0
  174
0
  93
13
  44
0
  173
0
  291
0
  45
0
  1001
ACAD
  1000
AcDbSavedByObjectVersion
  1070
0
  0
VISUALSTYLE
  5
9D
  102
{ACAD_XDICTIONARY
  360
318
  102
}
  102
{ACAD_REACTORS
  330
95
  102
}
  330
95
  100
AcDbVisualStyle
  2
Hidden
  70
6
  71
1
  72
2
  73
2
  90
0
  40
-0.6
  41
-30
  62
5
  63
7
  421
16777215
  74
2
  91
2
  64
7
  65
257
  75
2
  175
1
  42
40
  92
0
  66
257
  43
1
  76
1
  77
6
  78
2
  67
7
  79
3
  170
0
  171
0
  290
0
  174
0
  93
1
  44
0
  173
0
  291
0
  45
0
  1001
ACAD
  1000
AcDbSavedByObjectVersion
  1070
0
  0
VISUALSTYLE
  5
170
  102
{ACAD_XDICTIONARY
  360
32A
  102
}
  102
{ACAD_REACTORS
  330
95
  102
}
  330
95
  100
AcDbVisualStyle
  2
JitterOff
  70
20
  71
2
  72
2
  73
0
  90
0
  40
-0.6
  41
-30
  62
5
  63
7
  421
16777215
  74
1
  91
4
  64
7
  65
257
  75
1
  175
1
  42
1
  92
10
  66
7
  43
1
  76
1
  77
6
  78
2
  67
7
  79
5
  170
0
  171
0
  290
0
  174
0
  93
1
  44
0
  173
0
  291
0
  45
0
  1001
ACAD
  1000
AcDbSavedByObjectVersion
  1070
0
  0
VISUALSTYLE
  5
A3
  102
{ACAD_XDICTIONARY
  360
324
  102
}
  102
{ACAD_REACTORS
  330
95
  102
}
  330
95
  100
AcDbVisualStyle
  2
Linepattern
  70
14
  71
2
  72
2
  73
1
  90
0
  40
-0.6
  41
-30
  62
5
  63
7
  421
16777215
  74
1
  91
4
  64
7
  65
257
  75
7
  175
7
  42
1
  92
8
  66
7
  43
1
  76
1
  77
6
  78
2
  67
7
  79
5
  170
0
  171
0
  290
0
  174
0
  93
1
  44
0
  173
0
  291
0
  45
0
  1001
ACAD
  1000
AcDbSavedByObjectVersion
  1070
0
  0
VISUALSTYLE
  5
171
  102
{ACAD_XDICTIONARY
  360
32C
  102
}
  102
{ACAD_REACTORS
  330
95
  102
}
  330
95
  100
AcDbVisualStyle
  2
OverhangOff
  70
21
  71
2
  72
2
  73
0
  90
0
  40
-0.6
  41
-30
  62
5
  63
7
  421
16777215
  74
1
  91
4
  64
7
  65
257
  75
1
  175
1
  42
1
  92
9
  66
7
  43
1
  76
1
  77
6
  78
2
  67
7
  79
5
  170
0
  171
0
  290
0
  174
0
  93
1
  44
0
  173
0
  291
0
  45
0
  1001
ACAD
  1000
AcDbSavedByObjectVersion
  1070
0
  0
VISUALSTYLE
  5
9F
  102
{ACAD_XDICTIONARY
  360
31C
  102
}
  102
{ACAD_REACTORS
  330
95
  102
}
  330
95
  100
AcDbVisualStyle
  2
Realistic
  70
8
  71
2
  72
3
  73
0
  90
2
  40
-0.6
  41
30
  62
5
  63
7
  421
16777215
  74
0
  91
0
  64
7
  65
257
  75
1
  175
1
  42
1
  92
8
  66
257
  43
1
  76
1
  77
6
  78
2
  67
7
  79
3
  170
0
  171
0
  290
0
  174
0
  93
13
  44
0
  173
0
  291
0
  45
0
  1001
ACAD
  1000
AcDbSavedByObjectVersion
  1070
0
  0
VISUALSTYLE
  5
17F
  102
{ACAD_XDICTIONARY
  360
338
  102
}
  102
{ACAD_REACTORS
  330
95
  102
}
  330
95
  100
AcDbVisualStyle
  2
Shaded
  70
27
  71
2
  72
2
  73
1
  90
2
  40
-0.6
  41
30
  62
5
  63
7
  421
16777215
  74
0
  91
4
  64
7
  65
257
  75
1
  175
1
  42
1
  92
8
  66
257
  43
1
  76
1
  77
6
  78
2
  67
8
  425
7895160
  79
3
  170
0
  171
0
  290
0
  174
0
  93
5
  44
0
  173
0
  291
0
  45
0
  1001
ACAD
  1000
AcDbSavedByObjectVersion
  1070
0
  0
VISUALSTYLE
  5
17E
  102
{ACAD_XDICTIONARY
  360
336
  102
}
  102
{ACAD_REACTORS
  330
95
  102
}
  330
95
  100
AcDbVisualStyle
  2
Shaded with edges
  70
26
  71
2
  72
2
  73
1
  90
2
  40
-0.6
  41
30
  62
5
  63
7
  421
16777215
  74
1
  91
2
  64
7
  65
257
  75
2
  175
1
  42
1
  92
8
  66
257
  43
1
  76
1
  77
6
  78
2
  67
7
  79
3
  170
0
  171
0
  290
0
  174
0
  93
5
  44
0
  173
0
  291
0
  45
0
  1001
ACAD
  1000
AcDbSavedByObjectVersion
  1070
0
  0
VISUALSTYLE
  5
17B
  102
{ACAD_XDICTIONARY
  360
330
  102
}
  102
{ACAD_REACTORS
  330
95
  102
}
  330
95
  100
AcDbVisualStyle
  2
Shades of Gray
  70
23
  71
2
  72
2
  73
3
  90
0
  40
-0.6
  41
-30
  62
5
  63
7
  421
16777215
  74
2
  91
2
  64
7
  65
7
  75
1
  175
1
  42
40
  92
8
  66
7
  43
1
  76
1
  77
6
  78
2
  67
7
  79
3
  170
0
  171
0
  290
0
  174
0
  93
1
  44
0
  173
0
  291
0
  45
0
  1001
ACAD
  1000
AcDbSavedByObjectVersion
  1070
0
  0
VISUALSTYLE
  5
17C
  102
{ACAD_XDICTIONARY
  360
332
  102
}
  102
{ACAD_REACTORS
  330
95
  102
}
  330
95
  100
AcDbVisualStyle
  2
Sketchy
  70
24
  71
1
  72
2
  73
2
  90
0
  40
-0.6
  41
-30
  62
5
  63
7
  421
16777215
  74
2
  91
2
  64
7
  65
7
  75
1
  175
1
  42
40
  92
11
  66
7
  43
1
  76
1
  77
6
  78
2
  67
7
  79
6
  170
0
  171
0
  290
0
  174
0
  93
1
  44
0
  173
0
  291
0
  45
0
  1001
ACAD
  1000
AcDbSavedByObjectVersion
  1070
0
  0
VISUALSTYLE
  5
A2
  102
{ACAD_XDICTIONARY
  360
322
  102
}
  102
{ACAD_REACTORS
  330
95
  102
}
  330
95
  100
AcDbVisualStyle
  2
Thicken
  70
13
  71
2
  72
2
  73
1
  90
0
  40
-0.6
  41
-30
  62
5
  63
7
  421
16777215
  74
1
  91
4
  64
7
  65
257
  75
1
  175
1
  42
1
  92
12
  66
7
  43
1
  76
1
  77
6
  78
2
  67
7
  79
5
  170
0
  171
0
  290
0
  174
0
  93
1
  44
0
  173
0
  291
0
  45
0
  1001
ACAD
  1000
AcDbSavedByObjectVersion
  1070
0
  0
VISUALSTYLE
  5
9C
  102
{ACAD_XDICTIONARY
  360
316
  102
}
  102
{ACAD_REACTORS
  330
95
  102
}
  330
95
  100
AcDbVisualStyle
  2
Wireframe
  70
5
  71
0
  72
2
  73
0
  90
0
  40
-0.6
  41
-30
  62
5
  63
7
  421
16777215
  74
1
  91
4
  64
7
  65
257
  75
1
  175
1
  42
1
  92
0
  66
257
  43
1
  76
1
  77
6
  78
2
  67
7
  79
3
  170
0
  171
0
  290
0
  174
0
  93
1
  44
0
  173
0
  291
0
  45
0
  1001
ACAD
  1000
AcDbSavedByObjectVersion
  1070
0
  0
VISUALSTYLE
  5
17D
  102
{ACAD_XDICTIONARY
  360
334
  102
}
  102
{ACAD_REACTORS
  330
95
  102
}
  330
95
  100
AcDbVisualStyle
  2
X-Ray
  70
25
  71
2
  72
2
  73
1
  90
1
  40
0.5
  41
-30
  62
5
  63
7
  421
16777215
  74
1
  91
0
  64
7
  65
257
  75
1
  175
1
  42
1
  92
8
  66
7
  43
1
  76
1
  77
6
  78
2
  67
7
  79
3
  170
0
  171
0
  290
0
  174
0
  93
13
  44
0
  173
0
  291
0
  45
0
  1001
ACAD
  1000
AcDbSavedByObjectVersion
  1070
0
  0
DICTIONARYVAR
  5
227
  102
{ACAD_REACTORS
  330
59
  102
}
  330
59
  100
DictionaryVariables
  280
0
  1
60.000000
  0
DICTIONARYVAR
  5
EB
  102
{ACAD_REACTORS
  330
59
  102
}
  330
59
  100
DictionaryVariables
  280
0
  1
1:1
  0
DICTIONARYVAR
  5
EA
  102
{ACAD_REACTORS
  330
59
  102
}
  330
59
  100
DictionaryVariables
  280
0
  1
STANDARD
  0
DICTIONARYVAR
  5
AB
  102
{ACAD_REACTORS
  330
59
  102
}
  330
59
  100
DictionaryVariables
  280
0
  1
STANDARD
  0
DICTIONARYVAR
  5
1B4
  102
{ACAD_REACTORS
  330
59
  102
}
  330
59
  100
DictionaryVariables
  280
0
  1
Imperial24
  0
DICTIONARYVAR
  5
1B5
  102
{ACAD_REACTORS
  330
59
  102
}
  330
59
  100
DictionaryVariables
  280
0
  1
Imperial24
  0
DICTIONARYVAR
  5
5A
  102
{ACAD_REACTORS
  330
59
  102
}
  330
59
  100
DictionaryVariables
  280
0
  1
2
  0
DICTIONARYVAR
  5
5E
  102
{ACAD_REACTORS
  330
59
  102
}
  330
59
  100
DictionaryVariables
  280
0
  1
1
  0
DICTIONARYVAR
  5
226
  102
{ACAD_REACTORS
  330
59
  102
}
  330
59
  100
DictionaryVariables
  280
0
  1
0
  0
DICTIONARYVAR
  5
14A
  102
{ACAD_REACTORS
  330
59
  102
}
  330
59
  100
DictionaryVariables
  280
0
  1
0
  0
DICTIONARYVAR
  5
14B
  102
{ACAD_REACTORS
  330
59
  102
}
  330
59
  100
DictionaryVariables
  280
0
  1
0
  0
DICTIONARYVAR
  5
224
  102
{ACAD_REACTORS
  330
59
  102
}
  330
59
  100
DictionaryVariables
  280
0
  1
2
  0
DICTIONARYVAR
  5
223
  102
{ACAD_REACTORS
  330
59
  102
}
  330
59
  100
DictionaryVariables
  280
0
  1
1
  0
DICTIONARYVAR
  5
225
  102
{ACAD_REACTORS
  330
59
  102
}
  330
59
  100
DictionaryVariables
  280
0
  1
127
  0
DICTIONARYVAR
  5
228
  102
{ACAD_REACTORS
  330
59
  102
}
  330
59
  100
DictionaryVariables
  280
0
  1
2
  0
DICTIONARY
  5
309
  102
{ACAD_REACTORS
  330
307
  102
}
  330
307
  100
AcDbDictionary
  281
1
  0
DICTIONARY
  5
308
  102
{ACAD_REACTORS
  330
307
  102
}
  330
307
  100
AcDbDictionary
  281
1
  3
1654967913120
  350
302
  3
1654967913136
  350
303
  3
1654967913152
  350
304
  3
1654967913168
  350
305
  3
1654967913184
  350
306
  0
DICTIONARY
  5
33C
  330
1A9
  100
AcDbDictionary
  280
1
  281
1
  3
ACAD_XREC_ROUNDTRIP
  360
33D
  0
DICTIONARY
  5
191
  330
22
  100
AcDbDictionary
  280
1
  281
1
  0
DICTIONARY
  5
185
  330
93
  100
AcDbDictionary
  280
1
  281
1
  3
FBXASSET
  360
186
  0
DICTIONARY
  5
183
  330
92
  100
AcDbDictionary
  280
1
  281
1
  3
FBXASSET
  360
184
  0
DICTIONARY
  5
10B
  330
94
  100
AcDbDictionary
  280
1
  281
1
  3
BUMPTILE
  360
10D
  3
DIFFUSETILE
  360
10C
  3
FBXASSET
  360
187
  3
OPACITYTILE
  360
10E
  3
REFLECTIONTILE
  360
10F
  0
DICTIONARY
  5
33A
  330
1A7
  100
AcDbDictionary
  280
1
  281
1
  3
ACAD_XREC_ROUNDTRIP
  360
33B
  0
DICTIONARY
  5
FF
  330
A7
  100
AcDbDictionary
  280
1
  281
1
  3
ACAD_ROUNDTRIP_2008_TABLESTYLE_CELLSTYLEMAP
  360
300
  0
DICTIONARY
  5
314
  330
9B
  100
AcDbDictionary
  280
1
  281
1
  3
ACAD_XREC_ROUNDTRIP
  360
315
  0
DICTIONARY
  5
312
  330
9A
  100
AcDbDictionary
  280
1
  281
1
  3
ACAD_XREC_ROUNDTRIP
  360
313
  0
DICTIONARY
  5
320
  330
A1
  100
AcDbDictionary
  280
1
  281
1
  3
ACAD_XREC_ROUNDTRIP
  360
321
  0
DICTIONARY
  5
328
  330
A5
  100
AcDbDictionary
  280
1
  281
1
  3
ACAD_XREC_ROUNDTRIP
  360
329
  0
DICTIONARY
  5
31A
  330
9E
  100
AcDbDictionary
  280
1
  281
1
  3
ACAD_XREC_ROUNDTRIP
  360
31B
  0
DICTIONARY
  5
31E
  330
A0
  100
AcDbDictionary
  280
1
  281
1
  3
ACAD_XREC_ROUNDTRIP
  360
31F
  0
DICTIONARY
  5
32E
  330
172
  100
AcDbDictionary
  280
1
  281
1
  3
ACAD_XREC_ROUNDTRIP
  360
32F
  0
DICTIONARY
  5
326
  330
A4
  100
AcDbDictionary
  280
1
  281
1
  3
ACAD_XREC_ROUNDTRIP
  360
327
  0
DICTIONARY
  5
30A
  330
96
  100
AcDbDictionary
  280
1
  281
1
  3
ACAD_XREC_ROUNDTRIP
  360
30B
  0
DICTIONARY
  5
30C
  330
97
  100
AcDbDictionary
  280
1
  281
1
  3
ACAD_XREC_ROUNDTRIP
  360
30D
  0
DICTIONARY
  5
30E
  330
98
  100
AcDbDictionary
  280
1
  281
1
  3
ACAD_XREC_ROUNDTRIP
  360
30F
  0
DICTIONARY
  5
310
  330
99
  100
AcDbDictionary
  280
1
  281
1
  3
ACAD_XREC_ROUNDTRIP
  360
311
  0
DICTIONARY
  5
318
  330
9D
  100
AcDbDictionary
  280
1
  281
1
  3
ACAD_XREC_ROUNDTRIP
  360
319
  0
DICTIONARY
  5
32A
  330
170
  100
AcDbDictionary
  280
1
  281
1
  3
ACAD_XREC_ROUNDTRIP
  360
32B
  0
DICTIONARY
  5
324
  330
A3
  100
AcDbDictionary
  280
1
  281
1
  3
ACAD_XREC_ROUNDTRIP
  360
325
  0
DICTIONARY
  5
32C
  330
171
  100
AcDbDictionary
  280
1
  281
1
  3
ACAD_XREC_ROUNDTRIP
  360
32D
  0
DICTIONARY
  5
31C
  330
9F
  100
AcDbDictionary
  280
1
  281
1
  3
ACAD_XREC_ROUNDTRIP
  360
31D
  0
DICTIONARY
  5
338
  330
17F
  100
AcDbDictionary
  280
1
  281
1
  3
ACAD_XREC_ROUNDTRIP
  360
339
  0
DICTIONARY
  5
336
  330
17E
  100
AcDbDictionary
  280
1
  281
1
  3
ACAD_XREC_ROUNDTRIP
  360
337
  0
DICTIONARY
  5
330
  330
17B
  100
AcDbDictionary
  280
1
  281
1
  3
ACAD_XREC_ROUNDTRIP
  360
331
  0
DICTIONARY
  5
332
  330
17C
  100
AcDbDictionary
  280
1
  281
1
  3
ACAD_XREC_ROUNDTRIP
  360
333
  0
DICTIONARY
  5
322
  330
A2
  100
AcDbDictionary
  280
1
  281
1
  3
ACAD_XREC_ROUNDTRIP
  360
323
  0
DICTIONARY
  5
316
  330
9C
  100
AcDbDictionary
  280
1
  281
1
  3
ACAD_XREC_ROUNDTRIP
  360
317
  0
DICTIONARY
  5
334
  330
17D
  100
AcDbDictionary
  280
1
  281
1
  3
ACAD_XREC_ROUNDTRIP
  360
335
  0
XRECORD
  5
302
  102
{ACAD_REACTORS
  330
308
  102
}
  330
308
  100
AcDbXrecord
  280
1
  1
AcDb_Thumbnail_Schema
  102
{ATTRRECORD
  341
303
  2
AcDbDs::TreatedAsObjectData
  280
1
  291
0
  102
ATTRRECORD}
  102
{ATTRRECORD
  341
304
  2
AcDbDs::Legacy
  280
1
  291
0
  102
ATTRRECORD}
  2
AcDbDs::ID
  280
10
  91
8
  102
{ATTRRECORD
  341
305
  2
AcDs:Indexable
  280
1
  291
0
  102
ATTRRECORD}
  102
{ATTRRECORD
  341
306
  2
AcDbDs::HandleAttribute
  280
7
  282
1
  102
ATTRRECORD}
  2
Thumbnail_Data
  280
15
  91
0
  0
XRECORD
  5
303
  102
{ACAD_REACTORS
  330
308
  102
}
  330
308
  100
AcDbXrecord
  280
1
  1
AcDbDs::TreatedAsObjectDataSchema
  2
AcDbDs::TreatedAsObjectData
  280
1
  91
0
  0
XRECORD
  5
304
  102
{ACAD_REACTORS
  330
308
  102
}
  330
308
  100
AcDbXrecord
  280
1
  1
AcDbDs::LegacySchema
  2
AcDbDs::Legacy
  280
1
  91
0
  0
XRECORD
  5
305
  102
{ACAD_REACTORS
  330
308
  102
}
  330
308
  100
AcDbXrecord
  280
1
  1
AcDbDs::IndexedPropertySchema
  2
AcDs:Indexable
  280
1
  91
0
  0
XRECORD
  5
306
  102
{ACAD_REACTORS
  330
308
  102
}
  330
308
  100
AcDbXrecord
  280
1
  1
AcDbDs::HandleAttributeSchema
  2
AcDbDs::HandleAttribute
  280
7
  91
1
  284
1
  0
XRECORD
  5
33D
  102
{ACAD_REACTORS
  330
33C
  102
}
  330
33C
  100
AcDbXrecord
  280
1
  102
DISPLAYNAME
  1
Imperial24
  102
FLAGS
  90
0
  0
XRECORD
  5
186
  102
{ACAD_REACTORS
  330
185
  102
}
  330
185
  100
AcDbXrecord
  280
1
  70
1
  90
429727718
  1
7581DE8E-A623-425F-9BF4-B3F4BE6C4F9A
  310
504B03040A0000080000AC70623B3DEE336E79000000790000001B0000006175746F6465736B2D64657369676E2D7061636B6167652E786D6C3C3F786D6C2076657273696F6E3D22312E302220656E636F64696E673D227574662D3822203F3E3C666F726D6174733E3C666F726D61743E687474703A2F2F736368656D612E
  310
6175746F6465736B2E636F6D2F64657369676E2D7061636B6167652F323030393C2F666F726D61743E3C2F666F726D6174733E504B0304140006080800AC70623BD486FD9CA0000000F4000000130000005B436F6E74656E745F54797065735D2E786D6C7D8EC10E82300C865F65E91D8A1E8C310C0EEA1BF002731658846E
  310
D98AC1B77784ABF1D8FE5FBFBF75BBCE937A534CCEB38643598122B6FEE978D0B0485F9C41B54DDD7D022595594E1A469170414C76A4D9A4D207E29CF43ECE46F218070CC6BECC4078ACAA135ACF422C856C0E68EA1BF5669944DDD7BCDE7B1F8E415D77AECB980613C2E4AC91FC167A2B244592486606FC29C8FD7F045B9A
  310
EF7053A7E60B504B0304140006080800AC70623B9A2F3B5FEC0000007C01000008000000636F72652E786D6C8D90416E83301045AF62CDB632D8040820E328B4E204BD80653BC44AB011B6AB1EBF262152BBEB6A467FFE9B197D76FA9EEFE84BAFDE38DB03CD08206DA553C64E3DC470C10DA01367AB73E1970D9015B3EE61
  310
9381B3697571D925E96CD03624D53AA5775178AF0320794F4D0F5E5EF52C32114372F85BB608791393CEE8AB4B708C46A1E711A3D23E73317A055E0D4D53D6C71A9FC7A1C6657D18703354232ECFED4731B6B43CBED72CDF60CE82995FF7E5AA45D00A7841488B29C5A4F8A46547AAAEA8DE48D311C2F2CDFE078A8BFA2714
  310
8D0D87627FF78979E0343DF21870966F59A4F2082AD52D37FE03504B0304140006080800AC70623B55019EA25F0000007C00000007000000636E782E786D6C4DCB3B0E80201045D1AD90E915ED2CF8AC45050C11660C8261F98AB1B07AC9C97D42D718D865D3E909258CFD00CCE24AC6E326A164D74DC0B4128928FF326038
  310
472BA13128B1252AC747C6BAB984FC68F0B87FE8960A5C09FE86CFB69FBA01504B0304140006080800AC70623B6E137E0172010000D40300000C0000006662782F636F72652E786D6CC5535B6E833010BC8AE5DF0A6C0810121947A1554ED00B38E05014B091B1518EDFE511A5A9D22AFD2A1F60CDEC7A67C698ED2E6D8306
  310
69FA5AAB0C073EC548AA4297B5AA32ECECC94B31DA7166B4B65FCA3052A295191E61CC5965B4EB16A8D0CA4A650155BA940B28FA5E5A8C8A061619EE8B0FD90A5F380B15FDD9EF44711695F4031F68A8E3ACB70604A079C8F8C6FC74BC3032E39C3957970B5B9730AD3ED5D2601EE7691A25EBC4DB1FF2C48B9255EEA5797C
  310
F0A2FDE62D3C6C8268FD9A3032367366EBF6AAAE30525859621E52BAF182C0A3E17B106D69BC0DE3179A6E2965642CBF6B725DF96493AB955D858BDCB9ADC73C002113F1CD2D4464512F06D04338236388F09912BE0F1A028190AD3836571F67800659586D22604AED6ED4201A27612AF5E9F4A09F178CCC9D3075DA1C5C3F
  310
9C113E3DE3F71DE1A885AAC084B0B03C3A3BEA64B38625B44E1A6FB017A4B46945F39C8D5F1CFE89BA897F28A9D08D36FFA5882C074496DF838CF7917F02504B0304140006080800AC70623BE001BAC07D0000009D0000000B0000006662782F636E782E786D6C4DCCD10AC2201886E15B91FFDCA6536B037548D87D8CE686
  310
E4344CA3CB6F8B1D74F4C1C3C72B87CF1AD0DBE5974F51013D11402EDED3E4E3A2A096197780062D734AE5EF06288EAB53B03368B9E4549F074D6E1E6B289B061F1F07124689687987B9601C7373BD60C36E065B6A6DDF7341A93843A365F32B6DBB87F517504B0304140006080800AC70623B8E5068122901000012020000
  310
310000006662782F30333130353234382D343533342D344143372D413346412D4531454539393435313135362F636F72652E786D6C8D515B6EC32010BC0AE22B55850D364E93081345557A825E801892A2C460F1A872FC2EB523B57FF961D1EECCECECAED8DFC71BFA36215AEF7ACC2A8A917183D7D65D7A9CD3996C30DA4B
  310
11BC4F7F601839359A1E973496E2127C9E96D4E05D322E41D6796D96A48AD1248C861B7C7A1C872F33AA4AE5048878AD26355CD5C554AC8232E0A4882980013437292F96B465B46BF886F0AEE5841FDEDFC8A1FD3890233B1EB75BDE31D6AD453D13A5C8D9EA856E35D8B1676BC2B322852C45B2E3C3FE108C4A4663D950BA
  310
258C11DA7C32BEA3DDAEE95EE96647A9A80BFC1F294FFA4952B62EB5CD6277A6452C99A8E78214DAE7D3ED61C6DC271F122AFD56D10C2F305545CB6A60FC1908E383E29A2F8A31F900EB5D5D4F8065DD2CBBE652D4E542107ECF07B15C53FE00504B0304140006080800AC70623B503B51794E010000330300003000000066
  310
62782F30333130353234382D343533342D344143372D413346412D4531454539393435313135362F636E782E786D6CD593C16EC32010447F0571AD6CE3D489D20813A9877E410FBD62D82434182CC055F3F75D1292E692438FBD206B7698593D61BEFD1E2DF982108D773D6D6B460938E5B571FB9ECE6957AD29D90A1EBC4F
  310
77364A9C1CA1A759A682EF839FA72269D8C9D92654AD71C72206887E0E0A22CAF926B15E498B01E0AA19451807D01A34B919F16B070157417138917400F2F6FA41FCF0092A45DEE414C19BDC21783E4BD39D891265658C3D8DEA00A3ACE59CBC8678ACB54CB26EEB6BD7839D7E9348BE70AD9C8321B9BCA7F9A4A26C542347
  310
DEE050F09802D22BA6749A800A394DD62899107273365E3C82CFC6A55557BC06C10774B7ABE7AEC3B0F34CF06446280E154026D0542C187BA9DAB6628BF7B6DBB0E566B17C62EB0D63BCC976C107EF6DB9843110FC449477095CA2A2E54D1E3FC2577C449B80AC7D38FD01240228AD173AB78CFFCCA739BF6FC415F02F103F
  310
504B0304140006080800AC70623B38FA165F680500003C100000340000006662782F30333130353234382D343533342D344143372D413346412D4531454539393435313135362F6F626A656374732E786D6CAD575D6FA33814FD2B887D0E8424EDB42BCAA8499A2A1A756634D18CF6A15264C0A16CC146B6E9A4FBEBF7180C
  310
019276B21F7908D8D8F7F3DCE36BFFE33ECFAC172A64CAD98DED3963DBA22CE271CA921BBB54BBD1956D7D0C7CC1B9EA2CB32D46727A63EB693BF013C1CBC24CC57447CA4C0D6657F33F2C1951466D2BCA889437B68C9E684E1C522A1E53F9ECC4441127D9ED1DCFA917F6C52682144F03A105119429588A790629566D94D7
  310
1F8E6D37F05DFD3DF0F5BF59357D7B955BF9D3D79F32A9088B8E940DC44CBDD9F26E72713DBA98CDA6A3D9E5C41BCD57F3E5C8FB301D2F2E178BEBDBBB6B28964A4092B144D09D1DDC2336228D7CB7FED45A6C0C3F6552C419A351E53F3CAC6C3612635A5016238F2995D0D6F17ADC1F7A3A369DCF533D362ABBD3E779D5DD
  310
D111D4D8DE3CBB96F2F04FB820CF41859054A3AA8E8F71B4C6DFF810B590F3CC7C4BA5951345454A322B4B4341C4AB1D60A95E12F83D311A9D42235C7B6007DE415ED75694C6AFB17BCACA5D99651A9A7650217B0BFC53252BCBD2BFA838AD0D36215765CAD4957148BD16D40EAE7DB79A0C7CFD984ECCC73A90D62E230952
  310
0E37EBAF034717BAF6D64B3BF8B40AF71B5D8FA79517821754280D1F40AB495CF3D451326ABDB332A737C0995ECC0F41F986C87F46F91E4C41DE44BA9FED67468B1284C91D173972E38CAB9F356E5E46EDDBF10BF86CB0FA784D3BF3AF16FB6E6B6C9F30DECA1FC0A55373F5DFF3D78F5917A99DF405FE0B0A8C8BA909E526
  310
2219A8E72165488806A595714C81CB77E1DE0ED6604A303B76912C680372F4E2BB2FF88EFF5A36D8AA52DF79322474C0B767303F625995056C7B032C473C592936CEBD15F38BFFA5666E979B4F9B52EC48441F0CB12CE92E65A9C2D979006FD7A05E227A1E3DD3D79F5CC470F438099B6E1272A34A22DA3AE63AF0497358E8
  310
C141734F41847D09D79CE7FF42C3432A239A6584515E365ADA634863B52519D327A00AEB804E2703140BFA92EA4EA2B7A26716CEFA48A4850E597BE8B53CEDBCE1CBF7F56780D20EE6AF73A0F5F9B02A3CD07DC4332EB6E1EBB666421BE0C39E3EBA7FF4E16D22EA6A29407C85E586724C88B771BADB9512BC7B228A3FD68B
  310
6EA65A22397E690AA8D158D7E40CEC8CDA23C2C0B7D1898640101CEC9C6D531CE328CB93CABBBA870A6425F70DF96199175B92F392A973C2346EFC69AC6F8577BB18F993A8E8C90E36D573340765C7343EA4AA87027D049DF0A9979E0F1757DEF2EEEA6E747B39412B35B9588DAEE7ABD9683E5DCDE677978BD9EAFAB6B5A8
  310
B224F09B13AA5B8388264E44BF14A909F3F7F5A16CEDE08128E9DED705E526F5F3FBDA415BECBBD80380B71BD77991D19C3245347C1FF44BF68DA0ABE8C9A8E7D73949E81952BEDC6F063660E68C7D5F75A9D19F83BD6676A16BE1A410F554E621236936D8681C770A9618B79B50B6CF9AD19BA11E9978A20F953C4B63104E
  310
6C2594E7548176CE607B915309C474BBF2D8DC1ECED8FD52F7838A84196D2C79226889330954036E65A4FAF3D66F68E174177563E3B0739EF1670AD1B690EA1B1BFCA6D2884A27C4F1A81B9F4A3820802EAC2541408DB02443675D6F6AC7ED2E1D1BD00F4E40A3BF5D724EB764FCEA116F4E8A02A7768F562BDB8C82E81F39
  310
DE98631185D7B054AD2F8789D6994A0D2AAB76CADC0DD0423C1BD57BD4D7FB6E794EB5A61791B3EE49EF82A0963A524424D5BD40DB674CBA5D7E75D10A58EB2F569195097279BEA491A00073A90B1C28022A8CCC82284075F1FBE357C17117CDAD550A083C2E789E736606B7E62E6B6D9E70338D1F410B545F3FE464EC798F
  310
55D76F2E22DB9048EA90583E63A22938EDC1006B00E4D1716A52E0EA1C0C96AF9796393066105A81F6A829ADAFE1168A47DF1C75A974C9B278B7F177ABA5008340CB1EFC0D504B0304140006080000AC70623B000000000000000000000000350000006662782F30333130353234382D343533342D344143372D413346412D
  310
4531454539393435313135362F76657274696365732E62696E504B0304140006080800AC70623BF270F1330600000004000000360000006662782F30333130353234382D343533342D344143372D413346412D4531454539393435313135362F747269616E676C65732E62696E636660600000504B0304140006080000AC70
  310
623B000000000000000000000000370000006662782F30333130353234382D343533342D344143372D413346412D4531454539393435313135362F617474726962757465732E62696E504B0304140006080800AC70623B08DA0BD19000000041010000360000006662782F30333130353234382D343533342D344143372D41
  310
3346412D4531454539393435313135362F6469726563746F72792E786D6C858F410AC3201045AF22B36F53E9A60B35CBEEBAE80D244E44489C6234F4F835464A48035D0DF398FF9F8AF63D0E6CC63039F212F8F9020C7D47C6792B21C5FE7403D62A1188E2E60C98D7234A5830286103A55745067B9D86B8A3CF9C7F90C11D
  310
E607FB144396D7B6A82D282E9A152AD114D5EF2CB866EEE831B8EEA07A7BB5A8D7D61A2BAAEB7FD5F70921FF497D00504B0304140006080800AC70623BF2C5666EFF000000A00100003B0000006662782F30333130353234382D343533342D344143372D413346412D4531454539393435313135362F7265736F7572636573
  310
2F636F72652E786D6C8D504B6E833010BD0A9A6D65B00910888CA3D02A27E8052C33A156821DF953F5F8B5132AB5BB6E6646EFA3797AFCF8B5DE8A4F745E5B33022B291468949DB5594688E1427A288E823B6BC32F191446AE38428641F0C5D978DF20654D4013126AEC8C1B28BDC70085BAA56304AF3E7095A58C2129FCB5
  310
BC4B75950B96AC4C74D209EE834B018AE7933C4138F4363A859E574F56F018F5BC69F49C7EEA8B4607A29DFABEE9F62D399DA78E34DD6E22FDD49E49731ADEEAF3C09AFD6BC7AB6C163CE8F527A3722803CE206A4A07C218A1F53B6B0EB43DD4ED0BED0F94F22ACBFF98E27DFEA7296A1376F516F769F320580AF22004AF72
  310
5F693DCA4C3B772BBE01504B010214000A0000080000AC70623B3DEE336E79000000790000001B00000000000000000000000000000000006175746F6465736B2D64657369676E2D7061636B6167652E786D6C504B01021400140006080800AC70623BD486FD9CA0000000F40000001300000000000000000000000000B200
  310
00005B436F6E74656E745F54797065735D2E786D6C504B01021400140006080800AC70623B9A2F3B5FEC0000007C010000080000000000000000000000000083010000636F72652E786D6C504B01021400140006080800AC70623B55019EA25F0000007C000000070000000000000000000000000095020000636E782E786D
  310
6C504B01021400140006080800AC70623B6E137E0172010000D40300000C00000000000000000000000000190300006662782F636F72652E786D6C504B01021400140006080800AC70623BE001BAC07D0000009D0000000B00000000000000000000000000B50400006662782F636E782E786D6C504B010214001400060808
  310
00AC70623B8E506812290100001202000031000000000000000000000000005B0500006662782F30333130353234382D343533342D344143372D413346412D4531454539393435313135362F636F72652E786D6C504B01021400140006080800AC70623B503B51794E010000330300003000000000000000000000000000D3
  310
0600006662782F30333130353234382D343533342D344143372D413346412D4531454539393435313135362F636E782E786D6C504B01021400140006080800AC70623B38FA165F680500003C10000034000000000000000000000000006F0800006662782F30333130353234382D343533342D344143372D413346412D4531
  310
454539393435313135362F6F626A656374732E786D6C504B01021400140006080000AC70623B0000000000000000000000003500000000000000000000000000290E00006662782F30333130353234382D343533342D344143372D413346412D4531454539393435313135362F76657274696365732E62696E504B01021400
  310
140006080800AC70623BF270F133060000000400000036000000000000000000000000007C0E00006662782F30333130353234382D343533342D344143372D413346412D4531454539393435313135362F747269616E676C65732E62696E504B01021400140006080000AC70623B0000000000000000000000003700000000
  310
000000000000000000D60E00006662782F30333130353234382D343533342D344143372D413346412D4531454539393435313135362F617474726962757465732E62696E504B01021400140006080800AC70623B08DA0BD1900000004101000036000000000000000000000000002B0F00006662782F30333130353234382D
  310
343533342D344143372D413346412D4531454539393435313135362F6469726563746F72792E786D6C504B01021400140006080800AC70623BF2C5666EFF000000A00100003B000000000000000000000000000F1000006662782F30333130353234382D343533342D344143372D413346412D453145453939343531313536
  310
2F7265736F75726365732F636F72652E786D6C504B0506000000000E000E0080040000671100000000
  0
XRECORD
  5
184
  102
{ACAD_REACTORS
  330
183
  102
}
  330
183
  100
AcDbXrecord
  280
1
  70
1
  90
429727718
  1
778E3A9F-1AF3-452F-85C1-1BC15BD3F630
  310
504B03040A0000080000AC70623B3DEE336E79000000790000001B0000006175746F6465736B2D64657369676E2D7061636B6167652E786D6C3C3F786D6C2076657273696F6E3D22312E302220656E636F64696E673D227574662D3822203F3E3C666F726D6174733E3C666F726D61743E687474703A2F2F736368656D612E
  310
6175746F6465736B2E636F6D2F64657369676E2D7061636B6167652F323030393C2F666F726D61743E3C2F666F726D6174733E504B0304140006080800AC70623BD486FD9CA0000000F4000000130000005B436F6E74656E745F54797065735D2E786D6C7D8EC10E82300C865F65E91D8A1E8C310C0EEA1BF002731658846E
  310
D98AC1B77784ABF1D8FE5FBFBF75BBCE937A534CCEB38643598122B6FEE978D0B0485F9C41B54DDD7D022595594E1A469170414C76A4D9A4D207E29CF43ECE46F218070CC6BECC4078ACAA135ACF422C856C0E68EA1BF5669944DDD7BCDE7B1F8E415D77AECB980613C2E4AC91FC167A2B244592486606FC29C8FD7F045B9A
  310
EF7053A7E60B504B0304140006080800AC70623BFD5588D4EC0000007C01000008000000636F72652E786D6C8D90416EC3201045AF82665B6103891DC7C24471939CA01740405C94182C03558F5F9C3852BBEB6A467FFE9B197D7EF81EEFE8CBCCC17AD7012D0820E394D7D60D1DA478C50DA083E0B3F7F1970D9093A3E960
  310
9141F061F6695A25E55D342E66D5796D56518660222075CF4D07417D9A511632C5EC08B76292EA260753D05797E194AC46CF2356E77DF66ACD0C62C768BD63971E5727D2E06DDF9C71BF7B3FE10BABF79BFA488FE4DCF07281058F767CDD57B391D168108C903DA61413F641B72DA95A56BD91A62584978BFD0F9426FD4F28
  310
5917376C7DF7890510343FF218085E2E59E4F2082AD72537F103504B0304140006080800AC70623B55019EA25F0000007C00000007000000636E782E786D6C4DCB3B0E80201045D1AD90E915ED2CF8AC45050C11660C8261F98AB1B07AC9C97D42D718D865D3E909258CFD00CCE24AC6E326A164D74DC0B4128928FF326038
  310
472BA13128B1252AC747C6BAB984FC68F0B87FE8960A5C09FE86CFB69FBA01504B0304140006080800AC70623BB5D38BAD72010000D40300000C0000006662782F636F72652E786D6CC553DB8E823014FC95A6AF1B68C11B9A52A3AB7EC1FE4085CA36424B4A4BFCFC3D5C8CEBC635EED3F200CDCC393D3353CAD697AA44AD
  310
B48D323AC5514831923A33B9D2458ABD3B0509466BCEAC31EE5B19465A5432C51D8C392BACF1F50865463BA91DA0DAE4720445D348875156C222C54DF6292B110AEFA0A23987B5C8CEA2906114020D759C35CE8200340CE9DE989F8E1746069C33EF553EB22A8769EAA4A4C57C1147F3457CD806B31D4D82E936D907DBC5FB
  310
2E38C4F3E564BE8936749F30D23573E65475559759299CCC318F295D065114D0F8239AAEE86C15CFDE68B2A29491AEFCAEC9D7F98B4D5E69378947B9435B837904427AE2875B88C8A146B4A0877046BA10E1D3277C1F340402213B712CAF3ECE00B53273C64E81C98DBF51AD28BD84A934A4FD837E5F303274C2D47E7370FD
  310
7046FCF28CE73BC2510B5D8009E16079F4AED3C9060D6368B5B441EB2E481B5B89F2351B4F1CFE89BA897F282933A5B1FFA5888C0744C6DF8374F7917F01504B0304140006080800AC70623B09885E1C7E0000009D0000000B0000006662782F636E782E786D6C4DCCDF0A83201C86E15B91DFB9CBA6FD11D41063F711CB42
  310
663A9C8E5DFE6A74B0A30F1E3E5E317C368FDE36BD5C0C12EA0B0164C33DCE2EAC124A5E700F685022C598FF6E80C2B459090783126B8AE579D26C97A9F8BCAB77E17122E586D5843498B3EE8699D114F39E5E713D76EDA84DCBB569A052A2FA95F63DC2EA0B504B0304140006080800AC70623B961D28872A010000120200
  310
00310000006662782F33394334313030352D393437462D344341332D393833322D3144373644414336394143352F636F72652E786D6C8D515B6EC32010BC8AC557AA0A1BFC4A1C61A2C8514FD00B10435294182C1E558EDFA576A4F62F3F80666766875D76784CF7EC5B39AFADE911CD09CA9419ADD4E6DAA3182E7887B203
  310
67CEDAF08786322326D5A30423CEAECEC67985466B8232015063A55A41E1BD0A281BEFF0E8911FBFD42472110330FC2D9FC578135795D31CCAC0E3CC070701B2A5493A11AFBAA1A68434B8ABB71FB81E8E15EE765589E969DB9E8E43DB1D8786158B90B318B55CE55A421C7DD1CABD6A92C49C053D3DE38F4E89A024E22521
  310
1DA61493F293D67BD2ECCBE69DECF684B022D1FF89E22C5F14456D4255AE711799479CB2622970266D3CDF9F61D463B62E64A9DFC6ABF10D7192C35CCA0A040B11BE0F8E6DBD3AFA601D8C77733B0397C290926D5B7356A40DC1F5BB3EB8D336F90F504B0304140006080800AC70623B503B51794E01000033030000300000
  310
006662782F33394334313030352D393437462D344341332D393833322D3144373644414336394143352F636E782E786D6CD593C16EC32010447F0571AD6CE3D489D20813A9877E410FBD62D82434182CC055F3F75D1292E692438FBD206B7698593D61BEFD1E2DF982108D773D6D6B460938E5B571FB9ECE6957AD29D90A1E
  310
BC4F77364A9C1CA1A759A682EF839FA72269D8C9D92654AD71C72206887E0E0A22CAF926B15E498B01E0AA19451807D01A34B919F16B070157417138917400F2F6FA41FCF0092A45DEE414C19BDC21783E4BD39D891265658C3D8DEA00A3ACE59CBC8678ACB54CB26EEB6BD7839D7E9348BE70AD9C8321B9BCA7F9A4A26C54
  310
2347DEE050F09802D22BA6749A800A394DD62899107273365E3C82CFC6A55557BC06C10774B7ABE7AEC3B0F34CF06446280E154026D0542C187BA9DAB6628BF7B6DBB0E566B17C62EB0D63BCC976C107EF6DB9843110FC449477095CA2A2E54D1E3FC2577C449B80AC7D38FD01240228AD173AB78CFFCCA739BF6FC415F02F
  310
103F504B0304140006080800AC70623B2EA4D28F640500003C100000340000006662782F33394334313030352D393437462D344341332D393833322D3144373644414336394143352F6F626A656374732E786D6CAD575D739B3814FD2B0CFB6C30B1D3263B844E6CC71D4F376DA79E76F621331E01326103122389C4E9AFDF
  310
231018B09D7A3FFC609090EEE7B94757FE875D9E59CF54C894B31BDB73C6B64559C4E394253776A9B6A32BDBFA10F88273D559665B8CE4F4C6D6D376E027829785998AE99694991ACC2E677F5A32A28CDA569411296F6C193DD29C38A4543CA6F2C98989224EB2DD399E532FEC8B4D04291E07420B222853B014F30C52ACDA
  310
28AF3F1CDB6EE0BBFA7BE0EB7FB36A727A955BF9D3D79F32A9088B0E940DC44CBCE9E2EEE2F27A74399D4E46D37717DE68B69C2D46DEFBC978FE6E3EBFBEBDBB8662A90424194B04DDDAC147C446A491EFD69F5A8B8DE1C74C8A386334AAFC878795CD46624C0BCA62E431A512DA3A5E8FFB434FC7A6F379A2C7466577FA3C
  310
AFBA3B3A821ADB9B67D7521EFE0517E439A810926A54D5F1318ED6F81BEFA316729E996FA9B472A2A84849666569288878B5032CD54B02BF2746A35368846B0FECC0DBCBEBDA8AD2F835768F59B92DB34C43D30E2A646F807FAA646559FA938AE3DA60137255A64C5D1987D46B41EDE0DA77ABC9C0D78FC985F95807D2DA66
  310
2441CAE166FD75E0E85CD7DE6A61079F96E16EADEBF1B8F242F0820AA5E1036835896B9E3A4A46AD7756E6F40638D38BF93E28DF10F9CF28DFBD29C89B4877D3DDD468518230B9E522476E9C71F5B3C6CDCBA87D3B7C019F0D561FAE6967FED562DF6D8DED13C6A9FC015C3A3557FF3D7FFD987591DA495FE03FA3C0B89898
  310
50AE2392817AEE53868468505A19C714B87C1BEEEC6005A604B36317C9823620072FBEFB8CEFF8AF6583AD2AF59D274342077C7B06F323965559C0B6136039E0C94AB171EE54CC2FFF979AB95DAC3FAD4BB12511BD37C4B2A0DB94A50A67E71EBC5D837A89E879F4445F5FB888E1E86112D6DD24E4469544B475CC75E093E6
  310
B0D083BDE69E8208FB12AE39CFFF8586FB544634CB08A3BC6CB4B4C790C66A4B32A64F4015D6019D5C0C502CE873AA3B89DE8A9E5938EB2391163A64EDA1D7F2B473C297EFABCF00A51DCC5EFF20AF5DC20CF7741FF18C8B4DF8BAA999D006F8B0A78FEE1F7D789B88BA5A0A105F61B9A11C13E24D9C6EB7A504EF1E89E28F
  310
D5BC9BA996480E5F9A026A34D63539053BA3F68830F06D74A2211004073B679B14C738CAF2A8F2AEEEA10259C93D213F2CF36243725E32754E98C68D3F8DF5ADF06E17235F888A1EED605D3D473350764CE31309D547D0119F7AE979FFFEEA6E727BBD1C79B74BB4529717CBD1D5E5DC1B79B3B977395B4C96EF2638E6FA15
  310
D09C50DD1A44347122FAA5484D98BFAFF6656B07F74449F7635D506E523FBFAF1CB4C5BE8B3D0078BB71951719CD295344C3F75EBF64DF08BA8A9E8C7A7E9593849E21E5CBC7F5C006CC9CB1EFAB2E35FA32D86B66E7BA168E0A518F651E329266838DC671A7608971BB0965FBAC19BD19EA918927FA50C9B33406E1C45642
  310
794E1568E70CB6173995404CB72B8FCDEDE18CDDCF753FA84898D1C6924782963893403548A78C547FDEFA0D2D9CEEA26E6C1C76CE13FE4C21DA16527D6383DF541A51E984381E75E353090704D085B52408D0139664E8ACEB4DEDB8DDA56303FAC10968F4B74BCEE9968C5F3DE2CD4951E0D4EED16A659B5110FD23C71B73
  310
2CA2F01A96AAF5653FD13A53A909C03570A77DA0857832AA77A8AFB7DDF29C6A4D2F2267DD93DE04412D75A48848AA7B810EBA31E976F1D5452B60ADBE58455626C8E5F992468202CCA52E70A008A830320BA200D5F9EF0F5F05C75D34B7962920F030E779CE9919DC9ABBACB57EC4CD347E002D507DFD901763CF7BA8BA7E
  310
7311D984445287C4F209134DC1690F065803200F8E53733D73750E06CB570BCB1C185308AD407BD094D6D7700BC5A36F8EBA54BA6459BCD9F8BBD552A040A0650FFE06504B0304140006080000AC70623B000000000000000000000000350000006662782F33394334313030352D393437462D344341332D393833322D3144
  310
373644414336394143352F76657274696365732E62696E504B0304140006080800AC70623BF270F1330600000004000000360000006662782F33394334313030352D393437462D344341332D393833322D3144373644414336394143352F747269616E676C65732E62696E636660600000504B0304140006080000AC70623B
  310
000000000000000000000000370000006662782F33394334313030352D393437462D344341332D393833322D3144373644414336394143352F617474726962757465732E62696E504B0304140006080800AC70623B08DA0BD19000000041010000360000006662782F33394334313030352D393437462D344341332D393833
  310
322D3144373644414336394143352F6469726563746F72792E786D6C858F410AC3201045AF22B36F53E9A60B35CBEEBAE80D244E44489C6234F4F835464A48035D0DF398FF9F8AF63D0E6CC63039F212F8F9020C7D47C6792B21C5FE7403D62A1188E2E60C98D7234A5830286103A55745067B9D86B8A3CF9C7F90C11DE607
  310
FB144396D7B6A82D282E9A152AD114D5EF2CB866EEE831B8EEA07A7BB5A8D7D61A2BAAEB7FD5F70921FF497D00504B0304140006080800AC70623B95BFD5E5FE000000A00100003B0000006662782F33394334313030352D393437462D344341332D393833322D3144373644414336394143352F7265736F75726365732F63
  310
6F72652E786D6C8D50596E833010BD0A9ADFCA603B1B41C611699213F40296992456828DBC543D7E4DA052FBD79F99D15B344F4F1CBE8667F1893E18675B60258502AD76BDB1B71652BC921A8A8314DEB9F84B06855503B630C120C5CDBB342E907636A28D19B5AEC70554216084423FF3D142D0771C54A952CC8AF02847A5
  310
1FEA86252B339D755284E87380627E324D901E834B5E6310D5CC4A9192E9178DE9F34F7335E841EE38DBEEF8A5239B13ADC9FA589FC971F77E2217BEDDAFB61DEBE8B916D56496229AE127A3F6A822F62039A57BC218A1FC83AD1BBA69F8E68DD60DA5A29AE47F4C69ECFF694AC6C6155FE2CEB60092E5202F428A6AEA2BAF
  310
5799794FDDCA6F504B010214000A0000080000AC70623B3DEE336E79000000790000001B00000000000000000000000000000000006175746F6465736B2D64657369676E2D7061636B6167652E786D6C504B01021400140006080800AC70623BD486FD9CA0000000F40000001300000000000000000000000000B20000005B
  310
436F6E74656E745F54797065735D2E786D6C504B01021400140006080800AC70623BFD5588D4EC0000007C010000080000000000000000000000000083010000636F72652E786D6C504B01021400140006080800AC70623B55019EA25F0000007C000000070000000000000000000000000095020000636E782E786D6C504B
  310
01021400140006080800AC70623BB5D38BAD72010000D40300000C00000000000000000000000000190300006662782F636F72652E786D6C504B01021400140006080800AC70623B09885E1C7E0000009D0000000B00000000000000000000000000B50400006662782F636E782E786D6C504B01021400140006080800AC70
  310
623B961D28872A0100001202000031000000000000000000000000005C0500006662782F33394334313030352D393437462D344341332D393833322D3144373644414336394143352F636F72652E786D6C504B01021400140006080800AC70623B503B51794E010000330300003000000000000000000000000000D5060000
  310
6662782F33394334313030352D393437462D344341332D393833322D3144373644414336394143352F636E782E786D6C504B01021400140006080800AC70623B2EA4D28F640500003C1000003400000000000000000000000000710800006662782F33394334313030352D393437462D344341332D393833322D3144373644
  310
414336394143352F6F626A656374732E786D6C504B01021400140006080000AC70623B0000000000000000000000003500000000000000000000000000270E00006662782F33394334313030352D393437462D344341332D393833322D3144373644414336394143352F76657274696365732E62696E504B01021400140006
  310
080800AC70623BF270F133060000000400000036000000000000000000000000007A0E00006662782F33394334313030352D393437462D344341332D393833322D3144373644414336394143352F747269616E676C65732E62696E504B01021400140006080000AC70623B0000000000000000000000003700000000000000
  310
000000000000D40E00006662782F33394334313030352D393437462D344341332D393833322D3144373644414336394143352F617474726962757465732E62696E504B01021400140006080800AC70623B08DA0BD190000000410100003600000000000000000000000000290F00006662782F33394334313030352D393437
  310
462D344341332D393833322D3144373644414336394143352F6469726563746F72792E786D6C504B01021400140006080800AC70623B95BFD5E5FE000000A00100003B000000000000000000000000000D1000006662782F33394334313030352D393437462D344341332D393833322D3144373644414336394143352F7265
  310
736F75726365732F636F72652E786D6C504B0506000000000E000E0080040000641100000000
  0
XRECORD
  5
10D
  102
{ACAD_REACTORS
  330
10B
  102
}
  330
10B
  100
AcDbXrecord
  280
1
  270
1
  271
1
  0
XRECORD
  5
10C
  102
{ACAD_REACTORS
  330
10B
  102
}
  330
10B
  100
AcDbXrecord
  280
1
  270
1
  271
1
  0
XRECORD
  5
187
  102
{ACAD_REACTORS
  330
10B
  102
}
  330
10B
  100
AcDbXrecord
  280
1
  70
0
  90
1778669749
  1
7E355024-1ABF-47F9-966E-F2159FBE82AB
  310
504B03040A0000080000AC70623B3DEE336E79000000790000001B0000006175746F6465736B2D64657369676E2D7061636B6167652E786D6C3C3F786D6C2076657273696F6E3D22312E302220656E636F64696E673D227574662D3822203F3E3C666F726D6174733E3C666F726D61743E687474703A2F2F736368656D612E
  310
6175746F6465736B2E636F6D2F64657369676E2D7061636B6167652F323030393C2F666F726D61743E3C2F666F726D6174733E504B0304140006080800AC70623BD486FD9CA0000000F4000000130000005B436F6E74656E745F54797065735D2E786D6C7D8EC10E82300C865F65E91D8A1E8C310C0EEA1BF002731658846E
  310
D98AC1B77784ABF1D8FE5FBFBF75BBCE937A534CCEB38643598122B6FEE978D0B0485F9C41B54DDD7D022595594E1A469170414C76A4D9A4D207E29CF43ECE46F218070CC6BECC4078ACAA135ACF422C856C0E68EA1BF5669944DDD7BCDE7B1F8E415D77AECB980613C2E4AC91FC167A2B244592486606FC29C8FD7F045B9A
  310
EF7053A7E60B504B0304140006080800AC70623BDCE527C8EB0000007C01000008000000636F72652E786D6C8D90416EC3201045AF82665B6103B15DC7C24471249FA01740405C94182C03558F5F9C3852BBEB6A467FFE9B197D7EFA9EEFE8CBACC17AD7032D0820E394D7D64D3DA478C52DA093E0ABF7F1970D9093B3E961
  310
9341F069F569D925E55D342E66D5796D76518660222075CF4D0F417D9A591632C5EC08B76291EA262753D05797E194AC46CF2356E77DF66ACD0A621C9B73335C463C5E0E1457EC9DE2A1612D3E9233A92BD2D66333F07283058F767EDD57AB91D168108C9023A61413F641AB8ED41DABDF48DB11C2CBCDFE074A8BFE2794AC
  310
8B07B6BFFBC402089A1F790C042FB72C72790495EB969BF801504B0304140006080800AC70623B55019EA25F0000007C00000007000000636E782E786D6C4DCB3B0E80201045D1AD90E915ED2CF8AC45050C11660C8261F98AB1B07AC9C97D42D718D865D3E909258CFD00CCE24AC6E326A164D74DC0B4128928FF32603847
  310
2BA13128B1252AC747C6BAB984FC68F0B87FE8960A5C09FE86CFB69FBA01504B0304140006080800AC70623BB24894EB71010000D40300000C0000006662782F636F72652E786D6CC5535B6E833010BC8AE5DF0A6C085012194749244ED00B38E05014B091B1518EDFE511A5A9D228FD2A1F60CDEC7A67C6986D2F6D830669
  310
FA5AAB0C073EC548AA4297B5AA32ECECC94B31DA7266B4B6DFCA3052A295191E61CC5965B4EB16A8D0CA4A650155BA940B28FA5E5A8C8A061619EE8B4FD90A5F380B15FDD9EF44711695F4031F68A8E3ACB70604A079C8F8C6FC74BC3032E39C3957970B5B9730AD3ED5D2609EE7C92ED91F722F3FAC022F0ADF036F9F84A9
  310
B7A63B1A47348DF364CFC8D8CC99ADDBABBAC2486165897948E9DA0B028F861F41B4A1F1268CDF68BAA19491B1FCAEC975E58B4DAE5676152E72E7B61EF300844CC40FB7109145BD18400FE18C8C21C2674AF83E68080442B6E2D85C7D9C011A6461B5898029B5BB5183689C84A9D4A7D3837E5F303277C2D4697370FD7046
  310
F8F28CE73BC2510B5581096161797476D4C9660D4B689D34DE602F4869D38AE6351B4F1CFE89BA897F28A9D08D36FFA5882C074496DF838CF7917F01504B0304140006080800AC70623B3A54DFB77D0000009D0000000B0000006662782F636E782E786D6C4DCCD10A83201805E05791FFDEA5EBA76DA046A37C8F581632D3
  310
613AF6F8B3D1C52E0E073E0E47B49FD591B7899B0D5E023F3120C63FC264FD2221A7995E81B44AC410D2DF0C881F5723616750628921BF0E9ACC3C66978A3AEB9F07B2A6D77AB87514F95953EC39D20EEF9C6AD60C88BC2EB940A544F57B2ABD1FAB2F504B0304140006080800AC70623B4A17098729010000120200003100
  310
00006662782F30364446464539412D343132462D344431342D413442312D4630364534343133343431372F636F72652E786D6C8D515B6EC32010BC0AE22B55850D0E76930813A54A7C825E80DA244589C1E251E5F85D6A476AFFF2018B7667666759B1BF8F37F4AD7D30CEB6981514236D7B37187B69718A67B2C1682F8577
  310
2EFE816164D5A85B9CD3588A8B77695A52BDB351DB0859EB06BD2455083A62D4DFE0D1E2D07FE951152A4540846B31A9FEAA2EBA600594012745881E0CA0B949BEB1A4CDB1EB4EDB03E1ACEA083F324E0EFC9D918E3627CED91ACE9B2867A214299961A19B01EC98B3D1FE59914C96229AF161BFF75A453D605951BA258C11
  310
5A7D30BEA3F5AEAA5FE96647A92833FC1F294DC393A4646C5C578BDD9916B064A29C0B520C2E7DDE1E66F47D723EA2DC6F1574FF02531594D6AC69443903617C506CF8A218A2F3F0BDABEB2760593DCB365C8A326F08C2EFFA20E66DCA1F504B0304140006080800AC70623B503B51794E0100003303000030000000666278
  310
2F30364446464539412D343132462D344431342D413442312D4630364534343133343431372F636E782E786D6CD593C16EC32010447F0571AD6CE3D489D20813A9877E410FBD62D82434182CC055F3F75D1292E692438FBD206B7698593D61BEFD1E2DF982108D773D6D6B460938E5B571FB9ECE6957AD29D90A1EBC4F7736
  310
4A9C1CA1A759A682EF839FA72269D8C9D92654AD71C72206887E0E0A22CAF926B15E498B01E0AA19451807D01A34B919F16B070157417138917400F2F6FA41FCF0092A45DEE414C19BDC21783E4BD39D891265658C3D8DEA00A3ACE59CBC8678ACB54CB26EEB6BD7839D7E9348BE70AD9C8321B9BCA7F9A4A26C542347DEE0
  310
50F09802D22BA6749A800A394DD62899107273365E3C82CFC6A55557BC06C10774B7ABE7AEC3B0F34CF06446280E154026D0542C187BA9DAB6628BF7B6DBB0E566B17C62EB0D63BCC976C107EF6DB9843110FC449477095CA2A2E54D1E3FC2577C449B80AC7D38FD01240228AD173AB78CFFCCA739BF6FC415F02F103F504B
  310
0304140006080800AC70623BD8F6D0D5660500003B100000340000006662782F30364446464539412D343132462D344431342D413442312D4630364534343133343431372F6F626A656374732E786D6CAD575B8F9B3814FE2B887D064292B964C5504D92491555D3568D5AEDC348910187610730B2CD4C667FFD7E06438024
  310
6DF6928780CDF1B97EE762EFC33E4B8D57CA45C2F23BD3B547A641F39045491EDF99A5DC59B7A6F1C1F73863B243661A39C9E89DA9B64DDF8B392B0BBD15D11D295339D85DCDFF304448736A1A614A84B83345F84C33629352B2888A173B2292D8F16E6FBB764DD8671B73523C0F981684D35C4253ECE7E062D44AB9FDE5C8
  310
747CCF51DF7D4FFD6BAAC9792AA7B2A72F3FC985247978246CC066E24E970FE3AB9975359D4EACE9F5D8B5E6ABF9D2726F26A3C5F56231BB7F9841B0901C9CB4269CEE4CFF237CC393D073EA4FADC65AF1532A852CCF6958D90F0B2B9D35C78816348F10C7840A48EB583DEA2F5DE59BCEE7895A6B91DDEDCBACEA9EE8306A
  310
746F9E5D4D59F0274C1097A0820BAA5055FB471B5AE36F74F05AC058AABF25C2C888A43C21A991260127FCDDF441AA487CAFC746A1932B842B0B4CDF3DF0EBEA8AD4F835764F69B92BD35441D3F42B646F817F2A45A559F217E5A7A54127C4AA4C7279AB0D92EF0535FD99E7549BBEA71E93B1FE583BD2D8A52446C86166FD
  310
7560E842E5DE7A69FA9F56C17EA3F2F1B4F082B38272A9E0036835816B9ECA4B5AAC7B51E4D40118D3F3F9C129DFE0F9CF48DF832A881B4FF6D3FD544B919CE462C77886D8D8A3EA678C9A17AB7D3B7E413D1B501FD3B43BFF8AD8735A65FB05E35CFC002E159ADBFF1EBFBECFBA48ED84CFF75E91608C4FB42B372149517A
  310
1E931C0151A03452862DD4F25DB037FD352A252A3B4E91D46F1D72F4E239AFF88EFF9A37AA5525BEF3CC11D041BDBDA0F2C397555A40B7336039AA9395606DDC399F5FFD2F3973BFDC7CDA947C4742FAA80BCB92EE923C91E89D07F07615EA05A267D10B7D7F633C82A1C741D8748390695102DE563E578E8F9B66A11607C9
  310
3D0121CEC54CD53CEF17121E1311D2342539656523A56D430AAB6D91D17302B2B076E8643C4031A7AF899A247A143DB5D0EB439E14CA656DD36BEBB47DC696EFEBCF0025E8531690F440141CAA7DC852C6B7C1FBB62E8426B087237D70FFE8A35B3BD4515C00F80ACA4DC5D11EDE46C96E570A94DD134EFCB15E7403D5D691
  310
E397267F1A89754A4E519C917A846BF43632310F7082BECEF26D822E8EAC3C29BC2B7B2840547CCFF00FCAACD8928C95B9BCC44DA3C69E46FB96797788116F4486CFA6BFA99ED61C153BA2D121543D10A80E74C2A65E786E1E265757A3F1D472EFE72B6B7AB39A59B3EBEB076B3576AF66ABF9C3EDF87EDE6A5469E27B4D83
  310
EAA620BC8986E8953CD16EFEBE3E64ADE93F12299C8F753E3971FDFCBEB631157B0ECE00DFEDC17556A434A3B9240ABD8FEA25FD463054F478D4FBEB8CC4F4022E5F3E6E063A60E782735F55A6D1B7C159BDBB50B97092897C2EB32027493A38A80DB78B3CD66637AE6C9F75416F966AA5FD893154B03489506F2223A62CA3
  310
1255E78262CF332A8098EE501EE9CBC305A75FEB71509220A58D26CF0413712A806AC0AD0C657FDFF80D139C1AA2EE4CF43AFB057F3A114D03A1BE3351DE6412526107E88E6AEEA998030218C2DA1A08A8913C4E3158D787DA757B4AF906E5070D50CB6F492E1996B45DBDBA9B91A240D3EE55D54A372D20FC478637EA1844
  310
E23528656BCB61A335A61283CCAA8DD257034C102F5AF41EF9F573B35CBBA2E979E4A26BD24F415073B524E171752D50FA6995EE975F1D4C02C6FA8B51A4658C585ECEC9E214602E558203454085E6591009A82E7E7FFACA19AEA299B14A0081A705CB3296EBC5BDBECA1A9B675C4CA3279405AA6E1F623C72DDA76AE8D7F7
  310
906D4004B549245EB0D1249CB260803500F2A89BEA10382A0603F2F5D2D00D630AA615688F66D2FA166E2079D4C551A54AB758163F9DFB9D8A1460E098D8FDBF01504B0304140006080000AC70623B000000000000000000000000350000006662782F30364446464539412D343132462D344431342D413442312D46303645
  310
34343133343431372F76657274696365732E62696E504B0304140006080800AC70623BF270F1330600000004000000360000006662782F30364446464539412D343132462D344431342D413442312D4630364534343133343431372F747269616E676C65732E62696E636660600000504B0304140006080000AC70623B0000
  310
00000000000000000000370000006662782F30364446464539412D343132462D344431342D413442312D4630364534343133343431372F617474726962757465732E62696E504B0304140006080800AC70623B08DA0BD19000000041010000360000006662782F30364446464539412D343132462D344431342D413442312D
  310
4630364534343133343431372F6469726563746F72792E786D6C858F410AC3201045AF22B36F53E9A60B35CBEEBAE80D244E44489C6234F4F835464A48035D0DF398FF9F8AF63D0E6CC63039F212F8F9020C7D47C6792B21C5FE7403D62A1188E2E60C98D7234A5830286103A55745067B9D86B8A3CF9C7F90C11DE607FB14
  310
4396D7B6A82D282E9A152AD114D5EF2CB866EEE831B8EEA07A7BB5A8D7D61A2BAAEB7FD5F70921FF497D00504B0304140006080800AC70623BB40F7AF9FE000000A00100003B0000006662782F30364446464539412D343132462D344431342D413442312D4630364534343133343431372F7265736F75726365732F636F72
  310
652E786D6C8D504B6E833010BD0A9A6D65B00950828CA3109513F4029699502BC146FE543D7E4D42A576D7CDCCE87D344F8F9FBE967BF689CE6B6B7A6039850C8DB29336730F315C490BD94970676DF82583CCC8057BD860107C7636AE3BA4AC096842428D9D7007A5F7182053F774F4E0D5072E3297312485BFE5AB543739
  310
63CEF244279DE03EB814207B3ED9260887DE46A7D0F3E2C90A1EA39E768D9ED24F7DD5E8408C63736E86CB1B192F0746AAF29591A1295B72A4675A57B4ADC766E0C566163CE8E527A37228034E204A4A8F843142CB775675B4EECAFA85B61DA5BCD8E47F4C719DFE698ADA8443B9C77DDA3C0896823C08C18BADAFB41E65A6
  310
BD752BBE01504B010214000A0000080000AC70623B3DEE336E79000000790000001B00000000000000000000000000000000006175746F6465736B2D64657369676E2D7061636B6167652E786D6C504B01021400140006080800AC70623BD486FD9CA0000000F40000001300000000000000000000000000B20000005B436F
  310
6E74656E745F54797065735D2E786D6C504B01021400140006080800AC70623BDCE527C8EB0000007C010000080000000000000000000000000083010000636F72652E786D6C504B01021400140006080800AC70623B55019EA25F0000007C000000070000000000000000000000000094020000636E782E786D6C504B0102
  310
1400140006080800AC70623BB24894EB71010000D40300000C00000000000000000000000000180300006662782F636F72652E786D6C504B01021400140006080800AC70623B3A54DFB77D0000009D0000000B00000000000000000000000000B30400006662782F636E782E786D6C504B01021400140006080800AC70623B
  310
4A17098729010000120200003100000000000000000000000000590500006662782F30364446464539412D343132462D344431342D413442312D4630364534343133343431372F636F72652E786D6C504B01021400140006080800AC70623B503B51794E010000330300003000000000000000000000000000D10600006662
  310
782F30364446464539412D343132462D344431342D413442312D4630364534343133343431372F636E782E786D6C504B01021400140006080800AC70623BD8F6D0D5660500003B10000034000000000000000000000000006D0800006662782F30364446464539412D343132462D344431342D413442312D46303645343431
  310
33343431372F6F626A656374732E786D6C504B01021400140006080000AC70623B0000000000000000000000003500000000000000000000000000250E00006662782F30364446464539412D343132462D344431342D413442312D4630364534343133343431372F76657274696365732E62696E504B010214001400060808
  310
00AC70623BF270F13306000000040000003600000000000000000000000000780E00006662782F30364446464539412D343132462D344431342D413442312D4630364534343133343431372F747269616E676C65732E62696E504B01021400140006080000AC70623B00000000000000000000000037000000000000000000
  310
00000000D20E00006662782F30364446464539412D343132462D344431342D413442312D4630364534343133343431372F617474726962757465732E62696E504B01021400140006080800AC70623B08DA0BD190000000410100003600000000000000000000000000270F00006662782F30364446464539412D343132462D
  310
344431342D413442312D4630364534343133343431372F6469726563746F72792E786D6C504B01021400140006080800AC70623BB40F7AF9FE000000A00100003B000000000000000000000000000B1000006662782F30364446464539412D343132462D344431342D413442312D4630364534343133343431372F7265736F
  310
75726365732F636F72652E786D6C504B0506000000000E000E0080040000621100000000
  0
XRECORD
  5
10E
  102
{ACAD_REACTORS
  330
10B
  102
}
  330
10B
  100
AcDbXrecord
  280
1
  270
1
  271
1
  0
XRECORD
  5
10F
  102
{ACAD_REACTORS
  330
10B
  102
}
  330
10B
  100
AcDbXrecord
  280
1
  270
1
  271
1
  0
XRECORD
  5
33B
  102
{ACAD_REACTORS
  330
33A
  102
}
  330
33A
  100
AcDbXrecord
  280
1
  102
DISPLAYNAME
  1
Imperial24
  102
FLAGS
  90
0
  0
CELLSTYLEMAP
  5
300
  102
{ACAD_REACTORS
  330
FF
  102
}
  330
FF
  100
AcDbCellStyleMap
  90
3
  300
CELLSTYLE
  1
TABLEFORMAT_BEGIN
  90
5
  170
1
  91
0
  92
32768
  62
257
  93
1
  300
CONTENTFORMAT
  1
CONTENTFORMAT_BEGIN
  90
0
  91
0
  92
512
  93
0
  300

  40
0
  140
1
  94
5
  62
0
  340
11
  144
0.25
  309
CONTENTFORMAT_END
  171
1
  301
MARGIN
  1
CELLMARGIN_BEGIN
  40
0.06
  40
0.06
  40
0.06
  40
0.06
  40
0.18
  40
0.18
  309
CELLMARGIN_END
  94
6
  95
1
  302
GRIDFORMAT
  1
GRIDFORMAT_BEGIN
  90
0
  91
1
  62
0
  92
-2
  340
0
  93
0
  40
0.045
  309
GRIDFORMAT_END
  95
2
  302
GRIDFORMAT
  1
GRIDFORMAT_BEGIN
  90
0
  91
1
  62
0
  92
-2
  340
0
  93
0
  40
0.045
  309
GRIDFORMAT_END
  95
4
  302
GRIDFORMAT
  1
GRIDFORMAT_BEGIN
  90
0
  91
1
  62
0
  92
-2
  340
0
  93
0
  40
0.045
  309
GRIDFORMAT_END
  95
8
  302
GRIDFORMAT
  1
GRIDFORMAT_BEGIN
  90
0
  91
1
  62
0
  92
-2
  340
0
  93
0
  40
0.045
  309
GRIDFORMAT_END
  95
16
  302
GRIDFORMAT
  1
GRIDFORMAT_BEGIN
  90
0
  91
1
  62
0
  92
-2
  340
0
  93
0
  40
0.045
  309
GRIDFORMAT_END
  95
32
  302
GRIDFORMAT
  1
GRIDFORMAT_BEGIN
  90
0
  91
1
  62
0
  92
-2
  340
0
  93
0
  40
0.045
  309
GRIDFORMAT_END
  309
TABLEFORMAT_END
  1
CELLSTYLE_BEGIN
  90
1
  91
1
  300
_TITLE
  309
CELLSTYLE_END
  300
CELLSTYLE
  1
TABLEFORMAT_BEGIN
  90
5
  170
1
  91
0
  92
0
  62
257
  93
1
  300
CONTENTFORMAT
  1
CONTENTFORMAT_BEGIN
  90
0
  91
0
  92
512
  93
0
  300

  40
0
  140
1
  94
5
  62
0
  340
11
  144
0.18
  309
CONTENTFORMAT_END
  171
1
  301
MARGIN
  1
CELLMARGIN_BEGIN
  40
0.06
  40
0.06
  40
0.06
  40
0.06
  40
0.18
  40
0.18
  309
CELLMARGIN_END
  94
6
  95
1
  302
GRIDFORMAT
  1
GRIDFORMAT_BEGIN
  90
0
  91
1
  62
0
  92
-2
  340
0
  93
0
  40
0.045
  309
GRIDFORMAT_END
  95
2
  302
GRIDFORMAT
  1
GRIDFORMAT_BEGIN
  90
0
  91
1
  62
0
  92
-2
  340
0
  93
0
  40
0.045
  309
GRIDFORMAT_END
  95
4
  302
GRIDFORMAT
  1
GRIDFORMAT_BEGIN
  90
0
  91
1
  62
0
  92
-2
  340
0
  93
0
  40
0.045
  309
GRIDFORMAT_END
  95
8
  302
GRIDFORMAT
  1
GRIDFORMAT_BEGIN
  90
0
  91
1
  62
0
  92
-2
  340
0
  93
0
  40
0.045
  309
GRIDFORMAT_END
  95
16
  302
GRIDFORMAT
  1
GRIDFORMAT_BEGIN
  90
0
  91
1
  62
0
  92
-2
  340
0
  93
0
  40
0.045
  309
GRIDFORMAT_END
  95
32
  302
GRIDFORMAT
  1
GRIDFORMAT_BEGIN
  90
0
  91
1
  62
0
  92
-2
  340
0
  93
0
  40
0.045
  309
GRIDFORMAT_END
  309
TABLEFORMAT_END
  1
CELLSTYLE_BEGIN
  90
2
  91
1
  300
_HEADER
  309
CELLSTYLE_END
  300
CELLSTYLE
  1
TABLEFORMAT_BEGIN
  90
5
  170
1
  91
0
  92
0
  62
257
  93
1
  300
CONTENTFORMAT
  1
CONTENTFORMAT_BEGIN
  90
0
  91
0
  92
512
  93
0
  300

  40
0
  140
1
  94
2
  62
0
  340
11
  144
0.18
  309
CONTENTFORMAT_END
  171
1
  301
MARGIN
  1
CELLMARGIN_BEGIN
  40
0.06
  40
0.06
  40
0.06
  40
0.06
  40
0.18
  40
0.18
  309
CELLMARGIN_END
  94
6
  95
1
  302
GRIDFORMAT
  1
GRIDFORMAT_BEGIN
  90
0
  91
1
  62
0
  92
-2
  340
0
  93
0
  40
0.045
  309
GRIDFORMAT_END
  95
2
  302
GRIDFORMAT
  1
GRIDFORMAT_BEGIN
  90
0
  91
1
  62
0
  92
-2
  340
0
  93
0
  40
0.045
  309
GRIDFORMAT_END
  95
4
  302
GRIDFORMAT
  1
GRIDFORMAT_BEGIN
  90
0
  91
1
  62
0
  92
-2
  340
0
  93
0
  40
0.045
  309
GRIDFORMAT_END
  95
8
  302
GRIDFORMAT
  1
GRIDFORMAT_BEGIN
  90
0
  91
1
  62
0
  92
-2
  340
0
  93
0
  40
0.045
  309
GRIDFORMAT_END
  95
16
  302
GRIDFORMAT
  1
GRIDFORMAT_BEGIN
  90
0
  91
1
  62
0
  92
-2
  340
0
  93
0
  40
0.045
  309
GRIDFORMAT_END
  95
32
  302
GRIDFORMAT
  1
GRIDFORMAT_BEGIN
  90
0
  91
1
  62
0
  92
-2
  340
0
  93
0
  40
0.045
  309
GRIDFORMAT_END
  309
TABLEFORMAT_END
  1
CELLSTYLE_BEGIN
  90
3
  91
2
  300
_DATA
  309
CELLSTYLE_END
  0
XRECORD
  5
315
  102
{ACAD_REACTORS
  330
314
  102
}
  330
314
  100
AcDbXrecord
  280
1
  102
RTVSPost2010Prop28
  280
1
  102
RTVSPost2010PropOp28
  70
1
  102
RTVSPost2010Prop29
  280
1
  102
RTVSPost2010PropOp29
  70
1
  102
RTVSPost2010Prop30
  280
0
  102
RTVSPost2010PropOp30
  70
1
  102
RTVSPost2010Prop31
  280
0
  102
RTVSPost2010PropOp31
  70
1
  102
RTVSPost2010Prop32
  280
0
  102
RTVSPost2010PropOp32
  70
1
  102
RTVSPost2010Prop33
  280
0
  102
RTVSPost2010PropOp33
  70
1
  102
RTVSPost2010Prop34
  280
0
  102
RTVSPost2010PropOp34
  70
1
  102
RTVSPost2010Prop35
  280
0
  102
RTVSPost2010PropOp35
  70
1
  102
RTVSPost2010Prop36
  280
0
  102
RTVSPost2010PropOp36
  70
1
  102
RTVSPost2010Prop37
  90
50
  102
RTVSPost2010PropOp37
  70
1
  102
RTVSPost2010Prop38
  140
0
  102
RTVSPost2010PropOp38
  70
1
  102
RTVSPost2010Prop39
  140
1
  102
RTVSPost2010PropOp39
  70
1
  102
RTVSPost2010Prop40
  90
0
  102
RTVSPost2010PropOp40
  70
1
  102
RTVSPost2010Prop41ColorIndex
  90
18
  102
RTVSPost2010Prop41ColorRGB
  90
0
  102
RTVSPost2010PropOp41
  70
1
  102
RTVSPost2010Prop42
  90
50
  102
RTVSPost2010PropOp42
  70
1
  102
RTVSPost2010Prop43
  90
3
  102
RTVSPost2010PropOp43
  70
1
  102
RTVSPost2010Prop44ColorIndex
  90
5
  102
RTVSPost2010Prop44ColorRGB
  90
255
  102
RTVSPost2010PropOp44
  70
1
  102
RTVSPost2010Prop45
  280
0
  102
RTVSPost2010PropOp45
  70
1
  102
RTVSPost2010Prop46
  90
50
  102
RTVSPost2010PropOp46
  70
1
  102
RTVSPost2010Prop47
  90
50
  102
RTVSPost2010PropOp47
  70
1
  102
RTVSPost2010Prop48
  90
50
  102
RTVSPost2010PropOp48
  70
1
  102
RTVSPost2010Prop49
  280
0
  102
RTVSPost2010PropOp49
  70
1
  102
RTVSPost2010Prop50
  90
50
  102
RTVSPost2010PropOp50
  70
1
  102
RTVSPost2010Prop51ColorIndex
  90
256
  102
RTVSPost2010Prop51ColorRGB
  90
-16777216
  102
RTVSPost2010PropOp51
  70
0
  102
RTVSPost2010Prop52
  140
1
  102
RTVSPost2010PropOp52
  70
0
  102
RTVSPost2010Prop53
  90
2
  102
RTVSPost2010PropOp53
  70
1
  102
RTVSPost2010Prop54
  1
strokes_ogs.tif
  102
RTVSPost2010PropOp54
  70
1
  102
RTVSPost2010Prop55
  280
0
  102
RTVSPost2010PropOp55
  70
1
  102
RTVSPost2010Prop56
  140
1
  102
RTVSPost2010PropOp56
  70
1
  102
RTVSPost2010Prop57
  140
1
  102
RTVSPost2010PropOp57
  70
1
  102
RTVSPropertyOp0
  70
1
  102
RTVSPropertyOp1
  70
1
  102
RTVSPropertyOp2
  70
1
  102
RTVSPropertyOp3
  70
1
  102
RTVSPropertyOp4
  70
1
  102
RTVSPropertyOp5
  70
1
  102
RTVSPropertyOp6
  70
1
  102
RTVSPropertyOp7
  70
1
  102
RTVSPropertyOp8
  70
1
  102
RTVSPropertyOp9
  70
1
  102
RTVSPropertyOp10
  70
1
  102
RTVSPropertyOp11
  70
1
  102
RTVSPropertyOp12
  70
1
  102
RTVSPropertyOp13
  70
1
  102
RTVSPropertyOp14
  70
1
  102
RTVSPropertyOp15
  70
1
  102
RTVSPropertyOp16
  70
1
  102
RTVSPropertyOp17
  70
1
  102
RTVSPropertyOp18
  70
1
  102
RTVSPropertyOp19
  70
1
  102
RTVSPropertyOp20
  70
1
  102
RTVSPropertyOp21
  70
1
  102
RTVSPropertyOp22
  70
1
  102
RTVSPropertyOp23
  70
1
  102
RTVSPropertyOp24
  70
1
  102
RTVSPropertyOp25
  70
1
  102
RTVSPropertyOp26
  70
1
  102
RTVSPropertyOp27
  70
1
  102
RTVSPropertyOp28
  70
1
  102
RTVSPropertyOp29
  70
1
  102
RTVSPropertyOp30
  70
1
  102
RTVSPropertyOp31
  70
1
  102
RTVSPropertyOp32
  70
1
  102
RTVSPropertyOp33
  70
1
  102
RTVSPropertyOp34
  70
1
  102
RTVSPropertyOp35
  70
1
  102
RTVSPropertyOp36
  70
1
  102
RTVSPropertyOp37
  70
1
  102
RTVSPropertyOp38
  70
1
  102
RTVSPropertyOp39
  70
1
  102
RTVSPropertyOp40
  70
1
  102
RTVSPropertyOp41
  70
1
  102
RTVSPropertyOp42
  70
1
  102
RTVSPropertyOp43
  70
1
  102
RTVSPropertyOp44
  70
1
  102
RTVSPropertyOp45
  70
1
  102
RTVSPropertyOp46
  70
1
  102
RTVSPropertyOp47
  70
1
  102
RTVSPropertyOp48
  70
1
  102
RTVSPropertyOp49
  70
1
  102
RTVSPropertyOp50
  70
1
  102
RTVSPropertyOp51
  70
0
  102
RTVSPropertyOp52
  70
0
  102
RTVSPropertyOp53
  70
1
  102
RTVSPropertyOp54
  70
1
  102
RTVSPropertyOp55
  70
1
  102
RTVSPropertyOp56
  70
1
  102
RTVSPropertyOp57
  70
1
  102
RTVSPropertyOp58
  70
1
  102
RTVSPropertyOp59
  70
1
  102
RTVSPropertyOp60
  70
1
  102
RTVSPropertyOp61
  70
1
  102
RTVSPropertyOp62
  70
1
  0
XRECORD
  5
313
  102
{ACAD_REACTORS
  330
312
  102
}
  330
312
  100
AcDbXrecord
  280
1
  102
RTVSPost2010Prop28
  280
0
  102
RTVSPost2010PropOp28
  70
1
  102
RTVSPost2010Prop29
  280
1
  102
RTVSPost2010PropOp29
  70
1
  102
RTVSPost2010Prop30
  280
1
  102
RTVSPost2010PropOp30
  70
1
  102
RTVSPost2010Prop31
  280
0
  102
RTVSPost2010PropOp31
  70
1
  102
RTVSPost2010Prop32
  280
0
  102
RTVSPost2010PropOp32
  70
1
  102
RTVSPost2010Prop33
  280
0
  102
RTVSPost2010PropOp33
  70
1
  102
RTVSPost2010Prop34
  280
0
  102
RTVSPost2010PropOp34
  70
1
  102
RTVSPost2010Prop35
  280
0
  102
RTVSPost2010PropOp35
  70
1
  102
RTVSPost2010Prop36
  280
0
  102
RTVSPost2010PropOp36
  70
1
  102
RTVSPost2010Prop37
  90
50
  102
RTVSPost2010PropOp37
  70
1
  102
RTVSPost2010Prop38
  140
0
  102
RTVSPost2010PropOp38
  70
1
  102
RTVSPost2010Prop39
  140
1
  102
RTVSPost2010PropOp39
  70
1
  102
RTVSPost2010Prop40
  90
0
  102
RTVSPost2010PropOp40
  70
1
  102
RTVSPost2010Prop41ColorIndex
  90
18
  102
RTVSPost2010Prop41ColorRGB
  90
0
  102
RTVSPost2010PropOp41
  70
1
  102
RTVSPost2010Prop42
  90
50
  102
RTVSPost2010PropOp42
  70
1
  102
RTVSPost2010Prop43
  90
3
  102
RTVSPost2010PropOp43
  70
1
  102
RTVSPost2010Prop44ColorIndex
  90
5
  102
RTVSPost2010Prop44ColorRGB
  90
255
  102
RTVSPost2010PropOp44
  70
1
  102
RTVSPost2010Prop45
  280
0
  102
RTVSPost2010PropOp45
  70
1
  102
RTVSPost2010Prop46
  90
50
  102
RTVSPost2010PropOp46
  70
1
  102
RTVSPost2010Prop47
  90
50
  102
RTVSPost2010PropOp47
  70
1
  102
RTVSPost2010Prop48
  90
50
  102
RTVSPost2010PropOp48
  70
1
  102
RTVSPost2010Prop49
  280
0
  102
RTVSPost2010PropOp49
  70
1
  102
RTVSPost2010Prop50
  90
50
  102
RTVSPost2010PropOp50
  70
1
  102
RTVSPost2010Prop51ColorIndex
  90
256
  102
RTVSPost2010Prop51ColorRGB
  90
-16777216
  102
RTVSPost2010PropOp51
  70
0
  102
RTVSPost2010Prop52
  140
1
  102
RTVSPost2010PropOp52
  70
0
  102
RTVSPost2010Prop53
  90
2
  102
RTVSPost2010PropOp53
  70
1
  102
RTVSPost2010Prop54
  1
strokes_ogs.tif
  102
RTVSPost2010PropOp54
  70
1
  102
RTVSPost2010Prop55
  280
0
  102
RTVSPost2010PropOp55
  70
1
  102
RTVSPost2010Prop56
  140
1
  102
RTVSPost2010PropOp56
  70
1
  102
RTVSPost2010Prop57
  140
1
  102
RTVSPost2010PropOp57
  70
1
  102
RTVSPropertyOp0
  70
1
  102
RTVSPropertyOp1
  70
1
  102
RTVSPropertyOp2
  70
1
  102
RTVSPropertyOp3
  70
1
  102
RTVSPropertyOp4
  70
1
  102
RTVSPropertyOp5
  70
1
  102
RTVSPropertyOp6
  70
1
  102
RTVSPropertyOp7
  70
1
  102
RTVSPropertyOp8
  70
1
  102
RTVSPropertyOp9
  70
1
  102
RTVSPropertyOp10
  70
1
  102
RTVSPropertyOp11
  70
1
  102
RTVSPropertyOp12
  70
1
  102
RTVSPropertyOp13
  70
1
  102
RTVSPropertyOp14
  70
1
  102
RTVSPropertyOp15
  70
1
  102
RTVSPropertyOp16
  70
1
  102
RTVSPropertyOp17
  70
1
  102
RTVSPropertyOp18
  70
1
  102
RTVSPropertyOp19
  70
1
  102
RTVSPropertyOp20
  70
1
  102
RTVSPropertyOp21
  70
1
  102
RTVSPropertyOp22
  70
1
  102
RTVSPropertyOp23
  70
1
  102
RTVSPropertyOp24
  70
1
  102
RTVSPropertyOp25
  70
1
  102
RTVSPropertyOp26
  70
1
  102
RTVSPropertyOp27
  70
1
  102
RTVSPropertyOp28
  70
1
  102
RTVSPropertyOp29
  70
1
  102
RTVSPropertyOp30
  70
1
  102
RTVSPropertyOp31
  70
1
  102
RTVSPropertyOp32
  70
1
  102
RTVSPropertyOp33
  70
1
  102
RTVSPropertyOp34
  70
1
  102
RTVSPropertyOp35
  70
1
  102
RTVSPropertyOp36
  70
1
  102
RTVSPropertyOp37
  70
1
  102
RTVSPropertyOp38
  70
1
  102
RTVSPropertyOp39
  70
1
  102
RTVSPropertyOp40
  70
1
  102
RTVSPropertyOp41
  70
1
  102
RTVSPropertyOp42
  70
1
  102
RTVSPropertyOp43
  70
1
  102
RTVSPropertyOp44
  70
1
  102
RTVSPropertyOp45
  70
1
  102
RTVSPropertyOp46
  70
1
  102
RTVSPropertyOp47
  70
1
  102
RTVSPropertyOp48
  70
1
  102
RTVSPropertyOp49
  70
1
  102
RTVSPropertyOp50
  70
1
  102
RTVSPropertyOp51
  70
0
  102
RTVSPropertyOp52
  70
0
  102
RTVSPropertyOp53
  70
1
  102
RTVSPropertyOp54
  70
1
  102
RTVSPropertyOp55
  70
1
  102
RTVSPropertyOp56
  70
1
  102
RTVSPropertyOp57
  70
1
  102
RTVSPropertyOp58
  70
1
  102
RTVSPropertyOp59
  70
1
  102
RTVSPropertyOp60
  70
1
  102
RTVSPropertyOp61
  70
1
  102
RTVSPropertyOp62
  70
1
  0
XRECORD
  5
321
  102
{ACAD_REACTORS
  330
320
  102
}
  330
320
  100
AcDbXrecord
  280
1
  102
RTVSPost2010Prop28
  280
0
  102
RTVSPost2010PropOp28
  70
1
  102
RTVSPost2010Prop29
  280
1
  102
RTVSPost2010PropOp29
  70
1
  102
RTVSPost2010Prop30
  280
1
  102
RTVSPost2010PropOp30
  70
1
  102
RTVSPost2010Prop31
  280
0
  102
RTVSPost2010PropOp31
  70
1
  102
RTVSPost2010Prop32
  280
0
  102
RTVSPost2010PropOp32
  70
1
  102
RTVSPost2010Prop33
  280
0
  102
RTVSPost2010PropOp33
  70
1
  102
RTVSPost2010Prop34
  280
0
  102
RTVSPost2010PropOp34
  70
1
  102
RTVSPost2010Prop35
  280
0
  102
RTVSPost2010PropOp35
  70
1
  102
RTVSPost2010Prop36
  280
0
  102
RTVSPost2010PropOp36
  70
1
  102
RTVSPost2010Prop37
  90
50
  102
RTVSPost2010PropOp37
  70
1
  102
RTVSPost2010Prop38
  140
0
  102
RTVSPost2010PropOp38
  70
1
  102
RTVSPost2010Prop39
  140
1
  102
RTVSPost2010PropOp39
  70
1
  102
RTVSPost2010Prop40
  90
0
  102
RTVSPost2010PropOp40
  70
1
  102
RTVSPost2010Prop41ColorIndex
  90
18
  102
RTVSPost2010Prop41ColorRGB
  90
0
  102
RTVSPost2010PropOp41
  70
1
  102
RTVSPost2010Prop42
  90
50
  102
RTVSPost2010PropOp42
  70
1
  102
RTVSPost2010Prop43
  90
3
  102
RTVSPost2010PropOp43
  70
1
  102
RTVSPost2010Prop44ColorIndex
  90
5
  102
RTVSPost2010Prop44ColorRGB
  90
255
  102
RTVSPost2010PropOp44
  70
1
  102
RTVSPost2010Prop45
  280
0
  102
RTVSPost2010PropOp45
  70
1
  102
RTVSPost2010Prop46
  90
50
  102
RTVSPost2010PropOp46
  70
1
  102
RTVSPost2010Prop47
  90
50
  102
RTVSPost2010PropOp47
  70
1
  102
RTVSPost2010Prop48
  90
50
  102
RTVSPost2010PropOp48
  70
1
  102
RTVSPost2010Prop49
  280
0
  102
RTVSPost2010PropOp49
  70
1
  102
RTVSPost2010Prop50
  90
50
  102
RTVSPost2010PropOp50
  70
1
  102
RTVSPost2010Prop51ColorIndex
  90
256
  102
RTVSPost2010Prop51ColorRGB
  90
-16777216
  102
RTVSPost2010PropOp51
  70
0
  102
RTVSPost2010Prop52
  140
1
  102
RTVSPost2010PropOp52
  70
0
  102
RTVSPost2010Prop53
  90
2
  102
RTVSPost2010PropOp53
  70
1
  102
RTVSPost2010Prop54
  1
strokes_ogs.tif
  102
RTVSPost2010PropOp54
  70
1
  102
RTVSPost2010Prop55
  280
0
  102
RTVSPost2010PropOp55
  70
1
  102
RTVSPost2010Prop56
  140
1
  102
RTVSPost2010PropOp56
  70
1
  102
RTVSPost2010Prop57
  140
1
  102
RTVSPost2010PropOp57
  70
1
  102
RTVSPropertyOp0
  70
1
  102
RTVSPropertyOp1
  70
1
  102
RTVSPropertyOp2
  70
1
  102
RTVSPropertyOp3
  70
1
  102
RTVSPropertyOp4
  70
1
  102
RTVSPropertyOp5
  70
1
  102
RTVSPropertyOp6
  70
1
  102
RTVSPropertyOp7
  70
1
  102
RTVSPropertyOp8
  70
1
  102
RTVSPropertyOp9
  70
1
  102
RTVSPropertyOp10
  70
1
  102
RTVSPropertyOp11
  70
1
  102
RTVSPropertyOp12
  70
1
  102
RTVSPropertyOp13
  70
1
  102
RTVSPropertyOp14
  70
1
  102
RTVSPropertyOp15
  70
1
  102
RTVSPropertyOp16
  70
1
  102
RTVSPropertyOp17
  70
1
  102
RTVSPropertyOp18
  70
1
  102
RTVSPropertyOp19
  70
1
  102
RTVSPropertyOp20
  70
1
  102
RTVSPropertyOp21
  70
1
  102
RTVSPropertyOp22
  70
1
  102
RTVSPropertyOp23
  70
1
  102
RTVSPropertyOp24
  70
1
  102
RTVSPropertyOp25
  70
1
  102
RTVSPropertyOp26
  70
1
  102
RTVSPropertyOp27
  70
1
  102
RTVSPropertyOp28
  70
1
  102
RTVSPropertyOp29
  70
1
  102
RTVSPropertyOp30
  70
1
  102
RTVSPropertyOp31
  70
1
  102
RTVSPropertyOp32
  70
1
  102
RTVSPropertyOp33
  70
1
  102
RTVSPropertyOp34
  70
1
  102
RTVSPropertyOp35
  70
1
  102
RTVSPropertyOp36
  70
1
  102
RTVSPropertyOp37
  70
1
  102
RTVSPropertyOp38
  70
1
  102
RTVSPropertyOp39
  70
1
  102
RTVSPropertyOp40
  70
1
  102
RTVSPropertyOp41
  70
1
  102
RTVSPropertyOp42
  70
1
  102
RTVSPropertyOp43
  70
1
  102
RTVSPropertyOp44
  70
1
  102
RTVSPropertyOp45
  70
1
  102
RTVSPropertyOp46
  70
1
  102
RTVSPropertyOp47
  70
1
  102
RTVSPropertyOp48
  70
1
  102
RTVSPropertyOp49
  70
1
  102
RTVSPropertyOp50
  70
1
  102
RTVSPropertyOp51
  70
0
  102
RTVSPropertyOp52
  70
0
  102
RTVSPropertyOp53
  70
1
  102
RTVSPropertyOp54
  70
1
  102
RTVSPropertyOp55
  70
1
  102
RTVSPropertyOp56
  70
1
  102
RTVSPropertyOp57
  70
1
  102
RTVSPropertyOp58
  70
1
  102
RTVSPropertyOp59
  70
1
  102
RTVSPropertyOp60
  70
1
  102
RTVSPropertyOp61
  70
1
  102
RTVSPropertyOp62
  70
1
  0
XRECORD
  5
329
  102
{ACAD_REACTORS
  330
328
  102
}
  330
328
  100
AcDbXrecord
  280
1
  102
RTVSPost2010Prop28
  280
0
  102
RTVSPost2010PropOp28
  70
1
  102
RTVSPost2010Prop29
  280
1
  102
RTVSPost2010PropOp29
  70
1
  102
RTVSPost2010Prop30
  280
1
  102
RTVSPost2010PropOp30
  70
1
  102
RTVSPost2010Prop31
  280
0
  102
RTVSPost2010PropOp31
  70
1
  102
RTVSPost2010Prop32
  280
0
  102
RTVSPost2010PropOp32
  70
1
  102
RTVSPost2010Prop33
  280
0
  102
RTVSPost2010PropOp33
  70
1
  102
RTVSPost2010Prop34
  280
0
  102
RTVSPost2010PropOp34
  70
1
  102
RTVSPost2010Prop35
  280
0
  102
RTVSPost2010PropOp35
  70
1
  102
RTVSPost2010Prop36
  280
0
  102
RTVSPost2010PropOp36
  70
1
  102
RTVSPost2010Prop37
  90
50
  102
RTVSPost2010PropOp37
  70
1
  102
RTVSPost2010Prop38
  140
0
  102
RTVSPost2010PropOp38
  70
1
  102
RTVSPost2010Prop39
  140
1
  102
RTVSPost2010PropOp39
  70
1
  102
RTVSPost2010Prop40
  90
0
  102
RTVSPost2010PropOp40
  70
1
  102
RTVSPost2010Prop41ColorIndex
  90
18
  102
RTVSPost2010Prop41ColorRGB
  90
0
  102
RTVSPost2010PropOp41
  70
1
  102
RTVSPost2010Prop42
  90
50
  102
RTVSPost2010PropOp42
  70
1
  102
RTVSPost2010Prop43
  90
3
  102
RTVSPost2010PropOp43
  70
1
  102
RTVSPost2010Prop44ColorIndex
  90
5
  102
RTVSPost2010Prop44ColorRGB
  90
255
  102
RTVSPost2010PropOp44
  70
1
  102
RTVSPost2010Prop45
  280
0
  102
RTVSPost2010PropOp45
  70
1
  102
RTVSPost2010Prop46
  90
50
  102
RTVSPost2010PropOp46
  70
1
  102
RTVSPost2010Prop47
  90
50
  102
RTVSPost2010PropOp47
  70
1
  102
RTVSPost2010Prop48
  90
50
  102
RTVSPost2010PropOp48
  70
1
  102
RTVSPost2010Prop49
  280
0
  102
RTVSPost2010PropOp49
  70
1
  102
RTVSPost2010Prop50
  90
50
  102
RTVSPost2010PropOp50
  70
1
  102
RTVSPost2010Prop51ColorIndex
  90
256
  102
RTVSPost2010Prop51ColorRGB
  90
-16777216
  102
RTVSPost2010PropOp51
  70
0
  102
RTVSPost2010Prop52
  140
1
  102
RTVSPost2010PropOp52
  70
0
  102
RTVSPost2010Prop53
  90
2
  102
RTVSPost2010PropOp53
  70
1
  102
RTVSPost2010Prop54
  1
strokes_ogs.tif
  102
RTVSPost2010PropOp54
  70
1
  102
RTVSPost2010Prop55
  280
0
  102
RTVSPost2010PropOp55
  70
1
  102
RTVSPost2010Prop56
  140
1
  102
RTVSPost2010PropOp56
  70
1
  102
RTVSPost2010Prop57
  140
1
  102
RTVSPost2010PropOp57
  70
1
  102
RTVSPropertyOp0
  70
1
  102
RTVSPropertyOp1
  70
1
  102
RTVSPropertyOp2
  70
1
  102
RTVSPropertyOp3
  70
1
  102
RTVSPropertyOp4
  70
1
  102
RTVSPropertyOp5
  70
1
  102
RTVSPropertyOp6
  70
1
  102
RTVSPropertyOp7
  70
1
  102
RTVSPropertyOp8
  70
1
  102
RTVSPropertyOp9
  70
1
  102
RTVSPropertyOp10
  70
1
  102
RTVSPropertyOp11
  70
1
  102
RTVSPropertyOp12
  70
1
  102
RTVSPropertyOp13
  70
1
  102
RTVSPropertyOp14
  70
1
  102
RTVSPropertyOp15
  70
1
  102
RTVSPropertyOp16
  70
1
  102
RTVSPropertyOp17
  70
1
  102
RTVSPropertyOp18
  70
1
  102
RTVSPropertyOp19
  70
1
  102
RTVSPropertyOp20
  70
1
  102
RTVSPropertyOp21
  70
1
  102
RTVSPropertyOp22
  70
1
  102
RTVSPropertyOp23
  70
1
  102
RTVSPropertyOp24
  70
1
  102
RTVSPropertyOp25
  70
1
  102
RTVSPropertyOp26
  70
1
  102
RTVSPropertyOp27
  70
1
  102
RTVSPropertyOp28
  70
1
  102
RTVSPropertyOp29
  70
1
  102
RTVSPropertyOp30
  70
1
  102
RTVSPropertyOp31
  70
1
  102
RTVSPropertyOp32
  70
1
  102
RTVSPropertyOp33
  70
1
  102
RTVSPropertyOp34
  70
1
  102
RTVSPropertyOp35
  70
1
  102
RTVSPropertyOp36
  70
1
  102
RTVSPropertyOp37
  70
1
  102
RTVSPropertyOp38
  70
1
  102
RTVSPropertyOp39
  70
1
  102
RTVSPropertyOp40
  70
1
  102
RTVSPropertyOp41
  70
1
  102
RTVSPropertyOp42
  70
1
  102
RTVSPropertyOp43
  70
1
  102
RTVSPropertyOp44
  70
1
  102
RTVSPropertyOp45
  70
1
  102
RTVSPropertyOp46
  70
1
  102
RTVSPropertyOp47
  70
1
  102
RTVSPropertyOp48
  70
1
  102
RTVSPropertyOp49
  70
1
  102
RTVSPropertyOp50
  70
1
  102
RTVSPropertyOp51
  70
0
  102
RTVSPropertyOp52
  70
0
  102
RTVSPropertyOp53
  70
1
  102
RTVSPropertyOp54
  70
1
  102
RTVSPropertyOp55
  70
1
  102
RTVSPropertyOp56
  70
1
  102
RTVSPropertyOp57
  70
1
  102
RTVSPropertyOp58
  70
1
  102
RTVSPropertyOp59
  70
1
  102
RTVSPropertyOp60
  70
1
  102
RTVSPropertyOp61
  70
1
  102
RTVSPropertyOp62
  70
1
  0
XRECORD
  5
31B
  102
{ACAD_REACTORS
  330
31A
  102
}
  330
31A
  100
AcDbXrecord
  280
1
  102
RTVSPost2010Prop28
  280
0
  102
RTVSPost2010PropOp28
  70
1
  102
RTVSPost2010Prop29
  280
1
  102
RTVSPost2010PropOp29
  70
1
  102
RTVSPost2010Prop30
  280
1
  102
RTVSPost2010PropOp30
  70
1
  102
RTVSPost2010Prop31
  280
0
  102
RTVSPost2010PropOp31
  70
1
  102
RTVSPost2010Prop32
  280
0
  102
RTVSPost2010PropOp32
  70
1
  102
RTVSPost2010Prop33
  280
0
  102
RTVSPost2010PropOp33
  70
1
  102
RTVSPost2010Prop34
  280
0
  102
RTVSPost2010PropOp34
  70
1
  102
RTVSPost2010Prop35
  280
0
  102
RTVSPost2010PropOp35
  70
1
  102
RTVSPost2010Prop36
  280
0
  102
RTVSPost2010PropOp36
  70
1
  102
RTVSPost2010Prop37
  90
50
  102
RTVSPost2010PropOp37
  70
1
  102
RTVSPost2010Prop38
  140
0
  102
RTVSPost2010PropOp38
  70
1
  102
RTVSPost2010Prop39
  140
1
  102
RTVSPost2010PropOp39
  70
1
  102
RTVSPost2010Prop40
  90
0
  102
RTVSPost2010PropOp40
  70
1
  102
RTVSPost2010Prop41ColorIndex
  90
18
  102
RTVSPost2010Prop41ColorRGB
  90
0
  102
RTVSPost2010PropOp41
  70
1
  102
RTVSPost2010Prop42
  90
50
  102
RTVSPost2010PropOp42
  70
1
  102
RTVSPost2010Prop43
  90
3
  102
RTVSPost2010PropOp43
  70
1
  102
RTVSPost2010Prop44ColorIndex
  90
5
  102
RTVSPost2010Prop44ColorRGB
  90
255
  102
RTVSPost2010PropOp44
  70
1
  102
RTVSPost2010Prop45
  280
0
  102
RTVSPost2010PropOp45
  70
1
  102
RTVSPost2010Prop46
  90
50
  102
RTVSPost2010PropOp46
  70
1
  102
RTVSPost2010Prop47
  90
50
  102
RTVSPost2010PropOp47
  70
1
  102
RTVSPost2010Prop48
  90
50
  102
RTVSPost2010PropOp48
  70
1
  102
RTVSPost2010Prop49
  280
0
  102
RTVSPost2010PropOp49
  70
1
  102
RTVSPost2010Prop50
  90
50
  102
RTVSPost2010PropOp50
  70
1
  102
RTVSPost2010Prop51ColorIndex
  90
256
  102
RTVSPost2010Prop51ColorRGB
  90
-16777216
  102
RTVSPost2010PropOp51
  70
0
  102
RTVSPost2010Prop52
  140
1
  102
RTVSPost2010PropOp52
  70
0
  102
RTVSPost2010Prop53
  90
2
  102
RTVSPost2010PropOp53
  70
1
  102
RTVSPost2010Prop54
  1
strokes_ogs.tif
  102
RTVSPost2010PropOp54
  70
1
  102
RTVSPost2010Prop55
  280
0
  102
RTVSPost2010PropOp55
  70
1
  102
RTVSPost2010Prop56
  140
1
  102
RTVSPost2010PropOp56
  70
1
  102
RTVSPost2010Prop57
  140
1
  102
RTVSPost2010PropOp57
  70
1
  102
RTVSPropertyOp0
  70
1
  102
RTVSPropertyOp1
  70
1
  102
RTVSPropertyOp2
  70
1
  102
RTVSPropertyOp3
  70
1
  102
RTVSPropertyOp4
  70
1
  102
RTVSPropertyOp5
  70
1
  102
RTVSPropertyOp6
  70
1
  102
RTVSPropertyOp7
  70
1
  102
RTVSPropertyOp8
  70
1
  102
RTVSPropertyOp9
  70
1
  102
RTVSPropertyOp10
  70
1
  102
RTVSPropertyOp11
  70
1
  102
RTVSPropertyOp12
  70
1
  102
RTVSPropertyOp13
  70
1
  102
RTVSPropertyOp14
  70
1
  102
RTVSPropertyOp15
  70
1
  102
RTVSPropertyOp16
  70
1
  102
RTVSPropertyOp17
  70
1
  102
RTVSPropertyOp18
  70
1
  102
RTVSPropertyOp19
  70
1
  102
RTVSPropertyOp20
  70
1
  102
RTVSPropertyOp21
  70
1
  102
RTVSPropertyOp22
  70
1
  102
RTVSPropertyOp23
  70
1
  102
RTVSPropertyOp24
  70
1
  102
RTVSPropertyOp25
  70
1
  102
RTVSPropertyOp26
  70
1
  102
RTVSPropertyOp27
  70
1
  102
RTVSPropertyOp28
  70
1
  102
RTVSPropertyOp29
  70
1
  102
RTVSPropertyOp30
  70
1
  102
RTVSPropertyOp31
  70
1
  102
RTVSPropertyOp32
  70
1
  102
RTVSPropertyOp33
  70
1
  102
RTVSPropertyOp34
  70
1
  102
RTVSPropertyOp35
  70
1
  102
RTVSPropertyOp36
  70
1
  102
RTVSPropertyOp37
  70
1
  102
RTVSPropertyOp38
  70
1
  102
RTVSPropertyOp39
  70
1
  102
RTVSPropertyOp40
  70
1
  102
RTVSPropertyOp41
  70
1
  102
RTVSPropertyOp42
  70
1
  102
RTVSPropertyOp43
  70
1
  102
RTVSPropertyOp44
  70
1
  102
RTVSPropertyOp45
  70
1
  102
RTVSPropertyOp46
  70
1
  102
RTVSPropertyOp47
  70
1
  102
RTVSPropertyOp48
  70
1
  102
RTVSPropertyOp49
  70
1
  102
RTVSPropertyOp50
  70
1
  102
RTVSPropertyOp51
  70
0
  102
RTVSPropertyOp52
  70
0
  102
RTVSPropertyOp53
  70
1
  102
RTVSPropertyOp54
  70
1
  102
RTVSPropertyOp55
  70
1
  102
RTVSPropertyOp56
  70
1
  102
RTVSPropertyOp57
  70
1
  102
RTVSPropertyOp58
  70
1
  102
RTVSPropertyOp59
  70
1
  102
RTVSPropertyOp60
  70
1
  102
RTVSPropertyOp61
  70
1
  102
RTVSPropertyOp62
  70
1
  0
XRECORD
  5
31F
  102
{ACAD_REACTORS
  330
31E
  102
}
  330
31E
  100
AcDbXrecord
  280
1
  102
RTVSPost2010Prop28
  280
0
  102
RTVSPost2010PropOp28
  70
1
  102
RTVSPost2010Prop29
  280
1
  102
RTVSPost2010PropOp29
  70
1
  102
RTVSPost2010Prop30
  280
1
  102
RTVSPost2010PropOp30
  70
1
  102
RTVSPost2010Prop31
  280
0
  102
RTVSPost2010PropOp31
  70
1
  102
RTVSPost2010Prop32
  280
0
  102
RTVSPost2010PropOp32
  70
1
  102
RTVSPost2010Prop33
  280
0
  102
RTVSPost2010PropOp33
  70
1
  102
RTVSPost2010Prop34
  280
0
  102
RTVSPost2010PropOp34
  70
1
  102
RTVSPost2010Prop35
  280
0
  102
RTVSPost2010PropOp35
  70
1
  102
RTVSPost2010Prop36
  280
0
  102
RTVSPost2010PropOp36
  70
1
  102
RTVSPost2010Prop37
  90
50
  102
RTVSPost2010PropOp37
  70
1
  102
RTVSPost2010Prop38
  140
0
  102
RTVSPost2010PropOp38
  70
1
  102
RTVSPost2010Prop39
  140
1
  102
RTVSPost2010PropOp39
  70
1
  102
RTVSPost2010Prop40
  90
0
  102
RTVSPost2010PropOp40
  70
1
  102
RTVSPost2010Prop41ColorIndex
  90
18
  102
RTVSPost2010Prop41ColorRGB
  90
0
  102
RTVSPost2010PropOp41
  70
1
  102
RTVSPost2010Prop42
  90
50
  102
RTVSPost2010PropOp42
  70
1
  102
RTVSPost2010Prop43
  90
3
  102
RTVSPost2010PropOp43
  70
1
  102
RTVSPost2010Prop44ColorIndex
  90
5
  102
RTVSPost2010Prop44ColorRGB
  90
255
  102
RTVSPost2010PropOp44
  70
1
  102
RTVSPost2010Prop45
  280
0
  102
RTVSPost2010PropOp45
  70
1
  102
RTVSPost2010Prop46
  90
50
  102
RTVSPost2010PropOp46
  70
1
  102
RTVSPost2010Prop47
  90
50
  102
RTVSPost2010PropOp47
  70
1
  102
RTVSPost2010Prop48
  90
50
  102
RTVSPost2010PropOp48
  70
1
  102
RTVSPost2010Prop49
  280
0
  102
RTVSPost2010PropOp49
  70
1
  102
RTVSPost2010Prop50
  90
50
  102
RTVSPost2010PropOp50
  70
1
  102
RTVSPost2010Prop51ColorIndex
  90
256
  102
RTVSPost2010Prop51ColorRGB
  90
-16777216
  102
RTVSPost2010PropOp51
  70
0
  102
RTVSPost2010Prop52
  140
1
  102
RTVSPost2010PropOp52
  70
0
  102
RTVSPost2010Prop53
  90
2
  102
RTVSPost2010PropOp53
  70
1
  102
RTVSPost2010Prop54
  1
strokes_ogs.tif
  102
RTVSPost2010PropOp54
  70
1
  102
RTVSPost2010Prop55
  280
0
  102
RTVSPost2010PropOp55
  70
1
  102
RTVSPost2010Prop56
  140
1
  102
RTVSPost2010PropOp56
  70
1
  102
RTVSPost2010Prop57
  140
1
  102
RTVSPost2010PropOp57
  70
1
  102
RTVSPropertyOp0
  70
1
  102
RTVSPropertyOp1
  70
1
  102
RTVSPropertyOp2
  70
1
  102
RTVSPropertyOp3
  70
1
  102
RTVSPropertyOp4
  70
1
  102
RTVSPropertyOp5
  70
1
  102
RTVSPropertyOp6
  70
1
  102
RTVSPropertyOp7
  70
1
  102
RTVSPropertyOp8
  70
1
  102
RTVSPropertyOp9
  70
1
  102
RTVSPropertyOp10
  70
1
  102
RTVSPropertyOp11
  70
1
  102
RTVSPropertyOp12
  70
1
  102
RTVSPropertyOp13
  70
1
  102
RTVSPropertyOp14
  70
1
  102
RTVSPropertyOp15
  70
1
  102
RTVSPropertyOp16
  70
1
  102
RTVSPropertyOp17
  70
1
  102
RTVSPropertyOp18
  70
1
  102
RTVSPropertyOp19
  70
1
  102
RTVSPropertyOp20
  70
1
  102
RTVSPropertyOp21
  70
1
  102
RTVSPropertyOp22
  70
1
  102
RTVSPropertyOp23
  70
1
  102
RTVSPropertyOp24
  70
1
  102
RTVSPropertyOp25
  70
1
  102
RTVSPropertyOp26
  70
1
  102
RTVSPropertyOp27
  70
1
  102
RTVSPropertyOp28
  70
1
  102
RTVSPropertyOp29
  70
1
  102
RTVSPropertyOp30
  70
1
  102
RTVSPropertyOp31
  70
1
  102
RTVSPropertyOp32
  70
1
  102
RTVSPropertyOp33
  70
1
  102
RTVSPropertyOp34
  70
1
  102
RTVSPropertyOp35
  70
1
  102
RTVSPropertyOp36
  70
1
  102
RTVSPropertyOp37
  70
1
  102
RTVSPropertyOp38
  70
1
  102
RTVSPropertyOp39
  70
1
  102
RTVSPropertyOp40
  70
1
  102
RTVSPropertyOp41
  70
1
  102
RTVSPropertyOp42
  70
1
  102
RTVSPropertyOp43
  70
1
  102
RTVSPropertyOp44
  70
1
  102
RTVSPropertyOp45
  70
1
  102
RTVSPropertyOp46
  70
1
  102
RTVSPropertyOp47
  70
1
  102
RTVSPropertyOp48
  70
1
  102
RTVSPropertyOp49
  70
1
  102
RTVSPropertyOp50
  70
1
  102
RTVSPropertyOp51
  70
0
  102
RTVSPropertyOp52
  70
0
  102
RTVSPropertyOp53
  70
1
  102
RTVSPropertyOp54
  70
1
  102
RTVSPropertyOp55
  70
1
  102
RTVSPropertyOp56
  70
1
  102
RTVSPropertyOp57
  70
1
  102
RTVSPropertyOp58
  70
1
  102
RTVSPropertyOp59
  70
1
  102
RTVSPropertyOp60
  70
1
  102
RTVSPropertyOp61
  70
1
  102
RTVSPropertyOp62
  70
1
  0
XRECORD
  5
32F
  102
{ACAD_REACTORS
  330
32E
  102
}
  330
32E
  100
AcDbXrecord
  280
1
  102
RTVSPost2010Prop28
  280
0
  102
RTVSPost2010PropOp28
  70
1
  102
RTVSPost2010Prop29
  280
1
  102
RTVSPost2010PropOp29
  70
1
  102
RTVSPost2010Prop30
  280
1
  102
RTVSPost2010PropOp30
  70
1
  102
RTVSPost2010Prop31
  280
0
  102
RTVSPost2010PropOp31
  70
1
  102
RTVSPost2010Prop32
  280
0
  102
RTVSPost2010PropOp32
  70
1
  102
RTVSPost2010Prop33
  280
0
  102
RTVSPost2010PropOp33
  70
1
  102
RTVSPost2010Prop34
  280
0
  102
RTVSPost2010PropOp34
  70
1
  102
RTVSPost2010Prop35
  280
0
  102
RTVSPost2010PropOp35
  70
1
  102
RTVSPost2010Prop36
  280
0
  102
RTVSPost2010PropOp36
  70
1
  102
RTVSPost2010Prop37
  90
50
  102
RTVSPost2010PropOp37
  70
1
  102
RTVSPost2010Prop38
  140
0
  102
RTVSPost2010PropOp38
  70
1
  102
RTVSPost2010Prop39
  140
1
  102
RTVSPost2010PropOp39
  70
1
  102
RTVSPost2010Prop40
  90
0
  102
RTVSPost2010PropOp40
  70
1
  102
RTVSPost2010Prop41ColorIndex
  90
18
  102
RTVSPost2010Prop41ColorRGB
  90
0
  102
RTVSPost2010PropOp41
  70
1
  102
RTVSPost2010Prop42
  90
50
  102
RTVSPost2010PropOp42
  70
1
  102
RTVSPost2010Prop43
  90
3
  102
RTVSPost2010PropOp43
  70
1
  102
RTVSPost2010Prop44ColorIndex
  90
5
  102
RTVSPost2010Prop44ColorRGB
  90
255
  102
RTVSPost2010PropOp44
  70
1
  102
RTVSPost2010Prop45
  280
0
  102
RTVSPost2010PropOp45
  70
1
  102
RTVSPost2010Prop46
  90
50
  102
RTVSPost2010PropOp46
  70
1
  102
RTVSPost2010Prop47
  90
50
  102
RTVSPost2010PropOp47
  70
1
  102
RTVSPost2010Prop48
  90
50
  102
RTVSPost2010PropOp48
  70
1
  102
RTVSPost2010Prop49
  280
0
  102
RTVSPost2010PropOp49
  70
1
  102
RTVSPost2010Prop50
  90
50
  102
RTVSPost2010PropOp50
  70
1
  102
RTVSPost2010Prop51ColorIndex
  90
256
  102
RTVSPost2010Prop51ColorRGB
  90
-16777216
  102
RTVSPost2010PropOp51
  70
0
  102
RTVSPost2010Prop52
  140
1
  102
RTVSPost2010PropOp52
  70
0
  102
RTVSPost2010Prop53
  90
2
  102
RTVSPost2010PropOp53
  70
1
  102
RTVSPost2010Prop54
  1
strokes_ogs.tif
  102
RTVSPost2010PropOp54
  70
1
  102
RTVSPost2010Prop55
  280
0
  102
RTVSPost2010PropOp55
  70
1
  102
RTVSPost2010Prop56
  140
1
  102
RTVSPost2010PropOp56
  70
1
  102
RTVSPost2010Prop57
  140
1
  102
RTVSPost2010PropOp57
  70
1
  102
RTVSPropertyOp0
  70
0
  102
RTVSPropertyOp1
  70
0
  102
RTVSPropertyOp2
  70
0
  102
RTVSPropertyOp3
  70
0
  102
RTVSPropertyOp4
  70
0
  102
RTVSPropertyOp5
  70
0
  102
RTVSPropertyOp6
  70
0
  102
RTVSPropertyOp7
  70
0
  102
RTVSPropertyOp8
  70
0
  102
RTVSPropertyOp9
  70
0
  102
RTVSPropertyOp10
  70
0
  102
RTVSPropertyOp11
  70
0
  102
RTVSPropertyOp12
  70
0
  102
RTVSPropertyOp13
  70
0
  102
RTVSPropertyOp14
  70
2
  102
RTVSPropertyOp15
  70
0
  102
RTVSPropertyOp16
  70
0
  102
RTVSPropertyOp17
  70
0
  102
RTVSPropertyOp18
  70
0
  102
RTVSPropertyOp19
  70
0
  102
RTVSPropertyOp20
  70
0
  102
RTVSPropertyOp21
  70
0
  102
RTVSPropertyOp22
  70
0
  102
RTVSPropertyOp23
  70
0
  102
RTVSPropertyOp24
  70
0
  102
RTVSPropertyOp25
  70
0
  102
RTVSPropertyOp26
  70
0
  102
RTVSPropertyOp27
  70
0
  102
RTVSPropertyOp28
  70
1
  102
RTVSPropertyOp29
  70
1
  102
RTVSPropertyOp30
  70
1
  102
RTVSPropertyOp31
  70
1
  102
RTVSPropertyOp32
  70
1
  102
RTVSPropertyOp33
  70
1
  102
RTVSPropertyOp34
  70
1
  102
RTVSPropertyOp35
  70
1
  102
RTVSPropertyOp36
  70
1
  102
RTVSPropertyOp37
  70
1
  102
RTVSPropertyOp38
  70
1
  102
RTVSPropertyOp39
  70
1
  102
RTVSPropertyOp40
  70
1
  102
RTVSPropertyOp41
  70
1
  102
RTVSPropertyOp42
  70
1
  102
RTVSPropertyOp43
  70
1
  102
RTVSPropertyOp44
  70
1
  102
RTVSPropertyOp45
  70
1
  102
RTVSPropertyOp46
  70
1
  102
RTVSPropertyOp47
  70
1
  102
RTVSPropertyOp48
  70
1
  102
RTVSPropertyOp49
  70
1
  102
RTVSPropertyOp50
  70
1
  102
RTVSPropertyOp51
  70
0
  102
RTVSPropertyOp52
  70
0
  102
RTVSPropertyOp53
  70
1
  102
RTVSPropertyOp54
  70
1
  102
RTVSPropertyOp55
  70
1
  102
RTVSPropertyOp56
  70
1
  102
RTVSPropertyOp57
  70
1
  102
RTVSPropertyOp58
  70
1
  102
RTVSPropertyOp59
  70
1
  102
RTVSPropertyOp60
  70
1
  102
RTVSPropertyOp61
  70
1
  102
RTVSPropertyOp62
  70
1
  0
XRECORD
  5
327
  102
{ACAD_REACTORS
  330
326
  102
}
  330
326
  100
AcDbXrecord
  280
1
  102
RTVSPost2010Prop28
  280
0
  102
RTVSPost2010PropOp28
  70
1
  102
RTVSPost2010Prop29
  280
1
  102
RTVSPost2010PropOp29
  70
1
  102
RTVSPost2010Prop30
  280
1
  102
RTVSPost2010PropOp30
  70
1
  102
RTVSPost2010Prop31
  280
0
  102
RTVSPost2010PropOp31
  70
1
  102
RTVSPost2010Prop32
  280
0
  102
RTVSPost2010PropOp32
  70
1
  102
RTVSPost2010Prop33
  280
0
  102
RTVSPost2010PropOp33
  70
1
  102
RTVSPost2010Prop34
  280
0
  102
RTVSPost2010PropOp34
  70
1
  102
RTVSPost2010Prop35
  280
0
  102
RTVSPost2010PropOp35
  70
1
  102
RTVSPost2010Prop36
  280
0
  102
RTVSPost2010PropOp36
  70
1
  102
RTVSPost2010Prop37
  90
50
  102
RTVSPost2010PropOp37
  70
1
  102
RTVSPost2010Prop38
  140
0
  102
RTVSPost2010PropOp38
  70
1
  102
RTVSPost2010Prop39
  140
1
  102
RTVSPost2010PropOp39
  70
1
  102
RTVSPost2010Prop40
  90
0
  102
RTVSPost2010PropOp40
  70
1
  102
RTVSPost2010Prop41ColorIndex
  90
18
  102
RTVSPost2010Prop41ColorRGB
  90
0
  102
RTVSPost2010PropOp41
  70
1
  102
RTVSPost2010Prop42
  90
50
  102
RTVSPost2010PropOp42
  70
1
  102
RTVSPost2010Prop43
  90
3
  102
RTVSPost2010PropOp43
  70
1
  102
RTVSPost2010Prop44ColorIndex
  90
5
  102
RTVSPost2010Prop44ColorRGB
  90
255
  102
RTVSPost2010PropOp44
  70
1
  102
RTVSPost2010Prop45
  280
0
  102
RTVSPost2010PropOp45
  70
1
  102
RTVSPost2010Prop46
  90
50
  102
RTVSPost2010PropOp46
  70
1
  102
RTVSPost2010Prop47
  90
50
  102
RTVSPost2010PropOp47
  70
1
  102
RTVSPost2010Prop48
  90
50
  102
RTVSPost2010PropOp48
  70
1
  102
RTVSPost2010Prop49
  280
0
  102
RTVSPost2010PropOp49
  70
1
  102
RTVSPost2010Prop50
  90
50
  102
RTVSPost2010PropOp50
  70
1
  102
RTVSPost2010Prop51ColorIndex
  90
256
  102
RTVSPost2010Prop51ColorRGB
  90
-16777216
  102
RTVSPost2010PropOp51
  70
0
  102
RTVSPost2010Prop52
  140
1
  102
RTVSPost2010PropOp52
  70
0
  102
RTVSPost2010Prop53
  90
2
  102
RTVSPost2010PropOp53
  70
1
  102
RTVSPost2010Prop54
  1
strokes_ogs.tif
  102
RTVSPost2010PropOp54
  70
1
  102
RTVSPost2010Prop55
  280
0
  102
RTVSPost2010PropOp55
  70
1
  102
RTVSPost2010Prop56
  140
1
  102
RTVSPost2010PropOp56
  70
1
  102
RTVSPost2010Prop57
  140
1
  102
RTVSPost2010PropOp57
  70
1
  102
RTVSPropertyOp0
  70
1
  102
RTVSPropertyOp1
  70
1
  102
RTVSPropertyOp2
  70
1
  102
RTVSPropertyOp3
  70
1
  102
RTVSPropertyOp4
  70
1
  102
RTVSPropertyOp5
  70
1
  102
RTVSPropertyOp6
  70
1
  102
RTVSPropertyOp7
  70
1
  102
RTVSPropertyOp8
  70
1
  102
RTVSPropertyOp9
  70
1
  102
RTVSPropertyOp10
  70
1
  102
RTVSPropertyOp11
  70
1
  102
RTVSPropertyOp12
  70
1
  102
RTVSPropertyOp13
  70
1
  102
RTVSPropertyOp14
  70
1
  102
RTVSPropertyOp15
  70
1
  102
RTVSPropertyOp16
  70
1
  102
RTVSPropertyOp17
  70
1
  102
RTVSPropertyOp18
  70
1
  102
RTVSPropertyOp19
  70
1
  102
RTVSPropertyOp20
  70
1
  102
RTVSPropertyOp21
  70
1
  102
RTVSPropertyOp22
  70
1
  102
RTVSPropertyOp23
  70
1
  102
RTVSPropertyOp24
  70
1
  102
RTVSPropertyOp25
  70
1
  102
RTVSPropertyOp26
  70
1
  102
RTVSPropertyOp27
  70
1
  102
RTVSPropertyOp28
  70
1
  102
RTVSPropertyOp29
  70
1
  102
RTVSPropertyOp30
  70
1
  102
RTVSPropertyOp31
  70
1
  102
RTVSPropertyOp32
  70
1
  102
RTVSPropertyOp33
  70
1
  102
RTVSPropertyOp34
  70
1
  102
RTVSPropertyOp35
  70
1
  102
RTVSPropertyOp36
  70
1
  102
RTVSPropertyOp37
  70
1
  102
RTVSPropertyOp38
  70
1
  102
RTVSPropertyOp39
  70
1
  102
RTVSPropertyOp40
  70
1
  102
RTVSPropertyOp41
  70
1
  102
RTVSPropertyOp42
  70
1
  102
RTVSPropertyOp43
  70
1
  102
RTVSPropertyOp44
  70
1
  102
RTVSPropertyOp45
  70
1
  102
RTVSPropertyOp46
  70
1
  102
RTVSPropertyOp47
  70
1
  102
RTVSPropertyOp48
  70
1
  102
RTVSPropertyOp49
  70
1
  102
RTVSPropertyOp50
  70
1
  102
RTVSPropertyOp51
  70
0
  102
RTVSPropertyOp52
  70
0
  102
RTVSPropertyOp53
  70
1
  102
RTVSPropertyOp54
  70
1
  102
RTVSPropertyOp55
  70
1
  102
RTVSPropertyOp56
  70
1
  102
RTVSPropertyOp57
  70
1
  102
RTVSPropertyOp58
  70
1
  102
RTVSPropertyOp59
  70
1
  102
RTVSPropertyOp60
  70
1
  102
RTVSPropertyOp61
  70
1
  102
RTVSPropertyOp62
  70
1
  0
XRECORD
  5
30B
  102
{ACAD_REACTORS
  330
30A
  102
}
  330
30A
  100
AcDbXrecord
  280
1
  102
RTVSPost2010Prop28
  280
0
  102
RTVSPost2010PropOp28
  70
1
  102
RTVSPost2010Prop29
  280
1
  102
RTVSPost2010PropOp29
  70
1
  102
RTVSPost2010Prop30
  280
1
  102
RTVSPost2010PropOp30
  70
1
  102
RTVSPost2010Prop31
  280
0
  102
RTVSPost2010PropOp31
  70
1
  102
RTVSPost2010Prop32
  280
0
  102
RTVSPost2010PropOp32
  70
1
  102
RTVSPost2010Prop33
  280
0
  102
RTVSPost2010PropOp33
  70
1
  102
RTVSPost2010Prop34
  280
0
  102
RTVSPost2010PropOp34
  70
1
  102
RTVSPost2010Prop35
  280
0
  102
RTVSPost2010PropOp35
  70
1
  102
RTVSPost2010Prop36
  280
0
  102
RTVSPost2010PropOp36
  70
1
  102
RTVSPost2010Prop37
  90
50
  102
RTVSPost2010PropOp37
  70
1
  102
RTVSPost2010Prop38
  140
0
  102
RTVSPost2010PropOp38
  70
1
  102
RTVSPost2010Prop39
  140
1
  102
RTVSPost2010PropOp39
  70
1
  102
RTVSPost2010Prop40
  90
0
  102
RTVSPost2010PropOp40
  70
1
  102
RTVSPost2010Prop41ColorIndex
  90
18
  102
RTVSPost2010Prop41ColorRGB
  90
0
  102
RTVSPost2010PropOp41
  70
1
  102
RTVSPost2010Prop42
  90
50
  102
RTVSPost2010PropOp42
  70
1
  102
RTVSPost2010Prop43
  90
3
  102
RTVSPost2010PropOp43
  70
1
  102
RTVSPost2010Prop44ColorIndex
  90
5
  102
RTVSPost2010Prop44ColorRGB
  90
255
  102
RTVSPost2010PropOp44
  70
1
  102
RTVSPost2010Prop45
  280
0
  102
RTVSPost2010PropOp45
  70
1
  102
RTVSPost2010Prop46
  90
50
  102
RTVSPost2010PropOp46
  70
1
  102
RTVSPost2010Prop47
  90
50
  102
RTVSPost2010PropOp47
  70
1
  102
RTVSPost2010Prop48
  90
50
  102
RTVSPost2010PropOp48
  70
1
  102
RTVSPost2010Prop49
  280
0
  102
RTVSPost2010PropOp49
  70
1
  102
RTVSPost2010Prop50
  90
50
  102
RTVSPost2010PropOp50
  70
1
  102
RTVSPost2010Prop51ColorIndex
  90
256
  102
RTVSPost2010Prop51ColorRGB
  90
-16777216
  102
RTVSPost2010PropOp51
  70
0
  102
RTVSPost2010Prop52
  140
1
  102
RTVSPost2010PropOp52
  70
0
  102
RTVSPost2010Prop53
  90
2
  102
RTVSPost2010PropOp53
  70
1
  102
RTVSPost2010Prop54
  1
strokes_ogs.tif
  102
RTVSPost2010PropOp54
  70
1
  102
RTVSPost2010Prop55
  280
0
  102
RTVSPost2010PropOp55
  70
1
  102
RTVSPost2010Prop56
  140
1
  102
RTVSPost2010PropOp56
  70
1
  102
RTVSPost2010Prop57
  140
1
  102
RTVSPost2010PropOp57
  70
1
  102
RTVSPropertyOp0
  70
1
  102
RTVSPropertyOp1
  70
1
  102
RTVSPropertyOp2
  70
1
  102
RTVSPropertyOp3
  70
1
  102
RTVSPropertyOp4
  70
1
  102
RTVSPropertyOp5
  70
1
  102
RTVSPropertyOp6
  70
1
  102
RTVSPropertyOp7
  70
1
  102
RTVSPropertyOp8
  70
1
  102
RTVSPropertyOp9
  70
1
  102
RTVSPropertyOp10
  70
1
  102
RTVSPropertyOp11
  70
1
  102
RTVSPropertyOp12
  70
1
  102
RTVSPropertyOp13
  70
1
  102
RTVSPropertyOp14
  70
1
  102
RTVSPropertyOp15
  70
1
  102
RTVSPropertyOp16
  70
1
  102
RTVSPropertyOp17
  70
1
  102
RTVSPropertyOp18
  70
1
  102
RTVSPropertyOp19
  70
1
  102
RTVSPropertyOp20
  70
1
  102
RTVSPropertyOp21
  70
1
  102
RTVSPropertyOp22
  70
1
  102
RTVSPropertyOp23
  70
1
  102
RTVSPropertyOp24
  70
1
  102
RTVSPropertyOp25
  70
1
  102
RTVSPropertyOp26
  70
1
  102
RTVSPropertyOp27
  70
1
  102
RTVSPropertyOp28
  70
1
  102
RTVSPropertyOp29
  70
1
  102
RTVSPropertyOp30
  70
1
  102
RTVSPropertyOp31
  70
1
  102
RTVSPropertyOp32
  70
1
  102
RTVSPropertyOp33
  70
1
  102
RTVSPropertyOp34
  70
1
  102
RTVSPropertyOp35
  70
1
  102
RTVSPropertyOp36
  70
1
  102
RTVSPropertyOp37
  70
1
  102
RTVSPropertyOp38
  70
1
  102
RTVSPropertyOp39
  70
1
  102
RTVSPropertyOp40
  70
1
  102
RTVSPropertyOp41
  70
1
  102
RTVSPropertyOp42
  70
1
  102
RTVSPropertyOp43
  70
1
  102
RTVSPropertyOp44
  70
1
  102
RTVSPropertyOp45
  70
1
  102
RTVSPropertyOp46
  70
1
  102
RTVSPropertyOp47
  70
1
  102
RTVSPropertyOp48
  70
1
  102
RTVSPropertyOp49
  70
1
  102
RTVSPropertyOp50
  70
1
  102
RTVSPropertyOp51
  70
0
  102
RTVSPropertyOp52
  70
0
  102
RTVSPropertyOp53
  70
1
  102
RTVSPropertyOp54
  70
1
  102
RTVSPropertyOp55
  70
1
  102
RTVSPropertyOp56
  70
1
  102
RTVSPropertyOp57
  70
1
  102
RTVSPropertyOp58
  70
1
  102
RTVSPropertyOp59
  70
1
  102
RTVSPropertyOp60
  70
1
  102
RTVSPropertyOp61
  70
1
  102
RTVSPropertyOp62
  70
1
  0
XRECORD
  5
30D
  102
{ACAD_REACTORS
  330
30C
  102
}
  330
30C
  100
AcDbXrecord
  280
1
  102
RTVSPost2010Prop28
  280
0
  102
RTVSPost2010PropOp28
  70
1
  102
RTVSPost2010Prop29
  280
1
  102
RTVSPost2010PropOp29
  70
1
  102
RTVSPost2010Prop30
  280
1
  102
RTVSPost2010PropOp30
  70
1
  102
RTVSPost2010Prop31
  280
0
  102
RTVSPost2010PropOp31
  70
1
  102
RTVSPost2010Prop32
  280
0
  102
RTVSPost2010PropOp32
  70
1
  102
RTVSPost2010Prop33
  280
0
  102
RTVSPost2010PropOp33
  70
1
  102
RTVSPost2010Prop34
  280
0
  102
RTVSPost2010PropOp34
  70
1
  102
RTVSPost2010Prop35
  280
0
  102
RTVSPost2010PropOp35
  70
1
  102
RTVSPost2010Prop36
  280
0
  102
RTVSPost2010PropOp36
  70
1
  102
RTVSPost2010Prop37
  90
50
  102
RTVSPost2010PropOp37
  70
1
  102
RTVSPost2010Prop38
  140
0
  102
RTVSPost2010PropOp38
  70
1
  102
RTVSPost2010Prop39
  140
1
  102
RTVSPost2010PropOp39
  70
1
  102
RTVSPost2010Prop40
  90
0
  102
RTVSPost2010PropOp40
  70
1
  102
RTVSPost2010Prop41ColorIndex
  90
18
  102
RTVSPost2010Prop41ColorRGB
  90
0
  102
RTVSPost2010PropOp41
  70
1
  102
RTVSPost2010Prop42
  90
50
  102
RTVSPost2010PropOp42
  70
1
  102
RTVSPost2010Prop43
  90
3
  102
RTVSPost2010PropOp43
  70
1
  102
RTVSPost2010Prop44ColorIndex
  90
5
  102
RTVSPost2010Prop44ColorRGB
  90
255
  102
RTVSPost2010PropOp44
  70
1
  102
RTVSPost2010Prop45
  280
0
  102
RTVSPost2010PropOp45
  70
1
  102
RTVSPost2010Prop46
  90
50
  102
RTVSPost2010PropOp46
  70
1
  102
RTVSPost2010Prop47
  90
50
  102
RTVSPost2010PropOp47
  70
1
  102
RTVSPost2010Prop48
  90
50
  102
RTVSPost2010PropOp48
  70
1
  102
RTVSPost2010Prop49
  280
0
  102
RTVSPost2010PropOp49
  70
1
  102
RTVSPost2010Prop50
  90
50
  102
RTVSPost2010PropOp50
  70
1
  102
RTVSPost2010Prop51ColorIndex
  90
256
  102
RTVSPost2010Prop51ColorRGB
  90
-16777216
  102
RTVSPost2010PropOp51
  70
0
  102
RTVSPost2010Prop52
  140
1
  102
RTVSPost2010PropOp52
  70
0
  102
RTVSPost2010Prop53
  90
2
  102
RTVSPost2010PropOp53
  70
1
  102
RTVSPost2010Prop54
  1
strokes_ogs.tif
  102
RTVSPost2010PropOp54
  70
1
  102
RTVSPost2010Prop55
  280
0
  102
RTVSPost2010PropOp55
  70
1
  102
RTVSPost2010Prop56
  140
1
  102
RTVSPost2010PropOp56
  70
1
  102
RTVSPost2010Prop57
  140
1
  102
RTVSPost2010PropOp57
  70
1
  102
RTVSPropertyOp0
  70
1
  102
RTVSPropertyOp1
  70
1
  102
RTVSPropertyOp2
  70
1
  102
RTVSPropertyOp3
  70
1
  102
RTVSPropertyOp4
  70
1
  102
RTVSPropertyOp5
  70
1
  102
RTVSPropertyOp6
  70
1
  102
RTVSPropertyOp7
  70
1
  102
RTVSPropertyOp8
  70
1
  102
RTVSPropertyOp9
  70
1
  102
RTVSPropertyOp10
  70
1
  102
RTVSPropertyOp11
  70
1
  102
RTVSPropertyOp12
  70
1
  102
RTVSPropertyOp13
  70
1
  102
RTVSPropertyOp14
  70
1
  102
RTVSPropertyOp15
  70
1
  102
RTVSPropertyOp16
  70
1
  102
RTVSPropertyOp17
  70
1
  102
RTVSPropertyOp18
  70
1
  102
RTVSPropertyOp19
  70
1
  102
RTVSPropertyOp20
  70
1
  102
RTVSPropertyOp21
  70
1
  102
RTVSPropertyOp22
  70
1
  102
RTVSPropertyOp23
  70
1
  102
RTVSPropertyOp24
  70
1
  102
RTVSPropertyOp25
  70
1
  102
RTVSPropertyOp26
  70
1
  102
RTVSPropertyOp27
  70
1
  102
RTVSPropertyOp28
  70
1
  102
RTVSPropertyOp29
  70
1
  102
RTVSPropertyOp30
  70
1
  102
RTVSPropertyOp31
  70
1
  102
RTVSPropertyOp32
  70
1
  102
RTVSPropertyOp33
  70
1
  102
RTVSPropertyOp34
  70
1
  102
RTVSPropertyOp35
  70
1
  102
RTVSPropertyOp36
  70
1
  102
RTVSPropertyOp37
  70
1
  102
RTVSPropertyOp38
  70
1
  102
RTVSPropertyOp39
  70
1
  102
RTVSPropertyOp40
  70
1
  102
RTVSPropertyOp41
  70
1
  102
RTVSPropertyOp42
  70
1
  102
RTVSPropertyOp43
  70
1
  102
RTVSPropertyOp44
  70
1
  102
RTVSPropertyOp45
  70
1
  102
RTVSPropertyOp46
  70
1
  102
RTVSPropertyOp47
  70
1
  102
RTVSPropertyOp48
  70
1
  102
RTVSPropertyOp49
  70
1
  102
RTVSPropertyOp50
  70
1
  102
RTVSPropertyOp51
  70
0
  102
RTVSPropertyOp52
  70
0
  102
RTVSPropertyOp53
  70
1
  102
RTVSPropertyOp54
  70
1
  102
RTVSPropertyOp55
  70
1
  102
RTVSPropertyOp56
  70
1
  102
RTVSPropertyOp57
  70
1
  102
RTVSPropertyOp58
  70
1
  102
RTVSPropertyOp59
  70
1
  102
RTVSPropertyOp60
  70
1
  102
RTVSPropertyOp61
  70
1
  102
RTVSPropertyOp62
  70
1
  0
XRECORD
  5
30F
  102
{ACAD_REACTORS
  330
30E
  102
}
  330
30E
  100
AcDbXrecord
  280
1
  102
RTVSPost2010Prop28
  280
0
  102
RTVSPost2010PropOp28
  70
1
  102
RTVSPost2010Prop29
  280
1
  102
RTVSPost2010PropOp29
  70
1
  102
RTVSPost2010Prop30
  280
1
  102
RTVSPost2010PropOp30
  70
1
  102
RTVSPost2010Prop31
  280
0
  102
RTVSPost2010PropOp31
  70
1
  102
RTVSPost2010Prop32
  280
0
  102
RTVSPost2010PropOp32
  70
1
  102
RTVSPost2010Prop33
  280
0
  102
RTVSPost2010PropOp33
  70
1
  102
RTVSPost2010Prop34
  280
0
  102
RTVSPost2010PropOp34
  70
1
  102
RTVSPost2010Prop35
  280
0
  102
RTVSPost2010PropOp35
  70
1
  102
RTVSPost2010Prop36
  280
0
  102
RTVSPost2010PropOp36
  70
1
  102
RTVSPost2010Prop37
  90
50
  102
RTVSPost2010PropOp37
  70
1
  102
RTVSPost2010Prop38
  140
0
  102
RTVSPost2010PropOp38
  70
1
  102
RTVSPost2010Prop39
  140
1
  102
RTVSPost2010PropOp39
  70
1
  102
RTVSPost2010Prop40
  90
0
  102
RTVSPost2010PropOp40
  70
1
  102
RTVSPost2010Prop41ColorIndex
  90
18
  102
RTVSPost2010Prop41ColorRGB
  90
0
  102
RTVSPost2010PropOp41
  70
1
  102
RTVSPost2010Prop42
  90
50
  102
RTVSPost2010PropOp42
  70
1
  102
RTVSPost2010Prop43
  90
3
  102
RTVSPost2010PropOp43
  70
1
  102
RTVSPost2010Prop44ColorIndex
  90
5
  102
RTVSPost2010Prop44ColorRGB
  90
255
  102
RTVSPost2010PropOp44
  70
1
  102
RTVSPost2010Prop45
  280
0
  102
RTVSPost2010PropOp45
  70
1
  102
RTVSPost2010Prop46
  90
50
  102
RTVSPost2010PropOp46
  70
1
  102
RTVSPost2010Prop47
  90
50
  102
RTVSPost2010PropOp47
  70
1
  102
RTVSPost2010Prop48
  90
50
  102
RTVSPost2010PropOp48
  70
1
  102
RTVSPost2010Prop49
  280
0
  102
RTVSPost2010PropOp49
  70
1
  102
RTVSPost2010Prop50
  90
50
  102
RTVSPost2010PropOp50
  70
1
  102
RTVSPost2010Prop51ColorIndex
  90
256
  102
RTVSPost2010Prop51ColorRGB
  90
-16777216
  102
RTVSPost2010PropOp51
  70
0
  102
RTVSPost2010Prop52
  140
1
  102
RTVSPost2010PropOp52
  70
0
  102
RTVSPost2010Prop53
  90
2
  102
RTVSPost2010PropOp53
  70
1
  102
RTVSPost2010Prop54
  1
strokes_ogs.tif
  102
RTVSPost2010PropOp54
  70
1
  102
RTVSPost2010Prop55
  280
0
  102
RTVSPost2010PropOp55
  70
1
  102
RTVSPost2010Prop56
  140
1
  102
RTVSPost2010PropOp56
  70
1
  102
RTVSPost2010Prop57
  140
1
  102
RTVSPost2010PropOp57
  70
1
  102
RTVSPropertyOp0
  70
1
  102
RTVSPropertyOp1
  70
1
  102
RTVSPropertyOp2
  70
1
  102
RTVSPropertyOp3
  70
1
  102
RTVSPropertyOp4
  70
1
  102
RTVSPropertyOp5
  70
1
  102
RTVSPropertyOp6
  70
1
  102
RTVSPropertyOp7
  70
1
  102
RTVSPropertyOp8
  70
1
  102
RTVSPropertyOp9
  70
1
  102
RTVSPropertyOp10
  70
1
  102
RTVSPropertyOp11
  70
1
  102
RTVSPropertyOp12
  70
1
  102
RTVSPropertyOp13
  70
1
  102
RTVSPropertyOp14
  70
1
  102
RTVSPropertyOp15
  70
1
  102
RTVSPropertyOp16
  70
1
  102
RTVSPropertyOp17
  70
1
  102
RTVSPropertyOp18
  70
1
  102
RTVSPropertyOp19
  70
1
  102
RTVSPropertyOp20
  70
1
  102
RTVSPropertyOp21
  70
1
  102
RTVSPropertyOp22
  70
1
  102
RTVSPropertyOp23
  70
1
  102
RTVSPropertyOp24
  70
1
  102
RTVSPropertyOp25
  70
1
  102
RTVSPropertyOp26
  70
1
  102
RTVSPropertyOp27
  70
1
  102
RTVSPropertyOp28
  70
1
  102
RTVSPropertyOp29
  70
1
  102
RTVSPropertyOp30
  70
1
  102
RTVSPropertyOp31
  70
1
  102
RTVSPropertyOp32
  70
1
  102
RTVSPropertyOp33
  70
1
  102
RTVSPropertyOp34
  70
1
  102
RTVSPropertyOp35
  70
1
  102
RTVSPropertyOp36
  70
1
  102
RTVSPropertyOp37
  70
1
  102
RTVSPropertyOp38
  70
1
  102
RTVSPropertyOp39
  70
1
  102
RTVSPropertyOp40
  70
1
  102
RTVSPropertyOp41
  70
1
  102
RTVSPropertyOp42
  70
1
  102
RTVSPropertyOp43
  70
1
  102
RTVSPropertyOp44
  70
1
  102
RTVSPropertyOp45
  70
1
  102
RTVSPropertyOp46
  70
1
  102
RTVSPropertyOp47
  70
1
  102
RTVSPropertyOp48
  70
1
  102
RTVSPropertyOp49
  70
1
  102
RTVSPropertyOp50
  70
1
  102
RTVSPropertyOp51
  70
0
  102
RTVSPropertyOp52
  70
0
  102
RTVSPropertyOp53
  70
1
  102
RTVSPropertyOp54
  70
1
  102
RTVSPropertyOp55
  70
1
  102
RTVSPropertyOp56
  70
1
  102
RTVSPropertyOp57
  70
1
  102
RTVSPropertyOp58
  70
1
  102
RTVSPropertyOp59
  70
1
  102
RTVSPropertyOp60
  70
1
  102
RTVSPropertyOp61
  70
1
  102
RTVSPropertyOp62
  70
1
  0
XRECORD
  5
311
  102
{ACAD_REACTORS
  330
310
  102
}
  330
310
  100
AcDbXrecord
  280
1
  102
RTVSPost2010Prop28
  280
0
  102
RTVSPost2010PropOp28
  70
1
  102
RTVSPost2010Prop29
  280
1
  102
RTVSPost2010PropOp29
  70
1
  102
RTVSPost2010Prop30
  280
1
  102
RTVSPost2010PropOp30
  70
1
  102
RTVSPost2010Prop31
  280
0
  102
RTVSPost2010PropOp31
  70
1
  102
RTVSPost2010Prop32
  280
0
  102
RTVSPost2010PropOp32
  70
1
  102
RTVSPost2010Prop33
  280
0
  102
RTVSPost2010PropOp33
  70
1
  102
RTVSPost2010Prop34
  280
0
  102
RTVSPost2010PropOp34
  70
1
  102
RTVSPost2010Prop35
  280
0
  102
RTVSPost2010PropOp35
  70
1
  102
RTVSPost2010Prop36
  280
0
  102
RTVSPost2010PropOp36
  70
1
  102
RTVSPost2010Prop37
  90
50
  102
RTVSPost2010PropOp37
  70
1
  102
RTVSPost2010Prop38
  140
0
  102
RTVSPost2010PropOp38
  70
1
  102
RTVSPost2010Prop39
  140
1
  102
RTVSPost2010PropOp39
  70
1
  102
RTVSPost2010Prop40
  90
0
  102
RTVSPost2010PropOp40
  70
1
  102
RTVSPost2010Prop41ColorIndex
  90
18
  102
RTVSPost2010Prop41ColorRGB
  90
0
  102
RTVSPost2010PropOp41
  70
1
  102
RTVSPost2010Prop42
  90
50
  102
RTVSPost2010PropOp42
  70
1
  102
RTVSPost2010Prop43
  90
3
  102
RTVSPost2010PropOp43
  70
1
  102
RTVSPost2010Prop44ColorIndex
  90
5
  102
RTVSPost2010Prop44ColorRGB
  90
255
  102
RTVSPost2010PropOp44
  70
1
  102
RTVSPost2010Prop45
  280
0
  102
RTVSPost2010PropOp45
  70
1
  102
RTVSPost2010Prop46
  90
50
  102
RTVSPost2010PropOp46
  70
1
  102
RTVSPost2010Prop47
  90
50
  102
RTVSPost2010PropOp47
  70
1
  102
RTVSPost2010Prop48
  90
50
  102
RTVSPost2010PropOp48
  70
1
  102
RTVSPost2010Prop49
  280
0
  102
RTVSPost2010PropOp49
  70
1
  102
RTVSPost2010Prop50
  90
50
  102
RTVSPost2010PropOp50
  70
1
  102
RTVSPost2010Prop51ColorIndex
  90
256
  102
RTVSPost2010Prop51ColorRGB
  90
-16777216
  102
RTVSPost2010PropOp51
  70
0
  102
RTVSPost2010Prop52
  140
1
  102
RTVSPost2010PropOp52
  70
0
  102
RTVSPost2010Prop53
  90
2
  102
RTVSPost2010PropOp53
  70
1
  102
RTVSPost2010Prop54
  1
strokes_ogs.tif
  102
RTVSPost2010PropOp54
  70
1
  102
RTVSPost2010Prop55
  280
0
  102
RTVSPost2010PropOp55
  70
1
  102
RTVSPost2010Prop56
  140
1
  102
RTVSPost2010PropOp56
  70
1
  102
RTVSPost2010Prop57
  140
1
  102
RTVSPost2010PropOp57
  70
1
  102
RTVSPropertyOp0
  70
1
  102
RTVSPropertyOp1
  70
1
  102
RTVSPropertyOp2
  70
1
  102
RTVSPropertyOp3
  70
1
  102
RTVSPropertyOp4
  70
1
  102
RTVSPropertyOp5
  70
1
  102
RTVSPropertyOp6
  70
1
  102
RTVSPropertyOp7
  70
1
  102
RTVSPropertyOp8
  70
1
  102
RTVSPropertyOp9
  70
1
  102
RTVSPropertyOp10
  70
1
  102
RTVSPropertyOp11
  70
1
  102
RTVSPropertyOp12
  70
1
  102
RTVSPropertyOp13
  70
1
  102
RTVSPropertyOp14
  70
1
  102
RTVSPropertyOp15
  70
1
  102
RTVSPropertyOp16
  70
1
  102
RTVSPropertyOp17
  70
1
  102
RTVSPropertyOp18
  70
1
  102
RTVSPropertyOp19
  70
1
  102
RTVSPropertyOp20
  70
1
  102
RTVSPropertyOp21
  70
1
  102
RTVSPropertyOp22
  70
1
  102
RTVSPropertyOp23
  70
1
  102
RTVSPropertyOp24
  70
1
  102
RTVSPropertyOp25
  70
1
  102
RTVSPropertyOp26
  70
1
  102
RTVSPropertyOp27
  70
1
  102
RTVSPropertyOp28
  70
1
  102
RTVSPropertyOp29
  70
1
  102
RTVSPropertyOp30
  70
1
  102
RTVSPropertyOp31
  70
1
  102
RTVSPropertyOp32
  70
1
  102
RTVSPropertyOp33
  70
1
  102
RTVSPropertyOp34
  70
1
  102
RTVSPropertyOp35
  70
1
  102
RTVSPropertyOp36
  70
1
  102
RTVSPropertyOp37
  70
1
  102
RTVSPropertyOp38
  70
1
  102
RTVSPropertyOp39
  70
1
  102
RTVSPropertyOp40
  70
1
  102
RTVSPropertyOp41
  70
1
  102
RTVSPropertyOp42
  70
1
  102
RTVSPropertyOp43
  70
1
  102
RTVSPropertyOp44
  70
1
  102
RTVSPropertyOp45
  70
1
  102
RTVSPropertyOp46
  70
1
  102
RTVSPropertyOp47
  70
1
  102
RTVSPropertyOp48
  70
1
  102
RTVSPropertyOp49
  70
1
  102
RTVSPropertyOp50
  70
1
  102
RTVSPropertyOp51
  70
0
  102
RTVSPropertyOp52
  70
0
  102
RTVSPropertyOp53
  70
1
  102
RTVSPropertyOp54
  70
1
  102
RTVSPropertyOp55
  70
1
  102
RTVSPropertyOp56
  70
1
  102
RTVSPropertyOp57
  70
1
  102
RTVSPropertyOp58
  70
1
  102
RTVSPropertyOp59
  70
1
  102
RTVSPropertyOp60
  70
1
  102
RTVSPropertyOp61
  70
1
  102
RTVSPropertyOp62
  70
1
  0
XRECORD
  5
319
  102
{ACAD_REACTORS
  330
318
  102
}
  330
318
  100
AcDbXrecord
  280
1
  102
RTVSPost2010Prop28
  280
0
  102
RTVSPost2010PropOp28
  70
1
  102
RTVSPost2010Prop29
  280
1
  102
RTVSPost2010PropOp29
  70
1
  102
RTVSPost2010Prop30
  280
1
  102
RTVSPost2010PropOp30
  70
1
  102
RTVSPost2010Prop31
  280
0
  102
RTVSPost2010PropOp31
  70
1
  102
RTVSPost2010Prop32
  280
0
  102
RTVSPost2010PropOp32
  70
1
  102
RTVSPost2010Prop33
  280
0
  102
RTVSPost2010PropOp33
  70
1
  102
RTVSPost2010Prop34
  280
0
  102
RTVSPost2010PropOp34
  70
1
  102
RTVSPost2010Prop35
  280
0
  102
RTVSPost2010PropOp35
  70
1
  102
RTVSPost2010Prop36
  280
0
  102
RTVSPost2010PropOp36
  70
1
  102
RTVSPost2010Prop37
  90
50
  102
RTVSPost2010PropOp37
  70
1
  102
RTVSPost2010Prop38
  140
0
  102
RTVSPost2010PropOp38
  70
1
  102
RTVSPost2010Prop39
  140
1
  102
RTVSPost2010PropOp39
  70
1
  102
RTVSPost2010Prop40
  90
0
  102
RTVSPost2010PropOp40
  70
1
  102
RTVSPost2010Prop41ColorIndex
  90
18
  102
RTVSPost2010Prop41ColorRGB
  90
0
  102
RTVSPost2010PropOp41
  70
1
  102
RTVSPost2010Prop42
  90
50
  102
RTVSPost2010PropOp42
  70
1
  102
RTVSPost2010Prop43
  90
3
  102
RTVSPost2010PropOp43
  70
1
  102
RTVSPost2010Prop44ColorIndex
  90
5
  102
RTVSPost2010Prop44ColorRGB
  90
255
  102
RTVSPost2010PropOp44
  70
1
  102
RTVSPost2010Prop45
  280
0
  102
RTVSPost2010PropOp45
  70
1
  102
RTVSPost2010Prop46
  90
50
  102
RTVSPost2010PropOp46
  70
1
  102
RTVSPost2010Prop47
  90
50
  102
RTVSPost2010PropOp47
  70
1
  102
RTVSPost2010Prop48
  90
50
  102
RTVSPost2010PropOp48
  70
1
  102
RTVSPost2010Prop49
  280
0
  102
RTVSPost2010PropOp49
  70
1
  102
RTVSPost2010Prop50
  90
50
  102
RTVSPost2010PropOp50
  70
1
  102
RTVSPost2010Prop51ColorIndex
  90
256
  102
RTVSPost2010Prop51ColorRGB
  90
-16777216
  102
RTVSPost2010PropOp51
  70
0
  102
RTVSPost2010Prop52
  140
1
  102
RTVSPost2010PropOp52
  70
0
  102
RTVSPost2010Prop53
  90
2
  102
RTVSPost2010PropOp53
  70
1
  102
RTVSPost2010Prop54
  1
strokes_ogs.tif
  102
RTVSPost2010PropOp54
  70
1
  102
RTVSPost2010Prop55
  280
0
  102
RTVSPost2010PropOp55
  70
1
  102
RTVSPost2010Prop56
  140
1
  102
RTVSPost2010PropOp56
  70
1
  102
RTVSPost2010Prop57
  140
1
  102
RTVSPost2010PropOp57
  70
1
  102
RTVSPropertyOp0
  70
1
  102
RTVSPropertyOp1
  70
1
  102
RTVSPropertyOp2
  70
1
  102
RTVSPropertyOp3
  70
1
  102
RTVSPropertyOp4
  70
1
  102
RTVSPropertyOp5
  70
1
  102
RTVSPropertyOp6
  70
1
  102
RTVSPropertyOp7
  70
1
  102
RTVSPropertyOp8
  70
1
  102
RTVSPropertyOp9
  70
1
  102
RTVSPropertyOp10
  70
1
  102
RTVSPropertyOp11
  70
1
  102
RTVSPropertyOp12
  70
1
  102
RTVSPropertyOp13
  70
1
  102
RTVSPropertyOp14
  70
1
  102
RTVSPropertyOp15
  70
1
  102
RTVSPropertyOp16
  70
1
  102
RTVSPropertyOp17
  70
1
  102
RTVSPropertyOp18
  70
1
  102
RTVSPropertyOp19
  70
1
  102
RTVSPropertyOp20
  70
1
  102
RTVSPropertyOp21
  70
1
  102
RTVSPropertyOp22
  70
1
  102
RTVSPropertyOp23
  70
1
  102
RTVSPropertyOp24
  70
1
  102
RTVSPropertyOp25
  70
1
  102
RTVSPropertyOp26
  70
1
  102
RTVSPropertyOp27
  70
1
  102
RTVSPropertyOp28
  70
1
  102
RTVSPropertyOp29
  70
1
  102
RTVSPropertyOp30
  70
1
  102
RTVSPropertyOp31
  70
1
  102
RTVSPropertyOp32
  70
1
  102
RTVSPropertyOp33
  70
1
  102
RTVSPropertyOp34
  70
1
  102
RTVSPropertyOp35
  70
1
  102
RTVSPropertyOp36
  70
1
  102
RTVSPropertyOp37
  70
1
  102
RTVSPropertyOp38
  70
1
  102
RTVSPropertyOp39
  70
1
  102
RTVSPropertyOp40
  70
1
  102
RTVSPropertyOp41
  70
1
  102
RTVSPropertyOp42
  70
1
  102
RTVSPropertyOp43
  70
1
  102
RTVSPropertyOp44
  70
1
  102
RTVSPropertyOp45
  70
1
  102
RTVSPropertyOp46
  70
1
  102
RTVSPropertyOp47
  70
1
  102
RTVSPropertyOp48
  70
1
  102
RTVSPropertyOp49
  70
1
  102
RTVSPropertyOp50
  70
1
  102
RTVSPropertyOp51
  70
0
  102
RTVSPropertyOp52
  70
0
  102
RTVSPropertyOp53
  70
1
  102
RTVSPropertyOp54
  70
1
  102
RTVSPropertyOp55
  70
1
  102
RTVSPropertyOp56
  70
1
  102
RTVSPropertyOp57
  70
1
  102
RTVSPropertyOp58
  70
1
  102
RTVSPropertyOp59
  70
1
  102
RTVSPropertyOp60
  70
1
  102
RTVSPropertyOp61
  70
1
  102
RTVSPropertyOp62
  70
1
  0
XRECORD
  5
32B
  102
{ACAD_REACTORS
  330
32A
  102
}
  330
32A
  100
AcDbXrecord
  280
1
  102
RTVSPost2010Prop28
  280
0
  102
RTVSPost2010PropOp28
  70
1
  102
RTVSPost2010Prop29
  280
1
  102
RTVSPost2010PropOp29
  70
1
  102
RTVSPost2010Prop30
  280
1
  102
RTVSPost2010PropOp30
  70
1
  102
RTVSPost2010Prop31
  280
0
  102
RTVSPost2010PropOp31
  70
1
  102
RTVSPost2010Prop32
  280
0
  102
RTVSPost2010PropOp32
  70
1
  102
RTVSPost2010Prop33
  280
0
  102
RTVSPost2010PropOp33
  70
1
  102
RTVSPost2010Prop34
  280
0
  102
RTVSPost2010PropOp34
  70
1
  102
RTVSPost2010Prop35
  280
0
  102
RTVSPost2010PropOp35
  70
1
  102
RTVSPost2010Prop36
  280
0
  102
RTVSPost2010PropOp36
  70
1
  102
RTVSPost2010Prop37
  90
50
  102
RTVSPost2010PropOp37
  70
1
  102
RTVSPost2010Prop38
  140
0
  102
RTVSPost2010PropOp38
  70
1
  102
RTVSPost2010Prop39
  140
1
  102
RTVSPost2010PropOp39
  70
1
  102
RTVSPost2010Prop40
  90
0
  102
RTVSPost2010PropOp40
  70
1
  102
RTVSPost2010Prop41ColorIndex
  90
18
  102
RTVSPost2010Prop41ColorRGB
  90
0
  102
RTVSPost2010PropOp41
  70
1
  102
RTVSPost2010Prop42
  90
50
  102
RTVSPost2010PropOp42
  70
1
  102
RTVSPost2010Prop43
  90
3
  102
RTVSPost2010PropOp43
  70
1
  102
RTVSPost2010Prop44ColorIndex
  90
5
  102
RTVSPost2010Prop44ColorRGB
  90
255
  102
RTVSPost2010PropOp44
  70
1
  102
RTVSPost2010Prop45
  280
0
  102
RTVSPost2010PropOp45
  70
1
  102
RTVSPost2010Prop46
  90
50
  102
RTVSPost2010PropOp46
  70
1
  102
RTVSPost2010Prop47
  90
50
  102
RTVSPost2010PropOp47
  70
1
  102
RTVSPost2010Prop48
  90
50
  102
RTVSPost2010PropOp48
  70
1
  102
RTVSPost2010Prop49
  280
0
  102
RTVSPost2010PropOp49
  70
1
  102
RTVSPost2010Prop50
  90
50
  102
RTVSPost2010PropOp50
  70
1
  102
RTVSPost2010Prop51ColorIndex
  90
256
  102
RTVSPost2010Prop51ColorRGB
  90
-16777216
  102
RTVSPost2010PropOp51
  70
0
  102
RTVSPost2010Prop52
  140
1
  102
RTVSPost2010PropOp52
  70
0
  102
RTVSPost2010Prop53
  90
2
  102
RTVSPost2010PropOp53
  70
1
  102
RTVSPost2010Prop54
  1
strokes_ogs.tif
  102
RTVSPost2010PropOp54
  70
1
  102
RTVSPost2010Prop55
  280
0
  102
RTVSPost2010PropOp55
  70
1
  102
RTVSPost2010Prop56
  140
1
  102
RTVSPost2010PropOp56
  70
1
  102
RTVSPost2010Prop57
  140
1
  102
RTVSPost2010PropOp57
  70
1
  102
RTVSPropertyOp0
  70
0
  102
RTVSPropertyOp1
  70
0
  102
RTVSPropertyOp2
  70
0
  102
RTVSPropertyOp3
  70
0
  102
RTVSPropertyOp4
  70
0
  102
RTVSPropertyOp5
  70
0
  102
RTVSPropertyOp6
  70
0
  102
RTVSPropertyOp7
  70
0
  102
RTVSPropertyOp8
  70
0
  102
RTVSPropertyOp9
  70
0
  102
RTVSPropertyOp10
  70
0
  102
RTVSPropertyOp11
  70
0
  102
RTVSPropertyOp12
  70
0
  102
RTVSPropertyOp13
  70
0
  102
RTVSPropertyOp14
  70
2
  102
RTVSPropertyOp15
  70
0
  102
RTVSPropertyOp16
  70
0
  102
RTVSPropertyOp17
  70
0
  102
RTVSPropertyOp18
  70
0
  102
RTVSPropertyOp19
  70
0
  102
RTVSPropertyOp20
  70
0
  102
RTVSPropertyOp21
  70
0
  102
RTVSPropertyOp22
  70
0
  102
RTVSPropertyOp23
  70
0
  102
RTVSPropertyOp24
  70
0
  102
RTVSPropertyOp25
  70
0
  102
RTVSPropertyOp26
  70
0
  102
RTVSPropertyOp27
  70
0
  102
RTVSPropertyOp28
  70
1
  102
RTVSPropertyOp29
  70
1
  102
RTVSPropertyOp30
  70
1
  102
RTVSPropertyOp31
  70
1
  102
RTVSPropertyOp32
  70
1
  102
RTVSPropertyOp33
  70
1
  102
RTVSPropertyOp34
  70
1
  102
RTVSPropertyOp35
  70
1
  102
RTVSPropertyOp36
  70
1
  102
RTVSPropertyOp37
  70
1
  102
RTVSPropertyOp38
  70
1
  102
RTVSPropertyOp39
  70
1
  102
RTVSPropertyOp40
  70
1
  102
RTVSPropertyOp41
  70
1
  102
RTVSPropertyOp42
  70
1
  102
RTVSPropertyOp43
  70
1
  102
RTVSPropertyOp44
  70
1
  102
RTVSPropertyOp45
  70
1
  102
RTVSPropertyOp46
  70
1
  102
RTVSPropertyOp47
  70
1
  102
RTVSPropertyOp48
  70
1
  102
RTVSPropertyOp49
  70
1
  102
RTVSPropertyOp50
  70
1
  102
RTVSPropertyOp51
  70
0
  102
RTVSPropertyOp52
  70
0
  102
RTVSPropertyOp53
  70
1
  102
RTVSPropertyOp54
  70
1
  102
RTVSPropertyOp55
  70
1
  102
RTVSPropertyOp56
  70
1
  102
RTVSPropertyOp57
  70
1
  102
RTVSPropertyOp58
  70
1
  102
RTVSPropertyOp59
  70
1
  102
RTVSPropertyOp60
  70
1
  102
RTVSPropertyOp61
  70
1
  102
RTVSPropertyOp62
  70
1
  0
XRECORD
  5
325
  102
{ACAD_REACTORS
  330
324
  102
}
  330
324
  100
AcDbXrecord
  280
1
  102
RTVSPost2010Prop28
  280
0
  102
RTVSPost2010PropOp28
  70
1
  102
RTVSPost2010Prop29
  280
1
  102
RTVSPost2010PropOp29
  70
1
  102
RTVSPost2010Prop30
  280
1
  102
RTVSPost2010PropOp30
  70
1
  102
RTVSPost2010Prop31
  280
0
  102
RTVSPost2010PropOp31
  70
1
  102
RTVSPost2010Prop32
  280
0
  102
RTVSPost2010PropOp32
  70
1
  102
RTVSPost2010Prop33
  280
0
  102
RTVSPost2010PropOp33
  70
1
  102
RTVSPost2010Prop34
  280
0
  102
RTVSPost2010PropOp34
  70
1
  102
RTVSPost2010Prop35
  280
0
  102
RTVSPost2010PropOp35
  70
1
  102
RTVSPost2010Prop36
  280
0
  102
RTVSPost2010PropOp36
  70
1
  102
RTVSPost2010Prop37
  90
50
  102
RTVSPost2010PropOp37
  70
1
  102
RTVSPost2010Prop38
  140
0
  102
RTVSPost2010PropOp38
  70
1
  102
RTVSPost2010Prop39
  140
1
  102
RTVSPost2010PropOp39
  70
1
  102
RTVSPost2010Prop40
  90
0
  102
RTVSPost2010PropOp40
  70
1
  102
RTVSPost2010Prop41ColorIndex
  90
18
  102
RTVSPost2010Prop41ColorRGB
  90
0
  102
RTVSPost2010PropOp41
  70
1
  102
RTVSPost2010Prop42
  90
50
  102
RTVSPost2010PropOp42
  70
1
  102
RTVSPost2010Prop43
  90
3
  102
RTVSPost2010PropOp43
  70
1
  102
RTVSPost2010Prop44ColorIndex
  90
5
  102
RTVSPost2010Prop44ColorRGB
  90
255
  102
RTVSPost2010PropOp44
  70
1
  102
RTVSPost2010Prop45
  280
0
  102
RTVSPost2010PropOp45
  70
1
  102
RTVSPost2010Prop46
  90
50
  102
RTVSPost2010PropOp46
  70
1
  102
RTVSPost2010Prop47
  90
50
  102
RTVSPost2010PropOp47
  70
1
  102
RTVSPost2010Prop48
  90
50
  102
RTVSPost2010PropOp48
  70
1
  102
RTVSPost2010Prop49
  280
0
  102
RTVSPost2010PropOp49
  70
1
  102
RTVSPost2010Prop50
  90
50
  102
RTVSPost2010PropOp50
  70
1
  102
RTVSPost2010Prop51ColorIndex
  90
256
  102
RTVSPost2010Prop51ColorRGB
  90
-16777216
  102
RTVSPost2010PropOp51
  70
0
  102
RTVSPost2010Prop52
  140
1
  102
RTVSPost2010PropOp52
  70
0
  102
RTVSPost2010Prop53
  90
2
  102
RTVSPost2010PropOp53
  70
1
  102
RTVSPost2010Prop54
  1
strokes_ogs.tif
  102
RTVSPost2010PropOp54
  70
1
  102
RTVSPost2010Prop55
  280
0
  102
RTVSPost2010PropOp55
  70
1
  102
RTVSPost2010Prop56
  140
1
  102
RTVSPost2010PropOp56
  70
1
  102
RTVSPost2010Prop57
  140
1
  102
RTVSPost2010PropOp57
  70
1
  102
RTVSPropertyOp0
  70
1
  102
RTVSPropertyOp1
  70
1
  102
RTVSPropertyOp2
  70
1
  102
RTVSPropertyOp3
  70
1
  102
RTVSPropertyOp4
  70
1
  102
RTVSPropertyOp5
  70
1
  102
RTVSPropertyOp6
  70
1
  102
RTVSPropertyOp7
  70
1
  102
RTVSPropertyOp8
  70
1
  102
RTVSPropertyOp9
  70
1
  102
RTVSPropertyOp10
  70
1
  102
RTVSPropertyOp11
  70
1
  102
RTVSPropertyOp12
  70
1
  102
RTVSPropertyOp13
  70
1
  102
RTVSPropertyOp14
  70
1
  102
RTVSPropertyOp15
  70
1
  102
RTVSPropertyOp16
  70
1
  102
RTVSPropertyOp17
  70
1
  102
RTVSPropertyOp18
  70
1
  102
RTVSPropertyOp19
  70
1
  102
RTVSPropertyOp20
  70
1
  102
RTVSPropertyOp21
  70
1
  102
RTVSPropertyOp22
  70
1
  102
RTVSPropertyOp23
  70
1
  102
RTVSPropertyOp24
  70
1
  102
RTVSPropertyOp25
  70
1
  102
RTVSPropertyOp26
  70
1
  102
RTVSPropertyOp27
  70
1
  102
RTVSPropertyOp28
  70
1
  102
RTVSPropertyOp29
  70
1
  102
RTVSPropertyOp30
  70
1
  102
RTVSPropertyOp31
  70
1
  102
RTVSPropertyOp32
  70
1
  102
RTVSPropertyOp33
  70
1
  102
RTVSPropertyOp34
  70
1
  102
RTVSPropertyOp35
  70
1
  102
RTVSPropertyOp36
  70
1
  102
RTVSPropertyOp37
  70
1
  102
RTVSPropertyOp38
  70
1
  102
RTVSPropertyOp39
  70
1
  102
RTVSPropertyOp40
  70
1
  102
RTVSPropertyOp41
  70
1
  102
RTVSPropertyOp42
  70
1
  102
RTVSPropertyOp43
  70
1
  102
RTVSPropertyOp44
  70
1
  102
RTVSPropertyOp45
  70
1
  102
RTVSPropertyOp46
  70
1
  102
RTVSPropertyOp47
  70
1
  102
RTVSPropertyOp48
  70
1
  102
RTVSPropertyOp49
  70
1
  102
RTVSPropertyOp50
  70
1
  102
RTVSPropertyOp51
  70
0
  102
RTVSPropertyOp52
  70
0
  102
RTVSPropertyOp53
  70
1
  102
RTVSPropertyOp54
  70
1
  102
RTVSPropertyOp55
  70
1
  102
RTVSPropertyOp56
  70
1
  102
RTVSPropertyOp57
  70
1
  102
RTVSPropertyOp58
  70
1
  102
RTVSPropertyOp59
  70
1
  102
RTVSPropertyOp60
  70
1
  102
RTVSPropertyOp61
  70
1
  102
RTVSPropertyOp62
  70
1
  0
XRECORD
  5
32D
  102
{ACAD_REACTORS
  330
32C
  102
}
  330
32C
  100
AcDbXrecord
  280
1
  102
RTVSPost2010Prop28
  280
0
  102
RTVSPost2010PropOp28
  70
1
  102
RTVSPost2010Prop29
  280
1
  102
RTVSPost2010PropOp29
  70
1
  102
RTVSPost2010Prop30
  280
1
  102
RTVSPost2010PropOp30
  70
1
  102
RTVSPost2010Prop31
  280
0
  102
RTVSPost2010PropOp31
  70
1
  102
RTVSPost2010Prop32
  280
0
  102
RTVSPost2010PropOp32
  70
1
  102
RTVSPost2010Prop33
  280
0
  102
RTVSPost2010PropOp33
  70
1
  102
RTVSPost2010Prop34
  280
0
  102
RTVSPost2010PropOp34
  70
1
  102
RTVSPost2010Prop35
  280
0
  102
RTVSPost2010PropOp35
  70
1
  102
RTVSPost2010Prop36
  280
0
  102
RTVSPost2010PropOp36
  70
1
  102
RTVSPost2010Prop37
  90
50
  102
RTVSPost2010PropOp37
  70
1
  102
RTVSPost2010Prop38
  140
0
  102
RTVSPost2010PropOp38
  70
1
  102
RTVSPost2010Prop39
  140
1
  102
RTVSPost2010PropOp39
  70
1
  102
RTVSPost2010Prop40
  90
0
  102
RTVSPost2010PropOp40
  70
1
  102
RTVSPost2010Prop41ColorIndex
  90
18
  102
RTVSPost2010Prop41ColorRGB
  90
0
  102
RTVSPost2010PropOp41
  70
1
  102
RTVSPost2010Prop42
  90
50
  102
RTVSPost2010PropOp42
  70
1
  102
RTVSPost2010Prop43
  90
3
  102
RTVSPost2010PropOp43
  70
1
  102
RTVSPost2010Prop44ColorIndex
  90
5
  102
RTVSPost2010Prop44ColorRGB
  90
255
  102
RTVSPost2010PropOp44
  70
1
  102
RTVSPost2010Prop45
  280
0
  102
RTVSPost2010PropOp45
  70
1
  102
RTVSPost2010Prop46
  90
50
  102
RTVSPost2010PropOp46
  70
1
  102
RTVSPost2010Prop47
  90
50
  102
RTVSPost2010PropOp47
  70
1
  102
RTVSPost2010Prop48
  90
50
  102
RTVSPost2010PropOp48
  70
1
  102
RTVSPost2010Prop49
  280
0
  102
RTVSPost2010PropOp49
  70
1
  102
RTVSPost2010Prop50
  90
50
  102
RTVSPost2010PropOp50
  70
1
  102
RTVSPost2010Prop51ColorIndex
  90
256
  102
RTVSPost2010Prop51ColorRGB
  90
-16777216
  102
RTVSPost2010PropOp51
  70
0
  102
RTVSPost2010Prop52
  140
1
  102
RTVSPost2010PropOp52
  70
0
  102
RTVSPost2010Prop53
  90
2
  102
RTVSPost2010PropOp53
  70
1
  102
RTVSPost2010Prop54
  1
strokes_ogs.tif
  102
RTVSPost2010PropOp54
  70
1
  102
RTVSPost2010Prop55
  280
0
  102
RTVSPost2010PropOp55
  70
1
  102
RTVSPost2010Prop56
  140
1
  102
RTVSPost2010PropOp56
  70
1
  102
RTVSPost2010Prop57
  140
1
  102
RTVSPost2010PropOp57
  70
1
  102
RTVSPropertyOp0
  70
0
  102
RTVSPropertyOp1
  70
0
  102
RTVSPropertyOp2
  70
0
  102
RTVSPropertyOp3
  70
0
  102
RTVSPropertyOp4
  70
0
  102
RTVSPropertyOp5
  70
0
  102
RTVSPropertyOp6
  70
0
  102
RTVSPropertyOp7
  70
0
  102
RTVSPropertyOp8
  70
0
  102
RTVSPropertyOp9
  70
0
  102
RTVSPropertyOp10
  70
0
  102
RTVSPropertyOp11
  70
0
  102
RTVSPropertyOp12
  70
0
  102
RTVSPropertyOp13
  70
0
  102
RTVSPropertyOp14
  70
2
  102
RTVSPropertyOp15
  70
0
  102
RTVSPropertyOp16
  70
0
  102
RTVSPropertyOp17
  70
0
  102
RTVSPropertyOp18
  70
0
  102
RTVSPropertyOp19
  70
0
  102
RTVSPropertyOp20
  70
0
  102
RTVSPropertyOp21
  70
0
  102
RTVSPropertyOp22
  70
0
  102
RTVSPropertyOp23
  70
0
  102
RTVSPropertyOp24
  70
0
  102
RTVSPropertyOp25
  70
0
  102
RTVSPropertyOp26
  70
0
  102
RTVSPropertyOp27
  70
0
  102
RTVSPropertyOp28
  70
1
  102
RTVSPropertyOp29
  70
1
  102
RTVSPropertyOp30
  70
1
  102
RTVSPropertyOp31
  70
1
  102
RTVSPropertyOp32
  70
1
  102
RTVSPropertyOp33
  70
1
  102
RTVSPropertyOp34
  70
1
  102
RTVSPropertyOp35
  70
1
  102
RTVSPropertyOp36
  70
1
  102
RTVSPropertyOp37
  70
1
  102
RTVSPropertyOp38
  70
1
  102
RTVSPropertyOp39
  70
1
  102
RTVSPropertyOp40
  70
1
  102
RTVSPropertyOp41
  70
1
  102
RTVSPropertyOp42
  70
1
  102
RTVSPropertyOp43
  70
1
  102
RTVSPropertyOp44
  70
1
  102
RTVSPropertyOp45
  70
1
  102
RTVSPropertyOp46
  70
1
  102
RTVSPropertyOp47
  70
1
  102
RTVSPropertyOp48
  70
1
  102
RTVSPropertyOp49
  70
1
  102
RTVSPropertyOp50
  70
1
  102
RTVSPropertyOp51
  70
0
  102
RTVSPropertyOp52
  70
0
  102
RTVSPropertyOp53
  70
1
  102
RTVSPropertyOp54
  70
1
  102
RTVSPropertyOp55
  70
1
  102
RTVSPropertyOp56
  70
1
  102
RTVSPropertyOp57
  70
1
  102
RTVSPropertyOp58
  70
1
  102
RTVSPropertyOp59
  70
1
  102
RTVSPropertyOp60
  70
1
  102
RTVSPropertyOp61
  70
1
  102
RTVSPropertyOp62
  70
1
  0
XRECORD
  5
31D
  102
{ACAD_REACTORS
  330
31C
  102
}
  330
31C
  100
AcDbXrecord
  280
1
  102
RTVSPost2010Prop28
  280
0
  102
RTVSPost2010PropOp28
  70
1
  102
RTVSPost2010Prop29
  280
1
  102
RTVSPost2010PropOp29
  70
1
  102
RTVSPost2010Prop30
  280
1
  102
RTVSPost2010PropOp30
  70
1
  102
RTVSPost2010Prop31
  280
0
  102
RTVSPost2010PropOp31
  70
1
  102
RTVSPost2010Prop32
  280
0
  102
RTVSPost2010PropOp32
  70
1
  102
RTVSPost2010Prop33
  280
0
  102
RTVSPost2010PropOp33
  70
1
  102
RTVSPost2010Prop34
  280
0
  102
RTVSPost2010PropOp34
  70
1
  102
RTVSPost2010Prop35
  280
0
  102
RTVSPost2010PropOp35
  70
1
  102
RTVSPost2010Prop36
  280
0
  102
RTVSPost2010PropOp36
  70
1
  102
RTVSPost2010Prop37
  90
50
  102
RTVSPost2010PropOp37
  70
1
  102
RTVSPost2010Prop38
  140
0
  102
RTVSPost2010PropOp38
  70
1
  102
RTVSPost2010Prop39
  140
1
  102
RTVSPost2010PropOp39
  70
1
  102
RTVSPost2010Prop40
  90
0
  102
RTVSPost2010PropOp40
  70
1
  102
RTVSPost2010Prop41ColorIndex
  90
18
  102
RTVSPost2010Prop41ColorRGB
  90
0
  102
RTVSPost2010PropOp41
  70
1
  102
RTVSPost2010Prop42
  90
50
  102
RTVSPost2010PropOp42
  70
1
  102
RTVSPost2010Prop43
  90
3
  102
RTVSPost2010PropOp43
  70
1
  102
RTVSPost2010Prop44ColorIndex
  90
5
  102
RTVSPost2010Prop44ColorRGB
  90
255
  102
RTVSPost2010PropOp44
  70
1
  102
RTVSPost2010Prop45
  280
0
  102
RTVSPost2010PropOp45
  70
1
  102
RTVSPost2010Prop46
  90
50
  102
RTVSPost2010PropOp46
  70
1
  102
RTVSPost2010Prop47
  90
50
  102
RTVSPost2010PropOp47
  70
1
  102
RTVSPost2010Prop48
  90
50
  102
RTVSPost2010PropOp48
  70
1
  102
RTVSPost2010Prop49
  280
0
  102
RTVSPost2010PropOp49
  70
1
  102
RTVSPost2010Prop50
  90
50
  102
RTVSPost2010PropOp50
  70
1
  102
RTVSPost2010Prop51ColorIndex
  90
256
  102
RTVSPost2010Prop51ColorRGB
  90
-16777216
  102
RTVSPost2010PropOp51
  70
0
  102
RTVSPost2010Prop52
  140
1
  102
RTVSPost2010PropOp52
  70
0
  102
RTVSPost2010Prop53
  90
2
  102
RTVSPost2010PropOp53
  70
1
  102
RTVSPost2010Prop54
  1
strokes_ogs.tif
  102
RTVSPost2010PropOp54
  70
1
  102
RTVSPost2010Prop55
  280
0
  102
RTVSPost2010PropOp55
  70
1
  102
RTVSPost2010Prop56
  140
1
  102
RTVSPost2010PropOp56
  70
1
  102
RTVSPost2010Prop57
  140
1
  102
RTVSPost2010PropOp57
  70
1
  102
RTVSPropertyOp0
  70
1
  102
RTVSPropertyOp1
  70
1
  102
RTVSPropertyOp2
  70
1
  102
RTVSPropertyOp3
  70
1
  102
RTVSPropertyOp4
  70
1
  102
RTVSPropertyOp5
  70
1
  102
RTVSPropertyOp6
  70
1
  102
RTVSPropertyOp7
  70
1
  102
RTVSPropertyOp8
  70
1
  102
RTVSPropertyOp9
  70
1
  102
RTVSPropertyOp10
  70
1
  102
RTVSPropertyOp11
  70
1
  102
RTVSPropertyOp12
  70
1
  102
RTVSPropertyOp13
  70
1
  102
RTVSPropertyOp14
  70
1
  102
RTVSPropertyOp15
  70
1
  102
RTVSPropertyOp16
  70
1
  102
RTVSPropertyOp17
  70
1
  102
RTVSPropertyOp18
  70
1
  102
RTVSPropertyOp19
  70
1
  102
RTVSPropertyOp20
  70
1
  102
RTVSPropertyOp21
  70
1
  102
RTVSPropertyOp22
  70
1
  102
RTVSPropertyOp23
  70
1
  102
RTVSPropertyOp24
  70
1
  102
RTVSPropertyOp25
  70
1
  102
RTVSPropertyOp26
  70
1
  102
RTVSPropertyOp27
  70
1
  102
RTVSPropertyOp28
  70
1
  102
RTVSPropertyOp29
  70
1
  102
RTVSPropertyOp30
  70
1
  102
RTVSPropertyOp31
  70
1
  102
RTVSPropertyOp32
  70
1
  102
RTVSPropertyOp33
  70
1
  102
RTVSPropertyOp34
  70
1
  102
RTVSPropertyOp35
  70
1
  102
RTVSPropertyOp36
  70
1
  102
RTVSPropertyOp37
  70
1
  102
RTVSPropertyOp38
  70
1
  102
RTVSPropertyOp39
  70
1
  102
RTVSPropertyOp40
  70
1
  102
RTVSPropertyOp41
  70
1
  102
RTVSPropertyOp42
  70
1
  102
RTVSPropertyOp43
  70
1
  102
RTVSPropertyOp44
  70
1
  102
RTVSPropertyOp45
  70
1
  102
RTVSPropertyOp46
  70
1
  102
RTVSPropertyOp47
  70
1
  102
RTVSPropertyOp48
  70
1
  102
RTVSPropertyOp49
  70
1
  102
RTVSPropertyOp50
  70
1
  102
RTVSPropertyOp51
  70
0
  102
RTVSPropertyOp52
  70
0
  102
RTVSPropertyOp53
  70
1
  102
RTVSPropertyOp54
  70
1
  102
RTVSPropertyOp55
  70
1
  102
RTVSPropertyOp56
  70
1
  102
RTVSPropertyOp57
  70
1
  102
RTVSPropertyOp58
  70
1
  102
RTVSPropertyOp59
  70
1
  102
RTVSPropertyOp60
  70
1
  102
RTVSPropertyOp61
  70
1
  102
RTVSPropertyOp62
  70
1
  0
XRECORD
  5
339
  102
{ACAD_REACTORS
  330
338
  102
}
  330
338
  100
AcDbXrecord
  280
1
  102
RTVSPost2010Prop28
  280
0
  102
RTVSPost2010PropOp28
  70
1
  102
RTVSPost2010Prop29
  280
1
  102
RTVSPost2010PropOp29
  70
1
  102
RTVSPost2010Prop30
  280
1
  102
RTVSPost2010PropOp30
  70
1
  102
RTVSPost2010Prop31
  280
0
  102
RTVSPost2010PropOp31
  70
1
  102
RTVSPost2010Prop32
  280
0
  102
RTVSPost2010PropOp32
  70
1
  102
RTVSPost2010Prop33
  280
0
  102
RTVSPost2010PropOp33
  70
1
  102
RTVSPost2010Prop34
  280
0
  102
RTVSPost2010PropOp34
  70
1
  102
RTVSPost2010Prop35
  280
0
  102
RTVSPost2010PropOp35
  70
1
  102
RTVSPost2010Prop36
  280
0
  102
RTVSPost2010PropOp36
  70
1
  102
RTVSPost2010Prop37
  90
50
  102
RTVSPost2010PropOp37
  70
1
  102
RTVSPost2010Prop38
  140
0
  102
RTVSPost2010PropOp38
  70
1
  102
RTVSPost2010Prop39
  140
1
  102
RTVSPost2010PropOp39
  70
1
  102
RTVSPost2010Prop40
  90
0
  102
RTVSPost2010PropOp40
  70
1
  102
RTVSPost2010Prop41ColorIndex
  90
18
  102
RTVSPost2010Prop41ColorRGB
  90
0
  102
RTVSPost2010PropOp41
  70
1
  102
RTVSPost2010Prop42
  90
50
  102
RTVSPost2010PropOp42
  70
1
  102
RTVSPost2010Prop43
  90
3
  102
RTVSPost2010PropOp43
  70
1
  102
RTVSPost2010Prop44ColorIndex
  90
5
  102
RTVSPost2010Prop44ColorRGB
  90
255
  102
RTVSPost2010PropOp44
  70
1
  102
RTVSPost2010Prop45
  280
0
  102
RTVSPost2010PropOp45
  70
1
  102
RTVSPost2010Prop46
  90
50
  102
RTVSPost2010PropOp46
  70
1
  102
RTVSPost2010Prop47
  90
50
  102
RTVSPost2010PropOp47
  70
1
  102
RTVSPost2010Prop48
  90
50
  102
RTVSPost2010PropOp48
  70
1
  102
RTVSPost2010Prop49
  280
0
  102
RTVSPost2010PropOp49
  70
1
  102
RTVSPost2010Prop50
  90
50
  102
RTVSPost2010PropOp50
  70
1
  102
RTVSPost2010Prop51ColorIndex
  90
256
  102
RTVSPost2010Prop51ColorRGB
  90
-16777216
  102
RTVSPost2010PropOp51
  70
0
  102
RTVSPost2010Prop52
  140
1
  102
RTVSPost2010PropOp52
  70
0
  102
RTVSPost2010Prop53
  90
2
  102
RTVSPost2010PropOp53
  70
1
  102
RTVSPost2010Prop54
  1
strokes_ogs.tif
  102
RTVSPost2010PropOp54
  70
1
  102
RTVSPost2010Prop55
  280
0
  102
RTVSPost2010PropOp55
  70
1
  102
RTVSPost2010Prop56
  140
1
  102
RTVSPost2010PropOp56
  70
1
  102
RTVSPost2010Prop57
  140
1
  102
RTVSPost2010PropOp57
  70
1
  102
RTVSPropertyOp0
  70
1
  102
RTVSPropertyOp1
  70
1
  102
RTVSPropertyOp2
  70
1
  102
RTVSPropertyOp3
  70
1
  102
RTVSPropertyOp4
  70
1
  102
RTVSPropertyOp5
  70
1
  102
RTVSPropertyOp6
  70
1
  102
RTVSPropertyOp7
  70
1
  102
RTVSPropertyOp8
  70
1
  102
RTVSPropertyOp9
  70
1
  102
RTVSPropertyOp10
  70
1
  102
RTVSPropertyOp11
  70
1
  102
RTVSPropertyOp12
  70
1
  102
RTVSPropertyOp13
  70
1
  102
RTVSPropertyOp14
  70
1
  102
RTVSPropertyOp15
  70
1
  102
RTVSPropertyOp16
  70
1
  102
RTVSPropertyOp17
  70
1
  102
RTVSPropertyOp18
  70
1
  102
RTVSPropertyOp19
  70
1
  102
RTVSPropertyOp20
  70
1
  102
RTVSPropertyOp21
  70
1
  102
RTVSPropertyOp22
  70
1
  102
RTVSPropertyOp23
  70
1
  102
RTVSPropertyOp24
  70
1
  102
RTVSPropertyOp25
  70
1
  102
RTVSPropertyOp26
  70
1
  102
RTVSPropertyOp27
  70
1
  102
RTVSPropertyOp28
  70
1
  102
RTVSPropertyOp29
  70
1
  102
RTVSPropertyOp30
  70
1
  102
RTVSPropertyOp31
  70
1
  102
RTVSPropertyOp32
  70
1
  102
RTVSPropertyOp33
  70
1
  102
RTVSPropertyOp34
  70
1
  102
RTVSPropertyOp35
  70
1
  102
RTVSPropertyOp36
  70
1
  102
RTVSPropertyOp37
  70
1
  102
RTVSPropertyOp38
  70
1
  102
RTVSPropertyOp39
  70
1
  102
RTVSPropertyOp40
  70
1
  102
RTVSPropertyOp41
  70
1
  102
RTVSPropertyOp42
  70
1
  102
RTVSPropertyOp43
  70
1
  102
RTVSPropertyOp44
  70
1
  102
RTVSPropertyOp45
  70
1
  102
RTVSPropertyOp46
  70
1
  102
RTVSPropertyOp47
  70
1
  102
RTVSPropertyOp48
  70
1
  102
RTVSPropertyOp49
  70
1
  102
RTVSPropertyOp50
  70
1
  102
RTVSPropertyOp51
  70
0
  102
RTVSPropertyOp52
  70
0
  102
RTVSPropertyOp53
  70
1
  102
RTVSPropertyOp54
  70
1
  102
RTVSPropertyOp55
  70
1
  102
RTVSPropertyOp56
  70
1
  102
RTVSPropertyOp57
  70
1
  102
RTVSPropertyOp58
  70
1
  102
RTVSPropertyOp59
  70
1
  102
RTVSPropertyOp60
  70
1
  102
RTVSPropertyOp61
  70
1
  102
RTVSPropertyOp62
  70
1
  0
XRECORD
  5
337
  102
{ACAD_REACTORS
  330
336
  102
}
  330
336
  100
AcDbXrecord
  280
1
  102
RTVSPost2010Prop28
  280
0
  102
RTVSPost2010PropOp28
  70
1
  102
RTVSPost2010Prop29
  280
1
  102
RTVSPost2010PropOp29
  70
1
  102
RTVSPost2010Prop30
  280
1
  102
RTVSPost2010PropOp30
  70
1
  102
RTVSPost2010Prop31
  280
0
  102
RTVSPost2010PropOp31
  70
1
  102
RTVSPost2010Prop32
  280
0
  102
RTVSPost2010PropOp32
  70
1
  102
RTVSPost2010Prop33
  280
0
  102
RTVSPost2010PropOp33
  70
1
  102
RTVSPost2010Prop34
  280
0
  102
RTVSPost2010PropOp34
  70
1
  102
RTVSPost2010Prop35
  280
0
  102
RTVSPost2010PropOp35
  70
1
  102
RTVSPost2010Prop36
  280
0
  102
RTVSPost2010PropOp36
  70
1
  102
RTVSPost2010Prop37
  90
50
  102
RTVSPost2010PropOp37
  70
1
  102
RTVSPost2010Prop38
  140
0
  102
RTVSPost2010PropOp38
  70
1
  102
RTVSPost2010Prop39
  140
1
  102
RTVSPost2010PropOp39
  70
1
  102
RTVSPost2010Prop40
  90
0
  102
RTVSPost2010PropOp40
  70
1
  102
RTVSPost2010Prop41ColorIndex
  90
18
  102
RTVSPost2010Prop41ColorRGB
  90
0
  102
RTVSPost2010PropOp41
  70
1
  102
RTVSPost2010Prop42
  90
50
  102
RTVSPost2010PropOp42
  70
1
  102
RTVSPost2010Prop43
  90
3
  102
RTVSPost2010PropOp43
  70
1
  102
RTVSPost2010Prop44ColorIndex
  90
5
  102
RTVSPost2010Prop44ColorRGB
  90
255
  102
RTVSPost2010PropOp44
  70
1
  102
RTVSPost2010Prop45
  280
0
  102
RTVSPost2010PropOp45
  70
1
  102
RTVSPost2010Prop46
  90
50
  102
RTVSPost2010PropOp46
  70
1
  102
RTVSPost2010Prop47
  90
50
  102
RTVSPost2010PropOp47
  70
1
  102
RTVSPost2010Prop48
  90
50
  102
RTVSPost2010PropOp48
  70
1
  102
RTVSPost2010Prop49
  280
0
  102
RTVSPost2010PropOp49
  70
1
  102
RTVSPost2010Prop50
  90
50
  102
RTVSPost2010PropOp50
  70
1
  102
RTVSPost2010Prop51ColorIndex
  90
256
  102
RTVSPost2010Prop51ColorRGB
  90
-16777216
  102
RTVSPost2010PropOp51
  70
0
  102
RTVSPost2010Prop52
  140
1
  102
RTVSPost2010PropOp52
  70
0
  102
RTVSPost2010Prop53
  90
2
  102
RTVSPost2010PropOp53
  70
1
  102
RTVSPost2010Prop54
  1
strokes_ogs.tif
  102
RTVSPost2010PropOp54
  70
1
  102
RTVSPost2010Prop55
  280
0
  102
RTVSPost2010PropOp55
  70
1
  102
RTVSPost2010Prop56
  140
1
  102
RTVSPost2010PropOp56
  70
1
  102
RTVSPost2010Prop57
  140
1
  102
RTVSPost2010PropOp57
  70
1
  102
RTVSPropertyOp0
  70
1
  102
RTVSPropertyOp1
  70
1
  102
RTVSPropertyOp2
  70
1
  102
RTVSPropertyOp3
  70
1
  102
RTVSPropertyOp4
  70
1
  102
RTVSPropertyOp5
  70
1
  102
RTVSPropertyOp6
  70
1
  102
RTVSPropertyOp7
  70
1
  102
RTVSPropertyOp8
  70
1
  102
RTVSPropertyOp9
  70
1
  102
RTVSPropertyOp10
  70
1
  102
RTVSPropertyOp11
  70
1
  102
RTVSPropertyOp12
  70
1
  102
RTVSPropertyOp13
  70
1
  102
RTVSPropertyOp14
  70
1
  102
RTVSPropertyOp15
  70
1
  102
RTVSPropertyOp16
  70
1
  102
RTVSPropertyOp17
  70
1
  102
RTVSPropertyOp18
  70
1
  102
RTVSPropertyOp19
  70
1
  102
RTVSPropertyOp20
  70
1
  102
RTVSPropertyOp21
  70
1
  102
RTVSPropertyOp22
  70
1
  102
RTVSPropertyOp23
  70
1
  102
RTVSPropertyOp24
  70
1
  102
RTVSPropertyOp25
  70
1
  102
RTVSPropertyOp26
  70
1
  102
RTVSPropertyOp27
  70
1
  102
RTVSPropertyOp28
  70
1
  102
RTVSPropertyOp29
  70
1
  102
RTVSPropertyOp30
  70
1
  102
RTVSPropertyOp31
  70
1
  102
RTVSPropertyOp32
  70
1
  102
RTVSPropertyOp33
  70
1
  102
RTVSPropertyOp34
  70
1
  102
RTVSPropertyOp35
  70
1
  102
RTVSPropertyOp36
  70
1
  102
RTVSPropertyOp37
  70
1
  102
RTVSPropertyOp38
  70
1
  102
RTVSPropertyOp39
  70
1
  102
RTVSPropertyOp40
  70
1
  102
RTVSPropertyOp41
  70
1
  102
RTVSPropertyOp42
  70
1
  102
RTVSPropertyOp43
  70
1
  102
RTVSPropertyOp44
  70
1
  102
RTVSPropertyOp45
  70
1
  102
RTVSPropertyOp46
  70
1
  102
RTVSPropertyOp47
  70
1
  102
RTVSPropertyOp48
  70
1
  102
RTVSPropertyOp49
  70
1
  102
RTVSPropertyOp50
  70
1
  102
RTVSPropertyOp51
  70
0
  102
RTVSPropertyOp52
  70
0
  102
RTVSPropertyOp53
  70
1
  102
RTVSPropertyOp54
  70
1
  102
RTVSPropertyOp55
  70
1
  102
RTVSPropertyOp56
  70
1
  102
RTVSPropertyOp57
  70
1
  102
RTVSPropertyOp58
  70
1
  102
RTVSPropertyOp59
  70
1
  102
RTVSPropertyOp60
  70
1
  102
RTVSPropertyOp61
  70
1
  102
RTVSPropertyOp62
  70
1
  0
XRECORD
  5
331
  102
{ACAD_REACTORS
  330
330
  102
}
  330
330
  100
AcDbXrecord
  280
1
  102
RTVSPost2010Prop28
  280
0
  102
RTVSPost2010PropOp28
  70
1
  102
RTVSPost2010Prop29
  280
1
  102
RTVSPost2010PropOp29
  70
1
  102
RTVSPost2010Prop30
  280
1
  102
RTVSPost2010PropOp30
  70
1
  102
RTVSPost2010Prop31
  280
0
  102
RTVSPost2010PropOp31
  70
1
  102
RTVSPost2010Prop32
  280
0
  102
RTVSPost2010PropOp32
  70
1
  102
RTVSPost2010Prop33
  280
0
  102
RTVSPost2010PropOp33
  70
1
  102
RTVSPost2010Prop34
  280
0
  102
RTVSPost2010PropOp34
  70
1
  102
RTVSPost2010Prop35
  280
0
  102
RTVSPost2010PropOp35
  70
1
  102
RTVSPost2010Prop36
  280
0
  102
RTVSPost2010PropOp36
  70
1
  102
RTVSPost2010Prop37
  90
50
  102
RTVSPost2010PropOp37
  70
1
  102
RTVSPost2010Prop38
  140
0
  102
RTVSPost2010PropOp38
  70
1
  102
RTVSPost2010Prop39
  140
1
  102
RTVSPost2010PropOp39
  70
1
  102
RTVSPost2010Prop40
  90
0
  102
RTVSPost2010PropOp40
  70
1
  102
RTVSPost2010Prop41ColorIndex
  90
18
  102
RTVSPost2010Prop41ColorRGB
  90
0
  102
RTVSPost2010PropOp41
  70
1
  102
RTVSPost2010Prop42
  90
50
  102
RTVSPost2010PropOp42
  70
1
  102
RTVSPost2010Prop43
  90
3
  102
RTVSPost2010PropOp43
  70
1
  102
RTVSPost2010Prop44ColorIndex
  90
5
  102
RTVSPost2010Prop44ColorRGB
  90
255
  102
RTVSPost2010PropOp44
  70
1
  102
RTVSPost2010Prop45
  280
0
  102
RTVSPost2010PropOp45
  70
1
  102
RTVSPost2010Prop46
  90
50
  102
RTVSPost2010PropOp46
  70
1
  102
RTVSPost2010Prop47
  90
50
  102
RTVSPost2010PropOp47
  70
1
  102
RTVSPost2010Prop48
  90
50
  102
RTVSPost2010PropOp48
  70
1
  102
RTVSPost2010Prop49
  280
0
  102
RTVSPost2010PropOp49
  70
1
  102
RTVSPost2010Prop50
  90
50
  102
RTVSPost2010PropOp50
  70
1
  102
RTVSPost2010Prop51ColorIndex
  90
256
  102
RTVSPost2010Prop51ColorRGB
  90
-16777216
  102
RTVSPost2010PropOp51
  70
0
  102
RTVSPost2010Prop52
  140
1
  102
RTVSPost2010PropOp52
  70
0
  102
RTVSPost2010Prop53
  90
2
  102
RTVSPost2010PropOp53
  70
1
  102
RTVSPost2010Prop54
  1
strokes_ogs.tif
  102
RTVSPost2010PropOp54
  70
1
  102
RTVSPost2010Prop55
  280
0
  102
RTVSPost2010PropOp55
  70
1
  102
RTVSPost2010Prop56
  140
1
  102
RTVSPost2010PropOp56
  70
1
  102
RTVSPost2010Prop57
  140
1
  102
RTVSPost2010PropOp57
  70
1
  102
RTVSPropertyOp0
  70
1
  102
RTVSPropertyOp1
  70
1
  102
RTVSPropertyOp2
  70
1
  102
RTVSPropertyOp3
  70
1
  102
RTVSPropertyOp4
  70
1
  102
RTVSPropertyOp5
  70
1
  102
RTVSPropertyOp6
  70
1
  102
RTVSPropertyOp7
  70
1
  102
RTVSPropertyOp8
  70
1
  102
RTVSPropertyOp9
  70
1
  102
RTVSPropertyOp10
  70
1
  102
RTVSPropertyOp11
  70
1
  102
RTVSPropertyOp12
  70
1
  102
RTVSPropertyOp13
  70
1
  102
RTVSPropertyOp14
  70
1
  102
RTVSPropertyOp15
  70
1
  102
RTVSPropertyOp16
  70
1
  102
RTVSPropertyOp17
  70
1
  102
RTVSPropertyOp18
  70
1
  102
RTVSPropertyOp19
  70
1
  102
RTVSPropertyOp20
  70
1
  102
RTVSPropertyOp21
  70
1
  102
RTVSPropertyOp22
  70
1
  102
RTVSPropertyOp23
  70
1
  102
RTVSPropertyOp24
  70
1
  102
RTVSPropertyOp25
  70
1
  102
RTVSPropertyOp26
  70
1
  102
RTVSPropertyOp27
  70
1
  102
RTVSPropertyOp28
  70
1
  102
RTVSPropertyOp29
  70
1
  102
RTVSPropertyOp30
  70
1
  102
RTVSPropertyOp31
  70
1
  102
RTVSPropertyOp32
  70
1
  102
RTVSPropertyOp33
  70
1
  102
RTVSPropertyOp34
  70
1
  102
RTVSPropertyOp35
  70
1
  102
RTVSPropertyOp36
  70
1
  102
RTVSPropertyOp37
  70
1
  102
RTVSPropertyOp38
  70
1
  102
RTVSPropertyOp39
  70
1
  102
RTVSPropertyOp40
  70
1
  102
RTVSPropertyOp41
  70
1
  102
RTVSPropertyOp42
  70
1
  102
RTVSPropertyOp43
  70
1
  102
RTVSPropertyOp44
  70
1
  102
RTVSPropertyOp45
  70
1
  102
RTVSPropertyOp46
  70
1
  102
RTVSPropertyOp47
  70
1
  102
RTVSPropertyOp48
  70
1
  102
RTVSPropertyOp49
  70
1
  102
RTVSPropertyOp50
  70
1
  102
RTVSPropertyOp51
  70
0
  102
RTVSPropertyOp52
  70
0
  102
RTVSPropertyOp53
  70
1
  102
RTVSPropertyOp54
  70
1
  102
RTVSPropertyOp55
  70
1
  102
RTVSPropertyOp56
  70
1
  102
RTVSPropertyOp57
  70
1
  102
RTVSPropertyOp58
  70
1
  102
RTVSPropertyOp59
  70
1
  102
RTVSPropertyOp60
  70
1
  102
RTVSPropertyOp61
  70
1
  102
RTVSPropertyOp62
  70
1
  0
XRECORD
  5
333
  102
{ACAD_REACTORS
  330
332
  102
}
  330
332
  100
AcDbXrecord
  280
1
  102
RTVSPost2010Prop28
  280
0
  102
RTVSPost2010PropOp28
  70
1
  102
RTVSPost2010Prop29
  280
1
  102
RTVSPost2010PropOp29
  70
1
  102
RTVSPost2010Prop30
  280
1
  102
RTVSPost2010PropOp30
  70
1
  102
RTVSPost2010Prop31
  280
0
  102
RTVSPost2010PropOp31
  70
1
  102
RTVSPost2010Prop32
  280
0
  102
RTVSPost2010PropOp32
  70
1
  102
RTVSPost2010Prop33
  280
0
  102
RTVSPost2010PropOp33
  70
1
  102
RTVSPost2010Prop34
  280
0
  102
RTVSPost2010PropOp34
  70
1
  102
RTVSPost2010Prop35
  280
0
  102
RTVSPost2010PropOp35
  70
1
  102
RTVSPost2010Prop36
  280
0
  102
RTVSPost2010PropOp36
  70
1
  102
RTVSPost2010Prop37
  90
50
  102
RTVSPost2010PropOp37
  70
1
  102
RTVSPost2010Prop38
  140
0
  102
RTVSPost2010PropOp38
  70
1
  102
RTVSPost2010Prop39
  140
1
  102
RTVSPost2010PropOp39
  70
1
  102
RTVSPost2010Prop40
  90
0
  102
RTVSPost2010PropOp40
  70
1
  102
RTVSPost2010Prop41ColorIndex
  90
18
  102
RTVSPost2010Prop41ColorRGB
  90
0
  102
RTVSPost2010PropOp41
  70
1
  102
RTVSPost2010Prop42
  90
50
  102
RTVSPost2010PropOp42
  70
1
  102
RTVSPost2010Prop43
  90
3
  102
RTVSPost2010PropOp43
  70
1
  102
RTVSPost2010Prop44ColorIndex
  90
5
  102
RTVSPost2010Prop44ColorRGB
  90
255
  102
RTVSPost2010PropOp44
  70
1
  102
RTVSPost2010Prop45
  280
0
  102
RTVSPost2010PropOp45
  70
1
  102
RTVSPost2010Prop46
  90
50
  102
RTVSPost2010PropOp46
  70
1
  102
RTVSPost2010Prop47
  90
50
  102
RTVSPost2010PropOp47
  70
1
  102
RTVSPost2010Prop48
  90
50
  102
RTVSPost2010PropOp48
  70
1
  102
RTVSPost2010Prop49
  280
0
  102
RTVSPost2010PropOp49
  70
1
  102
RTVSPost2010Prop50
  90
50
  102
RTVSPost2010PropOp50
  70
1
  102
RTVSPost2010Prop51ColorIndex
  90
256
  102
RTVSPost2010Prop51ColorRGB
  90
-16777216
  102
RTVSPost2010PropOp51
  70
0
  102
RTVSPost2010Prop52
  140
1
  102
RTVSPost2010PropOp52
  70
0
  102
RTVSPost2010Prop53
  90
2
  102
RTVSPost2010PropOp53
  70
1
  102
RTVSPost2010Prop54
  1
strokes_ogs.tif
  102
RTVSPost2010PropOp54
  70
1
  102
RTVSPost2010Prop55
  280
0
  102
RTVSPost2010PropOp55
  70
1
  102
RTVSPost2010Prop56
  140
1
  102
RTVSPost2010PropOp56
  70
1
  102
RTVSPost2010Prop57
  140
1
  102
RTVSPost2010PropOp57
  70
1
  102
RTVSPropertyOp0
  70
1
  102
RTVSPropertyOp1
  70
1
  102
RTVSPropertyOp2
  70
1
  102
RTVSPropertyOp3
  70
1
  102
RTVSPropertyOp4
  70
1
  102
RTVSPropertyOp5
  70
1
  102
RTVSPropertyOp6
  70
1
  102
RTVSPropertyOp7
  70
1
  102
RTVSPropertyOp8
  70
1
  102
RTVSPropertyOp9
  70
1
  102
RTVSPropertyOp10
  70
1
  102
RTVSPropertyOp11
  70
1
  102
RTVSPropertyOp12
  70
1
  102
RTVSPropertyOp13
  70
1
  102
RTVSPropertyOp14
  70
1
  102
RTVSPropertyOp15
  70
1
  102
RTVSPropertyOp16
  70
1
  102
RTVSPropertyOp17
  70
1
  102
RTVSPropertyOp18
  70
1
  102
RTVSPropertyOp19
  70
1
  102
RTVSPropertyOp20
  70
1
  102
RTVSPropertyOp21
  70
1
  102
RTVSPropertyOp22
  70
1
  102
RTVSPropertyOp23
  70
1
  102
RTVSPropertyOp24
  70
1
  102
RTVSPropertyOp25
  70
1
  102
RTVSPropertyOp26
  70
1
  102
RTVSPropertyOp27
  70
1
  102
RTVSPropertyOp28
  70
1
  102
RTVSPropertyOp29
  70
1
  102
RTVSPropertyOp30
  70
1
  102
RTVSPropertyOp31
  70
1
  102
RTVSPropertyOp32
  70
1
  102
RTVSPropertyOp33
  70
1
  102
RTVSPropertyOp34
  70
1
  102
RTVSPropertyOp35
  70
1
  102
RTVSPropertyOp36
  70
1
  102
RTVSPropertyOp37
  70
1
  102
RTVSPropertyOp38
  70
1
  102
RTVSPropertyOp39
  70
1
  102
RTVSPropertyOp40
  70
1
  102
RTVSPropertyOp41
  70
1
  102
RTVSPropertyOp42
  70
1
  102
RTVSPropertyOp43
  70
1
  102
RTVSPropertyOp44
  70
1
  102
RTVSPropertyOp45
  70
1
  102
RTVSPropertyOp46
  70
1
  102
RTVSPropertyOp47
  70
1
  102
RTVSPropertyOp48
  70
1
  102
RTVSPropertyOp49
  70
1
  102
RTVSPropertyOp50
  70
1
  102
RTVSPropertyOp51
  70
0
  102
RTVSPropertyOp52
  70
0
  102
RTVSPropertyOp53
  70
1
  102
RTVSPropertyOp54
  70
1
  102
RTVSPropertyOp55
  70
1
  102
RTVSPropertyOp56
  70
1
  102
RTVSPropertyOp57
  70
1
  102
RTVSPropertyOp58
  70
1
  102
RTVSPropertyOp59
  70
1
  102
RTVSPropertyOp60
  70
1
  102
RTVSPropertyOp61
  70
1
  102
RTVSPropertyOp62
  70
1
  0
XRECORD
  5
323
  102
{ACAD_REACTORS
  330
322
  102
}
  330
322
  100
AcDbXrecord
  280
1
  102
RTVSPost2010Prop28
  280
0
  102
RTVSPost2010PropOp28
  70
1
  102
RTVSPost2010Prop29
  280
1
  102
RTVSPost2010PropOp29
  70
1
  102
RTVSPost2010Prop30
  280
1
  102
RTVSPost2010PropOp30
  70
1
  102
RTVSPost2010Prop31
  280
0
  102
RTVSPost2010PropOp31
  70
1
  102
RTVSPost2010Prop32
  280
0
  102
RTVSPost2010PropOp32
  70
1
  102
RTVSPost2010Prop33
  280
0
  102
RTVSPost2010PropOp33
  70
1
  102
RTVSPost2010Prop34
  280
0
  102
RTVSPost2010PropOp34
  70
1
  102
RTVSPost2010Prop35
  280
0
  102
RTVSPost2010PropOp35
  70
1
  102
RTVSPost2010Prop36
  280
0
  102
RTVSPost2010PropOp36
  70
1
  102
RTVSPost2010Prop37
  90
50
  102
RTVSPost2010PropOp37
  70
1
  102
RTVSPost2010Prop38
  140
0
  102
RTVSPost2010PropOp38
  70
1
  102
RTVSPost2010Prop39
  140
1
  102
RTVSPost2010PropOp39
  70
1
  102
RTVSPost2010Prop40
  90
0
  102
RTVSPost2010PropOp40
  70
1
  102
RTVSPost2010Prop41ColorIndex
  90
18
  102
RTVSPost2010Prop41ColorRGB
  90
0
  102
RTVSPost2010PropOp41
  70
1
  102
RTVSPost2010Prop42
  90
50
  102
RTVSPost2010PropOp42
  70
1
  102
RTVSPost2010Prop43
  90
3
  102
RTVSPost2010PropOp43
  70
1
  102
RTVSPost2010Prop44ColorIndex
  90
5
  102
RTVSPost2010Prop44ColorRGB
  90
255
  102
RTVSPost2010PropOp44
  70
1
  102
RTVSPost2010Prop45
  280
0
  102
RTVSPost2010PropOp45
  70
1
  102
RTVSPost2010Prop46
  90
50
  102
RTVSPost2010PropOp46
  70
1
  102
RTVSPost2010Prop47
  90
50
  102
RTVSPost2010PropOp47
  70
1
  102
RTVSPost2010Prop48
  90
50
  102
RTVSPost2010PropOp48
  70
1
  102
RTVSPost2010Prop49
  280
0
  102
RTVSPost2010PropOp49
  70
1
  102
RTVSPost2010Prop50
  90
50
  102
RTVSPost2010PropOp50
  70
1
  102
RTVSPost2010Prop51ColorIndex
  90
256
  102
RTVSPost2010Prop51ColorRGB
  90
-16777216
  102
RTVSPost2010PropOp51
  70
0
  102
RTVSPost2010Prop52
  140
1
  102
RTVSPost2010PropOp52
  70
0
  102
RTVSPost2010Prop53
  90
2
  102
RTVSPost2010PropOp53
  70
1
  102
RTVSPost2010Prop54
  1
strokes_ogs.tif
  102
RTVSPost2010PropOp54
  70
1
  102
RTVSPost2010Prop55
  280
0
  102
RTVSPost2010PropOp55
  70
1
  102
RTVSPost2010Prop56
  140
1
  102
RTVSPost2010PropOp56
  70
1
  102
RTVSPost2010Prop57
  140
1
  102
RTVSPost2010PropOp57
  70
1
  102
RTVSPropertyOp0
  70
1
  102
RTVSPropertyOp1
  70
1
  102
RTVSPropertyOp2
  70
1
  102
RTVSPropertyOp3
  70
1
  102
RTVSPropertyOp4
  70
1
  102
RTVSPropertyOp5
  70
1
  102
RTVSPropertyOp6
  70
1
  102
RTVSPropertyOp7
  70
1
  102
RTVSPropertyOp8
  70
1
  102
RTVSPropertyOp9
  70
1
  102
RTVSPropertyOp10
  70
1
  102
RTVSPropertyOp11
  70
1
  102
RTVSPropertyOp12
  70
1
  102
RTVSPropertyOp13
  70
1
  102
RTVSPropertyOp14
  70
1
  102
RTVSPropertyOp15
  70
1
  102
RTVSPropertyOp16
  70
1
  102
RTVSPropertyOp17
  70
1
  102
RTVSPropertyOp18
  70
1
  102
RTVSPropertyOp19
  70
1
  102
RTVSPropertyOp20
  70
1
  102
RTVSPropertyOp21
  70
1
  102
RTVSPropertyOp22
  70
1
  102
RTVSPropertyOp23
  70
1
  102
RTVSPropertyOp24
  70
1
  102
RTVSPropertyOp25
  70
1
  102
RTVSPropertyOp26
  70
1
  102
RTVSPropertyOp27
  70
1
  102
RTVSPropertyOp28
  70
1
  102
RTVSPropertyOp29
  70
1
  102
RTVSPropertyOp30
  70
1
  102
RTVSPropertyOp31
  70
1
  102
RTVSPropertyOp32
  70
1
  102
RTVSPropertyOp33
  70
1
  102
RTVSPropertyOp34
  70
1
  102
RTVSPropertyOp35
  70
1
  102
RTVSPropertyOp36
  70
1
  102
RTVSPropertyOp37
  70
1
  102
RTVSPropertyOp38
  70
1
  102
RTVSPropertyOp39
  70
1
  102
RTVSPropertyOp40
  70
1
  102
RTVSPropertyOp41
  70
1
  102
RTVSPropertyOp42
  70
1
  102
RTVSPropertyOp43
  70
1
  102
RTVSPropertyOp44
  70
1
  102
RTVSPropertyOp45
  70
1
  102
RTVSPropertyOp46
  70
1
  102
RTVSPropertyOp47
  70
1
  102
RTVSPropertyOp48
  70
1
  102
RTVSPropertyOp49
  70
1
  102
RTVSPropertyOp50
  70
1
  102
RTVSPropertyOp51
  70
0
  102
RTVSPropertyOp52
  70
0
  102
RTVSPropertyOp53
  70
1
  102
RTVSPropertyOp54
  70
1
  102
RTVSPropertyOp55
  70
1
  102
RTVSPropertyOp56
  70
1
  102
RTVSPropertyOp57
  70
1
  102
RTVSPropertyOp58
  70
1
  102
RTVSPropertyOp59
  70
1
  102
RTVSPropertyOp60
  70
1
  102
RTVSPropertyOp61
  70
1
  102
RTVSPropertyOp62
  70
1
  0
XRECORD
  5
317
  102
{ACAD_REACTORS
  330
316
  102
}
  330
316
  100
AcDbXrecord
  280
1
  102
RTVSPost2010Prop28
  280
0
  102
RTVSPost2010PropOp28
  70
1
  102
RTVSPost2010Prop29
  280
1
  102
RTVSPost2010PropOp29
  70
1
  102
RTVSPost2010Prop30
  280
1
  102
RTVSPost2010PropOp30
  70
1
  102
RTVSPost2010Prop31
  280
0
  102
RTVSPost2010PropOp31
  70
1
  102
RTVSPost2010Prop32
  280
0
  102
RTVSPost2010PropOp32
  70
1
  102
RTVSPost2010Prop33
  280
0
  102
RTVSPost2010PropOp33
  70
1
  102
RTVSPost2010Prop34
  280
0
  102
RTVSPost2010PropOp34
  70
1
  102
RTVSPost2010Prop35
  280
0
  102
RTVSPost2010PropOp35
  70
1
  102
RTVSPost2010Prop36
  280
0
  102
RTVSPost2010PropOp36
  70
1
  102
RTVSPost2010Prop37
  90
50
  102
RTVSPost2010PropOp37
  70
1
  102
RTVSPost2010Prop38
  140
0
  102
RTVSPost2010PropOp38
  70
1
  102
RTVSPost2010Prop39
  140
1
  102
RTVSPost2010PropOp39
  70
1
  102
RTVSPost2010Prop40
  90
0
  102
RTVSPost2010PropOp40
  70
1
  102
RTVSPost2010Prop41ColorIndex
  90
18
  102
RTVSPost2010Prop41ColorRGB
  90
0
  102
RTVSPost2010PropOp41
  70
1
  102
RTVSPost2010Prop42
  90
50
  102
RTVSPost2010PropOp42
  70
1
  102
RTVSPost2010Prop43
  90
3
  102
RTVSPost2010PropOp43
  70
1
  102
RTVSPost2010Prop44ColorIndex
  90
5
  102
RTVSPost2010Prop44ColorRGB
  90
255
  102
RTVSPost2010PropOp44
  70
1
  102
RTVSPost2010Prop45
  280
0
  102
RTVSPost2010PropOp45
  70
1
  102
RTVSPost2010Prop46
  90
50
  102
RTVSPost2010PropOp46
  70
1
  102
RTVSPost2010Prop47
  90
50
  102
RTVSPost2010PropOp47
  70
1
  102
RTVSPost2010Prop48
  90
50
  102
RTVSPost2010PropOp48
  70
1
  102
RTVSPost2010Prop49
  280
0
  102
RTVSPost2010PropOp49
  70
1
  102
RTVSPost2010Prop50
  90
50
  102
RTVSPost2010PropOp50
  70
1
  102
RTVSPost2010Prop51ColorIndex
  90
256
  102
RTVSPost2010Prop51ColorRGB
  90
-16777216
  102
RTVSPost2010PropOp51
  70
0
  102
RTVSPost2010Prop52
  140
1
  102
RTVSPost2010PropOp52
  70
0
  102
RTVSPost2010Prop53
  90
2
  102
RTVSPost2010PropOp53
  70
1
  102
RTVSPost2010Prop54
  1
strokes_ogs.tif
  102
RTVSPost2010PropOp54
  70
1
  102
RTVSPost2010Prop55
  280
0
  102
RTVSPost2010PropOp55
  70
1
  102
RTVSPost2010Prop56
  140
1
  102
RTVSPost2010PropOp56
  70
1
  102
RTVSPost2010Prop57
  140
1
  102
RTVSPost2010PropOp57
  70
1
  102
RTVSPropertyOp0
  70
1
  102
RTVSPropertyOp1
  70
1
  102
RTVSPropertyOp2
  70
1
  102
RTVSPropertyOp3
  70
1
  102
RTVSPropertyOp4
  70
1
  102
RTVSPropertyOp5
  70
1
  102
RTVSPropertyOp6
  70
1
  102
RTVSPropertyOp7
  70
1
  102
RTVSPropertyOp8
  70
1
  102
RTVSPropertyOp9
  70
1
  102
RTVSPropertyOp10
  70
1
  102
RTVSPropertyOp11
  70
1
  102
RTVSPropertyOp12
  70
1
  102
RTVSPropertyOp13
  70
1
  102
RTVSPropertyOp14
  70
1
  102
RTVSPropertyOp15
  70
1
  102
RTVSPropertyOp16
  70
1
  102
RTVSPropertyOp17
  70
1
  102
RTVSPropertyOp18
  70
1
  102
RTVSPropertyOp19
  70
1
  102
RTVSPropertyOp20
  70
1
  102
RTVSPropertyOp21
  70
1
  102
RTVSPropertyOp22
  70
1
  102
RTVSPropertyOp23
  70
1
  102
RTVSPropertyOp24
  70
1
  102
RTVSPropertyOp25
  70
1
  102
RTVSPropertyOp26
  70
1
  102
RTVSPropertyOp27
  70
1
  102
RTVSPropertyOp28
  70
1
  102
RTVSPropertyOp29
  70
1
  102
RTVSPropertyOp30
  70
1
  102
RTVSPropertyOp31
  70
1
  102
RTVSPropertyOp32
  70
1
  102
RTVSPropertyOp33
  70
1
  102
RTVSPropertyOp34
  70
1
  102
RTVSPropertyOp35
  70
1
  102
RTVSPropertyOp36
  70
1
  102
RTVSPropertyOp37
  70
1
  102
RTVSPropertyOp38
  70
1
  102
RTVSPropertyOp39
  70
1
  102
RTVSPropertyOp40
  70
1
  102
RTVSPropertyOp41
  70
1
  102
RTVSPropertyOp42
  70
1
  102
RTVSPropertyOp43
  70
1
  102
RTVSPropertyOp44
  70
1
  102
RTVSPropertyOp45
  70
1
  102
RTVSPropertyOp46
  70
1
  102
RTVSPropertyOp47
  70
1
  102
RTVSPropertyOp48
  70
1
  102
RTVSPropertyOp49
  70
1
  102
RTVSPropertyOp50
  70
1
  102
RTVSPropertyOp51
  70
0
  102
RTVSPropertyOp52
  70
0
  102
RTVSPropertyOp53
  70
1
  102
RTVSPropertyOp54
  70
1
  102
RTVSPropertyOp55
  70
1
  102
RTVSPropertyOp56
  70
1
  102
RTVSPropertyOp57
  70
1
  102
RTVSPropertyOp58
  70
1
  102
RTVSPropertyOp59
  70
1
  102
RTVSPropertyOp60
  70
1
  102
RTVSPropertyOp61
  70
1
  102
RTVSPropertyOp62
  70
1
  0
XRECORD
  5
335
  102
{ACAD_REACTORS
  330
334
  102
}
  330
334
  100
AcDbXrecord
  280
1
  102
RTVSPost2010Prop28
  280
0
  102
RTVSPost2010PropOp28
  70
1
  102
RTVSPost2010Prop29
  280
1
  102
RTVSPost2010PropOp29
  70
1
  102
RTVSPost2010Prop30
  280
1
  102
RTVSPost2010PropOp30
  70
1
  102
RTVSPost2010Prop31
  280
0
  102
RTVSPost2010PropOp31
  70
1
  102
RTVSPost2010Prop32
  280
0
  102
RTVSPost2010PropOp32
  70
1
  102
RTVSPost2010Prop33
  280
0
  102
RTVSPost2010PropOp33
  70
1
  102
RTVSPost2010Prop34
  280
0
  102
RTVSPost2010PropOp34
  70
1
  102
RTVSPost2010Prop35
  280
0
  102
RTVSPost2010PropOp35
  70
1
  102
RTVSPost2010Prop36
  280
0
  102
RTVSPost2010PropOp36
  70
1
  102
RTVSPost2010Prop37
  90
50
  102
RTVSPost2010PropOp37
  70
1
  102
RTVSPost2010Prop38
  140
0
  102
RTVSPost2010PropOp38
  70
1
  102
RTVSPost2010Prop39
  140
1
  102
RTVSPost2010PropOp39
  70
1
  102
RTVSPost2010Prop40
  90
0
  102
RTVSPost2010PropOp40
  70
1
  102
RTVSPost2010Prop41ColorIndex
  90
18
  102
RTVSPost2010Prop41ColorRGB
  90
0
  102
RTVSPost2010PropOp41
  70
1
  102
RTVSPost2010Prop42
  90
50
  102
RTVSPost2010PropOp42
  70
1
  102
RTVSPost2010Prop43
  90
3
  102
RTVSPost2010PropOp43
  70
1
  102
RTVSPost2010Prop44ColorIndex
  90
5
  102
RTVSPost2010Prop44ColorRGB
  90
255
  102
RTVSPost2010PropOp44
  70
1
  102
RTVSPost2010Prop45
  280
0
  102
RTVSPost2010PropOp45
  70
1
  102
RTVSPost2010Prop46
  90
50
  102
RTVSPost2010PropOp46
  70
1
  102
RTVSPost2010Prop47
  90
50
  102
RTVSPost2010PropOp47
  70
1
  102
RTVSPost2010Prop48
  90
50
  102
RTVSPost2010PropOp48
  70
1
  102
RTVSPost2010Prop49
  280
0
  102
RTVSPost2010PropOp49
  70
1
  102
RTVSPost2010Prop50
  90
50
  102
RTVSPost2010PropOp50
  70
1
  102
RTVSPost2010Prop51ColorIndex
  90
256
  102
RTVSPost2010Prop51ColorRGB
  90
-16777216
  102
RTVSPost2010PropOp51
  70
0
  102
RTVSPost2010Prop52
  140
1
  102
RTVSPost2010PropOp52
  70
0
  102
RTVSPost2010Prop53
  90
2
  102
RTVSPost2010PropOp53
  70
1
  102
RTVSPost2010Prop54
  1
strokes_ogs.tif
  102
RTVSPost2010PropOp54
  70
1
  102
RTVSPost2010Prop55
  280
0
  102
RTVSPost2010PropOp55
  70
1
  102
RTVSPost2010Prop56
  140
1
  102
RTVSPost2010PropOp56
  70
1
  102
RTVSPost2010Prop57
  140
1
  102
RTVSPost2010PropOp57
  70
1
  102
RTVSPropertyOp0
  70
1
  102
RTVSPropertyOp1
  70
1
  102
RTVSPropertyOp2
  70
1
  102
RTVSPropertyOp3
  70
1
  102
RTVSPropertyOp4
  70
1
  102
RTVSPropertyOp5
  70
1
  102
RTVSPropertyOp6
  70
1
  102
RTVSPropertyOp7
  70
1
  102
RTVSPropertyOp8
  70
1
  102
RTVSPropertyOp9
  70
1
  102
RTVSPropertyOp10
  70
1
  102
RTVSPropertyOp11
  70
1
  102
RTVSPropertyOp12
  70
1
  102
RTVSPropertyOp13
  70
1
  102
RTVSPropertyOp14
  70
1
  102
RTVSPropertyOp15
  70
1
  102
RTVSPropertyOp16
  70
1
  102
RTVSPropertyOp17
  70
1
  102
RTVSPropertyOp18
  70
1
  102
RTVSPropertyOp19
  70
1
  102
RTVSPropertyOp20
  70
1
  102
RTVSPropertyOp21
  70
1
  102
RTVSPropertyOp22
  70
1
  102
RTVSPropertyOp23
  70
1
  102
RTVSPropertyOp24
  70
1
  102
RTVSPropertyOp25
  70
1
  102
RTVSPropertyOp26
  70
1
  102
RTVSPropertyOp27
  70
1
  102
RTVSPropertyOp28
  70
1
  102
RTVSPropertyOp29
  70
1
  102
RTVSPropertyOp30
  70
1
  102
RTVSPropertyOp31
  70
1
  102
RTVSPropertyOp32
  70
1
  102
RTVSPropertyOp33
  70
1
  102
RTVSPropertyOp34
  70
1
  102
RTVSPropertyOp35
  70
1
  102
RTVSPropertyOp36
  70
1
  102
RTVSPropertyOp37
  70
1
  102
RTVSPropertyOp38
  70
1
  102
RTVSPropertyOp39
  70
1
  102
RTVSPropertyOp40
  70
1
  102
RTVSPropertyOp41
  70
1
  102
RTVSPropertyOp42
  70
1
  102
RTVSPropertyOp43
  70
1
  102
RTVSPropertyOp44
  70
1
  102
RTVSPropertyOp45
  70
1
  102
RTVSPropertyOp46
  70
1
  102
RTVSPropertyOp47
  70
1
  102
RTVSPropertyOp48
  70
1
  102
RTVSPropertyOp49
  70
1
  102
RTVSPropertyOp50
  70
1
  102
RTVSPropertyOp51
  70
0
  102
RTVSPropertyOp52
  70
0
  102
RTVSPropertyOp53
  70
1
  102
RTVSPropertyOp54
  70
1
  102
RTVSPropertyOp55
  70
1
  102
RTVSPropertyOp56
  70
1
  102
RTVSPropertyOp57
  70
1
  102
RTVSPropertyOp58
  70
1
  102
RTVSPropertyOp59
  70
1
  102
RTVSPropertyOp60
  70
1
  102
RTVSPropertyOp61
  70
1
  102
RTVSPropertyOp62
  70
1
  0
ENDSEC
  0
EOF